num_factura,estacion_id,fecha_bol,producto,litros,precio,bol
31914,9,2024-01-02,REGULAR,30116,17.207609,87194
31915,9,2024-01-02,DIESEL,30031,18.731706,87193
31916,2,2024-01-02,REGULAR,36108,17.207609,87179
31917,8,2024-01-02,REGULAR,33540,17.181747,87174
31918,11,2024-01-02,DIESEL,19933,18.681706,87171
31919,11,2024-01-02,DIESEL,10113,18.681706,87170
31920,1,2024-01-02,REGULAR,30073,17.207609,87167
31921,1,2024-01-02,DIESEL,30048,18.731706,87166
31922,4,2024-01-02,REGULAR,32210,16.929980,87164
31943,6,2024-01-02,REGULAR,36116,16.929980,87188
31124,12,2024-01-03,REGULAR,31152,17.207609,87251
31126,6,2024-01-03,DIESEL,36058,18.731706,87252
31127,5,2024-01-03,REGULAR,31624,16.887609,87253
31129,7,2024-01-03,DIESEL,30018,18.681706,87254
31138,2,2024-01-03,PREMIUM,10149,17.368076,87262
31139,2,2024-01-03,PREMIUM,19968,17.368076,87263
31140,8,2024-01-03,DIESEL,32032,18.705844,87266
31141,10,2024-01-03,DIESEL,33554,18.731706,87270
31144,10,2024-01-03,PREMIUM,30022,17.658336,87279
31145,2,2024-01-03,DIESEL,10103,18.731706,87280
31146,2,2024-01-03,DIESEL,19907,18.731706,87281
31175,10,2024-01-03,DIESEL,33553,18.731706,87271
31164,8,2024-01-04,REGULAR,33738,17.221328,87351
31169,4,2024-01-04,DIESEL,32042,18.726696,87353
31183,1,2024-01-04,REGULAR,30035,17.247190,87360
31184,1,2024-01-04,REGULAR,30004,17.247190,87361
31190,2,2024-01-04,REGULAR,35952,17.247190,87363
31192,10,2024-01-04,REGULAR,32451,17.013030,87371
31193,11,2024-01-04,DIESEL,32490,18.676696,87372
31194,6,2024-01-04,REGULAR,36068,17.013030,87375
31195,9,2024-01-04,REGULAR,30105,17.247190,87380
31215,2,2024-01-05,DIESEL,33549,19.164956,87427
31227,7,2024-01-05,REGULAR,10130,17.476885,87429
31228,7,2024-01-05,PREMIUM,19981,17.606435,87430
31229,10,2024-01-05,DIESEL,32542,19.164956,87431
31230,10,2024-01-05,DIESEL,32552,19.164956,87432
31231,8,2024-01-05,REGULAR,33553,17.501023,87434
31232,10,2024-01-05,REGULAR,30053,17.373880,87437
31233,10,2024-01-05,PREMIUM,30047,18.062328,87438
31238,3,2024-01-05,REGULAR,33526,17.373880,87447
31239,12,2024-01-05,REGULAR,10103,17.526885,87452
31240,12,2024-01-05,REGULAR,19926,17.526885,87453
31252,1,2024-01-06,REGULAR,10181,17.424070,87531
31253,1,2024-01-06,PREMIUM,20068,17.596090,87532
31254,1,2024-01-06,REGULAR,32758,17.424070,87534
31255,6,2024-01-06,REGULAR,36311,17.189559,87537
31256,8,2024-01-06,DIESEL,33543,19.112114,87538
31257,8,2024-01-06,REGULAR,33692,17.398208,87539
31258,9,2024-01-06,REGULAR,30119,17.424070,87540
31262,6,2024-01-06,DIESEL,10113,19.137976,87551
31263,6,2024-01-06,DIESEL,19931,19.137976,87552
31265,10,2024-01-06,REGULAR,32652,17.189559,87557
31310,2,2024-01-08,DIESEL,31983,19.137976,87637
31311,10,2024-01-08,PREMIUM,30029,17.898534,87638
31312,8,2024-01-08,REGULAR,33519,17.398208,87639
31313,11,2024-01-08,REGULAR,32537,17.139559,87642
31314,4,2024-01-08,REGULAR,33504,17.189559,87644
31326,5,2024-01-08,REGULAR,31667,17.104070,87660
31340,5,2024-01-09,DIESEL,33579,18.780346,87715
31342,1,2024-01-09,DIESEL,30045,19.190346,87719
31343,1,2024-01-09,REGULAR,30127,17.245432,87720
31346,12,2024-01-09,REGULAR,32109,17.245432,87724
31349,2,2024-01-09,REGULAR,36206,17.245432,87716
31353,9,2024-01-09,DIESEL,32529,19.190346,87727
31354,9,2024-01-09,REGULAR,32608,17.245432,87728
31357,6,2024-01-09,REGULAR,36068,17.166830,87739
31360,11,2024-01-09,DIESEL,30029,19.140346,87752
31389,7,2024-01-10,DIESEL,10116,18.946086,87827
31390,7,2024-01-10,REGULAR,19965,16.834440,87828
31391,2,2024-01-10,DIESEL,36036,18.996086,87829
31393,8,2024-01-10,DIESEL,32521,18.970224,87831
31394,8,2024-01-10,REGULAR,32566,16.858578,87832
31395,10,2024-01-10,DIESEL,33509,18.996086,87834
31396,10,2024-01-10,DIESEL,33508,18.996086,87835
31400,6,2024-01-10,REGULAR,36058,16.775809,87845
31401,10,2024-01-10,REGULAR,30054,16.775809,87846
31402,10,2024-01-10,PREMIUM,29983,17.635526,87847
31405,3,2024-01-10,PREMIUM,10088,17.635526,87855
31406,3,2024-01-10,REGULAR,19876,16.775809,87856
31433,6,2024-01-11,DIESEL,36065,19.410406,87922
31435,1,2024-01-11,REGULAR,30204,17.281650,87928
31436,1,2024-01-11,REGULAR,30132,17.281650,87929
31437,2,2024-01-11,REGULAR,33649,17.281650,87930
31439,4,2024-01-11,DIESEL,10112,19.410406,87936
31440,4,2024-01-11,DIESEL,19924,19.410406,87937
31441,8,2024-01-11,PREMIUM,32640,17.415056,87939
31445,11,2024-01-11,DIESEL,33527,19.360406,87949
31446,9,2024-01-11,PREMIUM,29976,17.440918,87950
31447,9,2024-01-11,REGULAR,29974,17.281650,87951
31465,7,2024-01-12,DIESEL,10207,19.156706,87984
31466,7,2024-01-12,REGULAR,20251,17.230790,87985
31469,2,2024-01-12,DIESEL,33584,19.206706,87998
31471,10,2024-01-12,REGULAR,30338,17.158800,88000
31472,10,2024-01-12,REGULAR,30334,17.158800,88001
31480,12,2024-01-12,REGULAR,10138,17.280790,88004
31481,12,2024-01-12,DIESEL,19921,19.206706,88005
31482,5,2024-01-12,REGULAR,33596,16.960790,88006
31488,8,2024-01-12,REGULAR,33489,17.254928,88014
31497,10,2024-01-12,DIESEL,32445,19.206706,88027
31498,10,2024-01-12,DIESEL,32447,19.206706,88028
31513,6,2024-01-13,REGULAR,36339,17.415359,88098
31514,1,2024-01-13,REGULAR,33658,17.566390,88099
31515,12,2024-01-13,PREMIUM,10168,17.785746,88102
31516,12,2024-01-13,REGULAR,19986,17.566390,88103
31517,6,2024-01-13,DIESEL,30036,19.465786,88104
31518,10,2024-01-13,DIESEL,32552,19.465786,88105
31519,9,2024-01-13,REGULAR,32641,17.566390,88106
31526,8,2024-01-13,REGULAR,33542,17.540528,88115
31527,8,2024-01-13,REGULAR,33536,17.540528,88116
31557,2,2024-01-15,REGULAR,36250,17.566390,88188
31560,4,2024-01-15,REGULAR,32170,17.415359,88192
31561,10,2024-01-15,REGULAR,32741,17.415359,88195
31562,10,2024-01-15,PREMIUM,32671,18.234741,88196
31565,8,2024-01-15,DIESEL,33473,19.439924,88198
31566,8,2024-01-15,REGULAR,33509,17.540528,88199
31567,6,2024-01-15,REGULAR,35991,17.415359,88200
31570,9,2024-01-15,DIESEL,29935,19.465786,88204
31571,9,2024-01-15,REGULAR,29982,17.566390,88205
31606,2,2024-01-16,DIESEL,36066,19.371382,88281
31607,12,2024-01-16,REGULAR,32096,17.468330,88282
31608,1,2024-01-16,DIESEL,33563,19.371382,88285
31609,1,2024-01-16,REGULAR,33571,17.468330,88286
31610,8,2024-01-16,REGULAR,32587,17.442468,88287
31611,10,2024-01-16,DIESEL,32564,19.371382,88288
31614,3,2024-01-16,REGULAR,36021,17.366590,88293
31619,11,2024-01-16,PREMIUM,29896,18.167500,88302
31620,11,2024-01-16,DIESEL,29997,19.321382,88303
31621,6,2024-01-16,PREMIUM,33400,18.217500,88304
31638,5,2024-01-17,DIESEL,30064,18.961382,88366
31639,5,2024-01-17,REGULAR,30112,17.148330,88367
31649,10,2024-01-17,REGULAR,32682,17.366590,88373
31650,10,2024-01-17,REGULAR,32679,17.366590,88374
31652,7,2024-01-17,DIESEL,10113,19.321382,88377
31653,7,2024-01-17,DIESEL,19931,19.321382,88378
31654,2,2024-01-17,REGULAR,35984,17.468330,88379
31658,8,2024-01-17,DIESEL,33494,19.345520,88386
31659,8,2024-01-17,REGULAR,33424,17.442468,88387
31662,11,2024-01-17,DIESEL,10098,19.321382,88388
31663,11,2024-01-17,DIESEL,19920,19.321382,88389
31667,6,2024-01-17,REGULAR,35946,17.366590,88398
31686,1,2024-01-18,REGULAR,32154,17.726930,88449
31697,1,2024-01-18,REGULAR,20062,17.726930,88453
31698,10,2024-01-18,DIESEL,30033,19.358892,88456
31699,9,2024-01-18,DIESEL,30043,19.358892,88457
31700,4,2024-01-18,REGULAR,32060,17.560100,88462
31701,11,2024-01-18,REGULAR,33573,17.510100,88464
31702,2,2024-01-18,DIESEL,33509,19.358892,88465
31704,6,2024-01-18,REGULAR,19993,17.560100,88467
31732,6,2024-01-19,DIESEL,36055,19.554911,88528
31733,12,2024-01-19,REGULAR,19973,17.691850,88530
31734,12,2024-01-19,DIESEL,10117,19.554911,88531
31740,10,2024-01-19,DIESEL,32531,19.554911,88539
31741,10,2024-01-19,DIESEL,32534,19.554911,88540
31744,11,2024-01-19,DIESEL,33533,19.504911,88542
31745,8,2024-01-19,REGULAR,33555,17.665988,88543
31759,10,2024-01-19,REGULAR,30066,17.632370,88551
31760,10,2024-01-19,PREMIUM,30032,18.501426,88552
31775,5,2024-01-20,REGULAR,10174,17.626050,88618
31776,5,2024-01-20,REGULAR,20020,17.626050,88619
31777,1,2024-01-20,DIESEL,30045,19.291972,88622
31778,1,2024-01-20,REGULAR,30145,17.946050,88623
31779,2,2024-01-20,REGULAR,36159,17.946050,88624
31780,8,2024-01-20,DIESEL,33551,19.266110,88625
31781,8,2024-01-20,REGULAR,33631,17.920188,88626
31782,10,2024-01-20,DIESEL,32531,19.291972,88627
31783,9,2024-01-20,REGULAR,32612,17.946050,88628
31785,6,2024-01-20,REGULAR,36194,17.812270,88640
31787,3,2024-01-20,REGULAR,30137,17.812270,88642
31806,2,2024-01-22,DIESEL,36082,19.291972,88739
31808,6,2024-01-22,REGULAR,32313,17.812270,88743
31811,10,2024-01-22,DIESEL,32559,19.291972,88745
31812,10,2024-01-22,DIESEL,32576,19.291972,88746
31814,9,2024-01-22,DIESEL,30069,19.291972,88750
31815,9,2024-01-22,REGULAR,30114,17.946050,88751
31816,4,2024-01-22,DIESEL,36080,19.291972,88753
31817,8,2024-01-22,REGULAR,33611,17.920188,88759
31842,2,2024-01-23,REGULAR,36154,17.894890,88824
31843,7,2024-01-23,DIESEL,10126,19.051572,88825
31844,7,2024-01-23,REGULAR,19989,17.844890,88826
31847,10,2024-01-23,REGULAR,32243,17.689870,88832
31850,1,2024-01-23,DIESEL,30038,19.101572,88835
31851,1,2024-01-23,REGULAR,30102,17.894890,88836
31852,8,2024-01-23,DIESEL,33557,19.075710,88842
31853,8,2024-01-23,REGULAR,33592,17.869028,88843
31854,11,2024-01-23,DIESEL,36048,19.051572,88844
31855,12,2024-01-23,REGULAR,10109,17.894890,88845
31856,12,2024-01-23,REGULAR,19898,17.894890,88846
31860,11,2024-01-23,REGULAR,30028,17.639870,88853
31889,5,2024-01-24,REGULAR,33602,17.903700,88908
31890,2,2024-01-24,DIESEL,36040,19.273942,88909
31892,10,2024-01-24,DIESEL,32535,19.273942,88910
31893,10,2024-01-24,DIESEL,32538,19.273942,88911
31894,9,2024-01-24,REGULAR,30021,18.223700,88913
31895,3,2024-01-24,REGULAR,10121,18.126909,88914
31896,3,2024-01-24,DIESEL,19910,19.273942,88915
31901,6,2024-01-24,REGULAR,35968,18.126909,88925
31927,6,2024-01-25,DIESEL,36098,19.413111,88971
31934,5,2024-01-25,DIESEL,30004,19.003111,88988
31935,5,2024-01-25,PREMIUM,30076,18.054606,88989
31936,1,2024-01-25,REGULAR,33585,18.157550,88992
31937,1,2024-01-25,REGULAR,33586,18.157550,88993
31939,10,2024-01-25,REGULAR,32585,18.037009,88997
31940,11,2024-01-25,REGULAR,32551,17.987009,88998
31941,4,2024-01-25,REGULAR,32030,18.037009,89000
31971,2,2024-01-26,DIESEL,36048,19.207942,89045
31972,7,2024-01-26,DIESEL,10109,19.157942,89047
31973,7,2024-01-26,REGULAR,19960,18.059350,89048
31974,12,2024-01-26,REGULAR,30081,18.109350,89049
31975,8,2024-01-26,DIESEL,33506,19.182080,89050
31976,8,2024-01-26,REGULAR,33510,18.083488,89051
31981,10,2024-01-26,DIESEL,32498,19.207942,89054
31982,10,2024-01-26,DIESEL,32516,19.207942,89055
31985,6,2024-01-26,REGULAR,36030,17.911030,89058
31990,12,2024-01-26,PREMIUM,10072,18.269816,89059
31991,12,2024-01-26,DIESEL,19883,19.207942,89060
32009,2,2024-01-27,REGULAR,36035,18.392159,89122
32015,10,2024-01-27,PREMIUM,30122,18.953756,89126
32016,11,2024-01-27,DIESEL,29999,19.531422,89127
32017,3,2024-01-27,PREMIUM,10131,18.953756,89128
32018,3,2024-01-27,REGULAR,19982,18.165180,89129
32019,10,2024-01-27,REGULAR,33652,18.165180,89130
32020,8,2024-01-27,REGULAR,33554,18.366297,89131
32024,6,2024-01-27,REGULAR,36012,18.165180,89141
32025,9,2024-01-27,DIESEL,32523,19.581422,89147
32026,9,2024-01-27,REGULAR,32539,18.392159,89148
32035,11,2024-01-28,DIESEL,36239,19.531422,89151
32036,5,2024-01-28,REGULAR,31960,18.072159,89154
32038,1,2024-01-28,REGULAR,30468,18.392159,89162
32039,10,2024-01-28,DIESEL,30207,19.581422,89163
32040,8,2024-01-28,DIESEL,32800,19.555560,89164
32041,8,2024-01-28,REGULAR,32925,18.366297,89165
32042,9,2024-01-28,PREMIUM,10242,18.552626,89170
32043,9,2024-01-28,PREMIUM,20171,18.552626,89171
32044,10,2024-01-28,DIESEL,30087,19.581422,89178
32045,10,2024-01-28,REGULAR,10151,18.165180,89179
32046,10,2024-01-28,REGULAR,19983,18.165180,89180
32095,8,2024-01-30,REGULAR,33962,18.547688,89283
32096,10,2024-01-30,PREMIUM,33696,19.200259,89284
32099,12,2024-01-30,REGULAR,32364,18.573550,89285
32101,1,2024-01-30,DIESEL,30212,19.730851,89288
32102,1,2024-01-30,REGULAR,30224,18.573550,89289
32106,9,2024-01-30,REGULAR,10143,18.573550,89294
32107,9,2024-01-30,REGULAR,19971,18.573550,89295
32109,2,2024-01-30,REGULAR,36123,18.573550,89298
32111,6,2024-01-30,REGULAR,36153,18.415170,89307
32115,10,2024-01-30,REGULAR,30135,18.415170,89309
32116,10,2024-01-30,REGULAR,30112,18.415170,89310
32141,2,2024-01-31,PREMIUM,30146,18.517116,89370
32145,2,2024-01-31,DIESEL,36040,19.720201,89379
32146,10,2024-01-31,DIESEL,33538,19.720201,89381
32147,10,2024-01-31,DIESEL,33553,19.720201,89382
32148,4,2024-01-31,DIESEL,30036,19.720201,89383
32155,6,2024-01-31,DIESEL,36048,19.720201,89391
32156,3,2024-01-31,REGULAR,19995,18.230190,89406
32157,3,2024-01-31,REGULAR,10141,18.230190,89405
32158,7,2024-01-31,REGULAR,19909,18.347250,89397
32159,7,2024-01-31,DIESEL,10107,19.670201,89396
32160,10,2024-01-31,PREMIUM,31998,19.047266,89395
32178,11,2024-01-31,DIESEL,32021,19.670201,89375
32173,4,2024-02-01,REGULAR,32301,18.274720,89448
32180,2,2024-02-01,REGULAR,36141,18.290072,89451
32181,1,2024-02-01,REGULAR,30128,18.290072,89454
32182,1,2024-02-01,PREMIUM,30061,18.509884,89455
32183,8,2024-02-01,PREMIUM,33585,18.484022,89459
32184,8,2024-02-01,REGULAR,33631,18.264210,89460
32185,12,2024-02-01,REGULAR,32622,18.290072,89464
32190,5,2024-02-01,REGULAR,31611,17.970072,89469
32195,6,2024-02-01,REGULAR,36195,18.274720,89475
32205,9,2024-02-01,REGULAR,30064,18.290072,89480
32206,9,2024-02-01,DIESEL,30017,19.605031,89479
32237,10,2024-02-02,DIESEL,32541,19.663572,89535
32238,10,2024-02-02,DIESEL,32522,19.663572,89534
32239,2,2024-02-02,DIESEL,36059,19.663572,89533
32243,7,2024-02-02,DIESEL,10110,19.663572,89539
32244,7,2024-02-02,REGULAR,19917,18.144150,89540
32247,8,2024-02-02,DIESEL,33535,19.637710,89543
32248,8,2024-02-02,REGULAR,33448,18.118288,89544
32249,10,2024-02-02,REGULAR,30079,17.963259,89545
32250,10,2024-02-02,REGULAR,30065,17.963259,89546
32251,6,2024-02-02,REGULAR,36016,17.963259,89549
32253,8,2024-02-02,DIESEL,10091,19.637710,89555
32254,8,2024-02-02,DIESEL,19884,19.637710,89556
32285,5,2024-02-03,DIESEL,31072,18.477031,89611
32286,6,2024-02-03,REGULAR,36150,17.483559,89612
32291,1,2024-02-03,DIESEL,30042,18.887031,89619
32292,1,2024-02-03,REGULAR,30044,17.667362,89620
32293,10,2024-02-03,PREMIUM,32558,18.476121,89621
32294,9,2024-02-03,REGULAR,32560,17.667362,89622
32295,11,2024-02-03,DIESEL,33541,18.887031,89627
32296,8,2024-02-03,REGULAR,33585,17.641500,89628
32300,10,2024-02-03,DIESEL,29969,18.887031,89638
32301,11,2024-02-03,REGULAR,29935,17.483559,89639
32305,10,2024-02-03,REGULAR,35930,17.483559,89646
32313,3,2024-02-04,REGULAR,36325,17.483559,89659
32314,10,2024-02-04,DIESEL,32789,18.887031,89681
32315,10,2024-02-04,DIESEL,32776,18.887031,89682
32316,10,2024-02-04,REGULAR,30319,17.483559,89683
32317,10,2024-02-04,REGULAR,30321,17.483559,89684
32318,8,2024-02-04,DIESEL,33664,18.861169,89685
32319,8,2024-02-04,REGULAR,33850,17.641500,89686
32320,6,2024-02-04,DIESEL,10134,18.887031,89687
32321,6,2024-02-04,DIESEL,19945,18.887031,89688
32352,5,2024-02-06,REGULAR,33656,17.175290,89823
32353,2,2024-02-06,DIESEL,36054,18.530072,89828
32358,7,2024-02-06,PREMIUM,10147,17.920556,89838
32359,7,2024-02-06,DIESEL,19932,18.530072,89839
32360,2,2024-02-06,REGULAR,31997,17.495290,89840
32364,1,2024-02-06,DIESEL,29990,18.530072,89844
32365,1,2024-02-06,REGULAR,29926,17.495290,89845
32366,6,2024-02-06,REGULAR,36026,17.263670,89846
32368,4,2024-02-06,REGULAR,32031,17.263670,89847
32378,12,2024-02-06,DIESEL,10081,18.530072,89857
32379,12,2024-02-06,REGULAR,19857,17.495290,89858
32383,9,2024-02-06,DIESEL,30030,18.530072,89864
32384,9,2024-02-06,REGULAR,30034,17.495290,89865
32408,8,2024-02-07,DIESEL,33799,18.623834,89905
32409,8,2024-02-07,REGULAR,33905,17.469428,89906
32414,1,2024-02-07,REGULAR,32088,17.495290,89916
32417,10,2024-02-07,DIESEL,32580,18.649696,89917
32418,10,2024-02-07,DIESEL,32534,18.649696,89918
32419,10,2024-02-07,PREMIUM,30322,18.417996,89919
32420,10,2024-02-07,PREMIUM,30282,18.417996,89920
32421,6,2024-02-07,REGULAR,36265,17.263670,89924
32427,11,2024-02-07,DIESEL,31998,18.649696,89939
32455,2,2024-02-08,REGULAR,36045,17.732170,90008
32457,7,2024-02-08,REGULAR,31969,17.682170,90010
32460,1,2024-02-08,REGULAR,29954,17.732170,90011
32461,4,2024-02-08,DIESEL,35925,18.816061,90015
32462,8,2024-02-08,REGULAR,33423,17.706308,90016
32463,8,2024-02-08,REGULAR,33408,17.706308,90017
32467,9,2024-02-08,REGULAR,31841,17.732170,90020
32468,4,2024-02-08,PREMIUM,10052,18.684496,90021
32469,4,2024-02-08,REGULAR,19823,17.540630,90022
32470,6,2024-02-08,DIESEL,29910,18.816061,90023
32502,2,2024-02-09,DIESEL,10112,19.158832,90087
32503,2,2024-02-09,DIESEL,19914,19.158832,90088
32507,12,2024-02-09,REGULAR,36016,17.960259,90095
32515,10,2024-02-09,REGULAR,30167,17.768420,90102
32516,10,2024-02-09,REGULAR,30131,17.768420,90103
32517,10,2024-02-09,DIESEL,32549,19.158832,90106
32518,10,2024-02-09,DIESEL,32546,19.158832,90107
32521,8,2024-02-09,DIESEL,33540,19.132970,90108
32522,8,2024-02-09,REGULAR,33403,17.934397,90109
32526,6,2024-02-09,PREMIUM,10047,18.913346,90113
32527,6,2024-02-09,PREMIUM,19764,18.913346,90114
32529,5,2024-02-09,REGULAR,31361,17.640259,90121
32537,2,2024-02-10,DIESEL,36017,19.678222,90192
32538,2,2024-02-10,REGULAR,10094,18.631659,90196
32539,2,2024-02-10,REGULAR,19893,18.631659,90197
32540,1,2024-02-10,REGULAR,29999,18.631659,90200
32541,9,2024-02-10,REGULAR,29980,18.631659,90201
32542,11,2024-02-10,DIESEL,32479,19.628222,90202
32543,11,2024-02-10,PREMIUM,32467,19.351241,90203
32549,8,2024-02-10,REGULAR,33367,18.605797,90211
32550,10,2024-02-10,DIESEL,33393,19.678222,90212
32551,6,2024-02-10,REGULAR,35836,18.508430,90213
32552,9,2024-02-10,DIESEL,29976,19.678222,90214
32553,3,2024-02-10,PREMIUM,10031,19.401241,90217
32554,3,2024-02-10,REGULAR,19776,18.508430,90218
32595,4,2024-02-12,REGULAR,36062,18.508430,90295
32599,11,2024-02-12,DIESEL,32022,19.628222,90306
32601,10,2024-02-12,REGULAR,30009,18.508430,90308
32602,10,2024-02-12,REGULAR,30017,18.508430,90309
32603,8,2024-02-12,REGULAR,33489,18.605797,90310
32604,10,2024-02-12,DIESEL,32499,19.678222,90311
32605,10,2024-02-12,DIESEL,32510,19.678222,90312
32643,2,2024-02-13,REGULAR,36160,18.626900,90381
32644,5,2024-02-13,REGULAR,33565,18.306900,90385
32645,7,2024-02-13,DIESEL,32524,19.628222,90387
32647,1,2024-02-13,REGULAR,10114,18.626900,90397
32648,1,2024-02-13,REGULAR,19917,18.626900,90398
32649,6,2024-02-13,REGULAR,36110,18.524030,90399
32650,8,2024-02-13,DIESEL,32535,19.652360,90407
32657,12,2024-02-13,PREMIUM,10090,18.928026,90417
32658,12,2024-02-13,REGULAR,19906,18.626900,90418
32659,9,2024-02-13,DIESEL,30020,19.678222,90419
32660,9,2024-02-13,REGULAR,30022,18.626900,90420
32664,4,2024-02-14,DIESEL,32290,19.678222,90457
32675,2,2024-02-14,DIESEL,36040,19.678222,90473
32676,1,2024-02-14,DIESEL,30033,19.678222,90476
32677,1,2024-02-14,REGULAR,30075,18.635680,90477
32682,10,2024-02-14,DIESEL,33537,19.678222,90488
32687,10,2024-02-14,DIESEL,10111,19.678222,90495
32688,10,2024-02-14,DIESEL,19929,19.678222,90496
32689,6,2024-02-14,REGULAR,36129,18.495480,90499
32690,8,2024-02-14,REGULAR,33514,18.609818,90503
32691,3,2024-02-14,REGULAR,32006,18.495480,90504
32696,11,2024-02-14,DIESEL,33551,19.628222,90502
32697,10,2024-02-14,REGULAR,29993,18.495480,90507
32698,10,2024-02-14,PREMIUM,29996,19.701046,90508
32745,5,2024-02-16,DIESEL,31582,19.294337,90635
32748,2,2024-02-16,REGULAR,32205,18.635180,90641
32750,10,2024-02-16,DIESEL,33549,19.704337,90647
32752,2,2024-02-16,DIESEL,33551,19.704337,90650
32753,8,2024-02-16,REGULAR,33587,18.609318,90651
32755,6,2024-02-16,DIESEL,36043,19.704337,90653
32756,9,2024-02-16,PREMIUM,30111,18.834466,90654
32757,9,2024-02-16,REGULAR,30069,18.635180,90655
32758,10,2024-02-16,DIESEL,10110,19.704337,90659
32759,10,2024-02-16,DIESEL,19910,19.704337,90660
32776,11,2024-02-16,DIESEL,32001,19.654337,90666
32777,8,2024-02-16,DIESEL,33499,19.678475,90670
32781,6,2024-02-16,REGULAR,35989,18.505209,90690
32797,2,2024-02-17,DIESEL,36137,19.383615,90747
32800,5,2024-02-17,PREMIUM,31927,18.732528,90760
32802,6,2024-02-17,REGULAR,36471,18.312900,90761
32803,7,2024-02-17,PREMIUM,10222,18.892528,90764
32804,7,2024-02-17,REGULAR,20101,18.453463,90765
32818,8,2024-02-17,REGULAR,33792,18.477601,90770
32821,1,2024-02-17,DIESEL,30125,19.383615,90776
32822,1,2024-02-17,REGULAR,30213,18.503463,90777
32823,9,2024-02-17,DIESEL,33617,19.383615,90778
32824,9,2024-02-17,REGULAR,33724,18.503463,90779
32830,12,2024-02-17,DIESEL,10138,19.383615,90796
32831,12,2024-02-17,REGULAR,20027,18.503463,90797
32833,10,2024-02-17,REGULAR,30240,18.312900,90803
32834,10,2024-02-17,PREMIUM,30254,19.422584,90804
32862,1,2024-02-19,REGULAR,32170,18.503463,90886
32863,11,2024-02-19,DIESEL,33588,19.333615,90896
32864,10,2024-02-19,REGULAR,30219,18.312900,90899
32867,8,2024-02-19,DIESEL,33586,19.357753,90901
32868,8,2024-02-19,REGULAR,33593,18.477601,90902
32870,3,2024-02-19,REGULAR,36201,18.312900,90907
32876,4,2024-02-19,REGULAR,32045,18.312900,90910
32877,12,2024-02-19,DIESEL,10099,19.383615,90911
32878,12,2024-02-19,REGULAR,19895,18.503463,90912
32908,10,2024-02-19,DIESEL,30078,19.383615,90898
32903,9,2024-02-20,REGULAR,32672,18.158635,90977
32914,7,2024-02-20,REGULAR,10191,18.108635,91003
32915,7,2024-02-20,DIESEL,19975,18.782437,91004
32923,5,2024-02-20,REGULAR,30129,17.838635,91014
32924,2,2024-02-20,REGULAR,36144,18.158635,91015
32925,8,2024-02-20,PREMIUM,33613,18.951149,91016
32927,1,2024-02-20,DIESEL,33545,18.832437,91021
32928,1,2024-02-20,REGULAR,33579,18.158635,91022
32937,6,2024-02-20,REGULAR,36101,17.829680,91036
32941,8,2024-02-20,DIESEL,33510,18.806575,91052
32942,8,2024-02-20,REGULAR,33483,18.132773,91053
32961,10,2024-02-21,DIESEL,33625,18.832437,91136
32962,10,2024-02-21,DIESEL,33606,18.832437,91137
32963,6,2024-02-21,REGULAR,33788,17.829680,91138
32964,12,2024-02-21,REGULAR,36149,18.158635,91139
32965,2,2024-02-21,DIESEL,32033,18.832437,91140
32972,10,2024-02-21,REGULAR,30255,17.829680,91146
32973,10,2024-02-21,REGULAR,30164,17.829680,91147
32977,3,2024-02-21,PREMIUM,10127,19.431205,91158
32978,3,2024-02-21,DIESEL,19942,18.832437,91159
32980,10,2024-02-21,PREMIUM,31924,19.431205,91168
33015,6,2024-02-22,DIESEL,36070,18.335429,91265
33017,1,2024-02-22,REGULAR,32069,17.882140,91270
33018,2,2024-02-22,REGULAR,33556,17.882140,91271
33021,4,2024-02-22,REGULAR,10153,17.547809,91277
33022,4,2024-02-22,DIESEL,19933,18.335429,91278
33023,10,2024-02-22,DIESEL,33554,18.335429,91281
33024,8,2024-02-22,REGULAR,33534,17.856278,91282
33025,10,2024-02-22,DIESEL,33509,18.335429,91291
33026,11,2024-02-22,REGULAR,30002,17.497809,91292
33027,11,2024-02-22,DIESEL,30010,18.285429,91293
33035,9,2024-02-22,REGULAR,31867,17.882140,91310
33055,5,2024-02-23,DIESEL,33524,17.775861,91390
33056,5,2024-02-23,REGULAR,33582,17.731100,91391
33057,2,2024-02-23,DIESEL,36012,18.185861,91393
33067,7,2024-02-23,DIESEL,10092,18.135861,91405
33068,7,2024-02-23,REGULAR,19865,18.001100,91406
33071,1,2024-02-23,PREMIUM,32412,18.916926,91417
33077,10,2024-02-23,DIESEL,30061,18.185861,91426
33078,10,2024-02-23,DIESEL,30064,18.185861,91427
33079,10,2024-02-23,PREMIUM,32335,19.496166,91434
33080,6,2024-02-23,REGULAR,10041,17.713950,91439
33081,6,2024-02-23,PREMIUM,19842,19.496166,91440
33090,6,2024-02-24,REGULAR,36249,17.923990,91536
33091,1,2024-02-24,REGULAR,32073,18.241580,91537
33096,2,2024-02-24,PREMIUM,32593,19.274106,91545
33097,9,2024-02-24,DIESEL,30063,19.076025,91549
33098,9,2024-02-24,REGULAR,29976,18.241580,91550
33099,8,2024-02-24,DIESEL,33579,19.050163,91551
33100,8,2024-02-24,REGULAR,33467,18.215718,91552
33102,3,2024-02-24,REGULAR,32041,17.923990,91559
33107,10,2024-02-24,REGULAR,32402,17.923990,91566
33161,2,2024-02-26,DIESEL,35990,19.076025,91706
33162,10,2024-02-26,REGULAR,30035,17.923990,91709
33163,10,2024-02-26,REGULAR,30032,17.923990,91710
33164,8,2024-02-26,REGULAR,33438,18.215718,91711
33165,9,2024-02-26,REGULAR,33392,18.241580,91712
33167,10,2024-02-26,DIESEL,32491,19.076025,91714
33168,10,2024-02-26,DIESEL,32510,19.076025,91715
33173,4,2024-02-26,REGULAR,35824,17.923990,91732
33182,12,2024-02-26,DIESEL,10103,19.076025,91755
33183,12,2024-02-26,REGULAR,19882,18.241580,91756
33195,2,2024-02-27,REGULAR,10218,17.975009,91821
33196,2,2024-02-27,REGULAR,20130,17.975009,91822
33203,7,2024-02-27,PREMIUM,10146,18.956136,91839
33204,7,2024-02-27,DIESEL,19853,18.748135,91840
33210,6,2024-02-27,REGULAR,36189,17.640800,91848
33211,5,2024-02-27,REGULAR,29964,17.655009,91857
33212,1,2024-02-27,DIESEL,33346,18.798135,91862
33213,1,2024-02-27,REGULAR,33434,17.975009,91863
33214,10,2024-02-27,PREMIUM,32359,19.577456,91866
33215,11,2024-02-27,DIESEL,32345,18.748135,91867
33229,8,2024-02-27,DIESEL,33373,18.772273,91895
33230,8,2024-02-27,REGULAR,33313,17.949147,91896
33243,2,2024-02-28,DIESEL,35863,19.041085,91975
33244,6,2024-02-28,REGULAR,33530,17.832659,91976
33245,10,2024-02-28,DIESEL,32383,19.041085,91977
33246,10,2024-02-28,DIESEL,32377,19.041085,91978
33247,1,2024-02-28,REGULAR,10087,18.094770,91979
33248,1,2024-02-28,REGULAR,19837,18.094770,91980
33253,4,2024-02-28,DIESEL,35849,19.041085,91988
33262,10,2024-02-28,PREMIUM,29863,19.894347,91990
33263,10,2024-02-28,REGULAR,29871,17.832659,91991
33264,9,2024-02-28,DIESEL,10052,19.041085,92002
33265,9,2024-02-28,DIESEL,19801,19.041085,92003
33289,7,2024-02-29,REGULAR,10058,18.130509,92081
33290,7,2024-02-29,REGULAR,19838,18.130509,92082
33291,1,2024-02-29,REGULAR,33424,18.180509,92085
33294,2,2024-02-29,REGULAR,35950,18.180509,92091
33300,12,2024-02-29,REGULAR,19872,18.180509,92135
33301,12,2024-02-29,DIESEL,10076,18.876858,92134
33303,8,2024-02-29,REGULAR,33436,18.154647,92121
33304,6,2024-02-29,DIESEL,35897,18.876858,92118
33310,3,2024-02-29,REGULAR,32343,17.855300,92097
33339,11,2024-03-01,DIESEL,33412,18.449018,92207
33341,10,2024-03-01,DIESEL,32398,18.499018,92210
33342,10,2024-03-01,DIESEL,32398,18.499018,92211
33343,9,2024-03-01,DIESEL,29885,18.499018,92212
33348,2,2024-03-01,DIESEL,35878,18.499018,92219
33359,6,2024-03-01,REGULAR,35799,17.676990,92240
33736,9,2024-03-01,REGULAR,30015,17.676990,92213
33737,5,2024-03-01,REGULAR,20108,17.676990,92188
33741,5,2024-03-01,REGULAR,10214,17.676990,92187
33393,6,2024-03-02,REGULAR,35809,17.694550,92321
33395,1,2024-03-02,DIESEL,29979,18.895108,92329
33397,8,2024-03-02,DIESEL,33498,18.869246,92335
33403,10,2024-03-02,REGULAR,30047,17.694550,92362
33404,10,2024-03-02,REGULAR,30080,17.694550,92363
33416,12,2024-03-02,PREMIUM,10218,19.246146,92313
33742,9,2024-03-02,REGULAR,32544,17.694550,92358
33743,8,2024-03-02,REGULAR,33462,17.694550,92336
33744,1,2024-03-02,REGULAR,29773,17.694550,92330
33745,2,2024-03-02,REGULAR,32293,17.694550,92327
33746,12,2024-03-02,REGULAR,20098,17.694550,92314
33430,4,2024-03-04,REGULAR,31985,17.694550,92466
33431,10,2024-03-04,DIESEL,32444,18.895108,92467
33432,10,2024-03-04,DIESEL,32437,18.895108,92468
33433,10,2024-03-04,PREMIUM,33385,19.822471,92471
33434,8,2024-03-04,REGULAR,33326,17.970278,92472
33435,10,2024-03-04,REGULAR,29936,17.694550,92473
33436,10,2024-03-04,REGULAR,29880,17.694550,92474
33437,2,2024-03-04,DIESEL,35951,18.895108,92475
33450,11,2024-03-04,REGULAR,35753,17.644550,92491
33490,2,2024-03-05,REGULAR,35940,18.198250,92581
33492,1,2024-03-05,DIESEL,33483,19.110788,92583
33493,1,2024-03-05,REGULAR,33389,18.198250,92584
33497,6,2024-03-05,REGULAR,32628,17.922570,92588
33498,11,2024-03-05,DIESEL,32494,19.060788,92589
33499,12,2024-03-05,REGULAR,35779,18.198250,92601
33500,7,2024-03-05,DIESEL,29991,19.060788,92604
33501,9,2024-03-05,REGULAR,29796,18.198250,92605
33503,5,2024-03-05,DIESEL,31475,18.700788,92618
33505,8,2024-03-05,DIESEL,33479,19.084926,92619
33506,8,2024-03-05,REGULAR,33301,18.172388,92620
33512,3,2024-03-05,REGULAR,31804,17.922570,92629
33513,9,2024-03-05,PREMIUM,29752,19.383406,92635
33530,9,2024-03-06,REGULAR,31763,18.077580,92698
33537,2,2024-03-06,DIESEL,35921,18.783008,92723
33538,7,2024-03-06,PREMIUM,10080,19.244156,92724
33539,7,2024-03-06,REGULAR,19790,18.027580,92725
33546,10,2024-03-06,DIESEL,29920,18.783008,92737
33547,10,2024-03-06,PREMIUM,29851,19.852726,92738
33548,8,2024-03-06,REGULAR,33299,18.051718,92739
33549,9,2024-03-06,DIESEL,33403,18.783008,92740
33553,10,2024-03-06,DIESEL,32406,18.783008,92743
33554,10,2024-03-06,DIESEL,32425,18.783008,92744
33557,6,2024-03-06,REGULAR,35787,17.841420,92767
33560,6,2024-03-06,DIESEL,10067,18.783008,92778
33561,6,2024-03-06,PREMIUM,19805,19.852726,92779
33579,5,2024-03-07,PREMIUM,29930,18.751486,92851
33580,5,2024-03-07,REGULAR,29923,17.416790,92852
33581,2,2024-03-07,DIESEL,35899,18.562108,92855
33589,11,2024-03-07,DIESEL,32359,18.512108,92861
33590,11,2024-03-07,PREMIUM,32306,19.511721,92862
33591,1,2024-03-07,REGULAR,33301,17.736790,92863
33592,8,2024-03-07,REGULAR,33356,17.710928,92864
33593,6,2024-03-07,DIESEL,35841,18.562108,92872
33596,4,2024-03-07,DIESEL,10055,18.562108,92876
33597,4,2024-03-07,REGULAR,19758,17.510140,92877
33602,8,2024-03-07,DIESEL,33329,18.536246,92889
33641,6,2024-03-08,REGULAR,36108,17.525930,92974
33646,12,2024-03-08,DIESEL,10070,18.790948,92988
33647,12,2024-03-08,REGULAR,19751,17.752750,92989
33648,10,2024-03-08,REGULAR,29830,17.525930,93000
33649,10,2024-03-08,REGULAR,29770,17.525930,93001
33650,10,2024-03-08,DIESEL,32360,18.790948,93002
33651,10,2024-03-08,DIESEL,32344,18.790948,93003
33652,10,2024-03-08,PREMIUM,33243,19.572811,93004
33653,8,2024-03-08,PREMIUM,33181,18.948724,93005
33680,2,2024-03-09,REGULAR,35897,17.681459,93091
33681,1,2024-03-09,DIESEL,32446,19.024878,93092
33682,1,2024-03-09,REGULAR,32396,17.681459,93093
33683,10,2024-03-09,DIESEL,29904,19.024878,93096
33684,11,2024-03-09,DIESEL,29920,18.974878,93097
33687,8,2024-03-09,DIESEL,33382,18.999016,93099
33688,8,2024-03-09,REGULAR,33336,17.655597,93100
33690,7,2024-03-09,REGULAR,10047,17.631459,93108
33691,7,2024-03-09,REGULAR,19794,17.631459,93109
33693,9,2024-03-09,DIESEL,32370,19.024878,93125
33694,9,2024-03-09,REGULAR,32229,17.681459,93126
33722,3,2024-03-09,PREMIUM,10035,19.469105,93135
33723,3,2024-03-09,DIESEL,19830,19.024878,93136
33728,6,2024-03-11,REGULAR,31658,17.460890,93258
33750,4,2024-03-11,REGULAR,31878,17.460890,93286
33751,5,2024-03-11,REGULAR,31241,17.361459,93287
33754,10,2024-03-11,DIESEL,32428,19.024878,93289
33755,10,2024-03-11,DIESEL,32461,19.024878,93290
33756,10,2024-03-11,REGULAR,29860,17.460890,93293
33757,10,2024-03-11,REGULAR,29897,17.460890,93294
33758,11,2024-03-11,DIESEL,35982,18.974878,93297
33759,8,2024-03-11,REGULAR,33273,17.655597,93300
33760,9,2024-03-11,REGULAR,33263,17.681459,93301
33805,2,2024-03-12,DIESEL,36014,18.691708,93415
33806,3,2024-03-12,REGULAR,32555,17.240880,93420
33810,8,2024-03-12,DIESEL,33509,18.665846,93421
33811,8,2024-03-12,REGULAR,33314,17.317047,93422
33813,1,2024-03-12,REGULAR,29852,17.342909,93424
33814,7,2024-03-12,DIESEL,29988,18.641708,93425
33815,12,2024-03-12,PREMIUM,10048,18.776846,93426
33816,12,2024-03-12,REGULAR,19786,17.342909,93427
33820,6,2024-03-12,REGULAR,35787,17.240880,93442
33843,4,2024-03-13,PREMIUM,10159,20.018961,93542
33844,2,2024-03-13,REGULAR,35928,17.817700,93544
33845,4,2024-03-13,REGULAR,19996,17.868390,93543
33853,10,2024-03-13,DIESEL,32481,18.786708,93560
33854,10,2024-03-13,DIESEL,32471,18.786708,93559
33856,10,2024-03-13,REGULAR,29983,17.868390,93557
33857,10,2024-03-13,PREMIUM,29981,20.018961,93556
33858,11,2024-03-13,DIESEL,33469,18.736708,93553
33859,11,2024-03-13,REGULAR,33584,17.818390,93552
33863,6,2024-03-13,DIESEL,35968,18.786708,93563
33898,2,2024-03-14,DIESEL,35874,18.616028,93665
33901,4,2024-03-14,DIESEL,29797,18.616028,93676
33904,6,2024-03-14,REGULAR,35756,17.901680,93678
33905,1,2024-03-14,REGULAR,33234,17.990259,93681
33906,1,2024-03-14,REGULAR,33147,17.990259,93682
33907,9,2024-03-14,DIESEL,32351,18.616028,93683
33910,9,2024-03-14,REGULAR,32165,17.990259,93684
33913,12,2024-03-14,DIESEL,10049,18.616028,93695
33914,12,2024-03-14,REGULAR,19747,17.990259,93696
33916,8,2024-03-14,DIESEL,33357,18.590166,93721
33917,8,2024-03-14,REGULAR,33339,17.964397,93722
33922,5,2024-03-15,DIESEL,31558,18.602182,93746
33934,5,2024-03-15,REGULAR,31515,17.882130,93771
33945,10,2024-03-15,DIESEL,32392,19.012182,93798
33946,10,2024-03-15,DIESEL,32351,19.012182,93799
33947,2,2024-03-15,REGULAR,31831,18.202130,93801
33948,10,2024-03-15,PREMIUM,29866,20.276821,93803
33949,10,2024-03-15,REGULAR,29861,18.091320,93804
33950,8,2024-03-15,REGULAR,33300,18.176268,93805
33951,11,2024-03-15,DIESEL,35799,18.962182,93811
33954,3,2024-03-15,REGULAR,31724,18.091320,93824
33962,1,2024-03-16,DIESEL,32083,19.391636,93867
33963,2,2024-03-16,DIESEL,36030,19.391636,93870
33964,10,2024-03-16,DIESEL,32421,19.391636,93871
33965,10,2024-03-16,REGULAR,32511,18.260300,93872
33969,9,2024-03-16,REGULAR,29897,18.594790,93879
33970,8,2024-03-16,REGULAR,33322,18.568928,93880
33971,6,2024-03-16,REGULAR,35910,18.260300,93881
33972,1,2024-03-16,REGULAR,31752,18.594790,93883
34022,4,2024-03-18,REGULAR,32414,18.260300,93972
34023,6,2024-03-18,DIESEL,35861,19.391636,93974
34025,10,2024-03-18,REGULAR,29884,18.260300,93976
34026,10,2024-03-18,REGULAR,29851,18.260300,93977
34027,10,2024-03-18,DIESEL,33338,19.391636,93978
34028,8,2024-03-18,REGULAR,33347,18.568928,93979
34029,12,2024-03-18,DIESEL,10049,19.391636,93983
34030,12,2024-03-18,REGULAR,19759,18.594790,93984
34052,5,2024-03-19,REGULAR,31829,18.143780,94042
34053,1,2024-03-19,PREMIUM,29949,19.633496,94049
34054,1,2024-03-19,REGULAR,29821,18.463780,94050
34060,2,2024-03-19,DIESEL,35842,19.549073,94052
34062,10,2024-03-19,PREMIUM,32344,20.101131,94055
34063,11,2024-03-19,DIESEL,32347,19.499073,94056
34064,8,2024-03-19,DIESEL,33330,19.523211,94059
34065,8,2024-03-19,REGULAR,33229,18.437918,94060
34067,2,2024-03-19,PREMIUM,29746,19.633496,94071
34072,6,2024-03-19,REGULAR,35743,18.553340,94076
34090,9,2024-03-20,DIESEL,33621,19.549073,94134
34091,9,2024-03-20,REGULAR,33467,18.463780,94135
34092,2,2024-03-20,REGULAR,29973,18.463780,94136
34093,10,2024-03-20,DIESEL,32601,19.549073,94137
34094,10,2024-03-20,DIESEL,32489,19.549073,94138
34095,7,2024-03-20,PREMIUM,10145,19.583496,94148
34096,7,2024-03-20,DIESEL,19868,19.499073,94149
34097,3,2024-03-20,REGULAR,36090,18.553340,94151
34101,10,2024-03-20,REGULAR,30025,18.553340,94154
34104,12,2024-03-20,DIESEL,10068,19.549073,94170
34105,12,2024-03-20,REGULAR,19766,18.463780,94171
34148,7,2024-03-21,REGULAR,29856,18.382259,94273
34149,4,2024-03-21,DIESEL,10063,19.860610,94274
34150,4,2024-03-21,REGULAR,19920,18.672590,94275
34151,1,2024-03-21,REGULAR,32286,18.432259,94281
34152,1,2024-03-21,REGULAR,32253,18.432259,94282
34155,2,2024-03-21,DIESEL,35832,19.860610,94285
34156,8,2024-03-21,DIESEL,33336,19.834748,94286
34157,8,2024-03-21,REGULAR,33257,18.406397,94287
34161,11,2024-03-21,DIESEL,29834,19.810610,94293
34163,6,2024-03-21,REGULAR,35679,18.672590,94302
34166,9,2024-03-21,PREMIUM,32157,19.916836,94311
34167,9,2024-03-21,REGULAR,32171,18.432259,94312
34177,3,2024-03-22,PREMIUM,10162,20.115768,94363
34178,3,2024-03-22,REGULAR,20036,18.560120,94364
34191,10,2024-03-22,DIESEL,32370,19.504499,94404
34192,10,2024-03-22,DIESEL,32359,19.504499,94405
34193,2,2024-03-22,REGULAR,33248,18.500184,94407
34194,6,2024-03-22,REGULAR,35861,18.560120,94408
34196,10,2024-03-22,PREMIUM,29740,20.115768,94411
34197,10,2024-03-22,REGULAR,29779,18.560120,94412
34203,11,2024-03-22,DIESEL,33283,19.454499,94417
34219,5,2024-03-23,DIESEL,31636,18.772490,94489
34221,5,2024-03-23,REGULAR,31603,17.930184,94490
34230,2,2024-03-23,DIESEL,35847,19.182490,94531
34231,1,2024-03-23,DIESEL,33354,19.182490,94534
34232,8,2024-03-23,REGULAR,33277,18.224322,94535
34234,12,2024-03-23,DIESEL,10057,19.182490,94539
34235,12,2024-03-23,REGULAR,19745,18.250184,94540
34236,9,2024-03-23,DIESEL,32350,19.182490,94545
34237,9,2024-03-23,REGULAR,32232,18.250184,94546
34238,6,2024-03-23,DIESEL,35818,19.182490,94548
34239,10,2024-03-23,DIESEL,29836,19.182490,94549
34240,10,2024-03-23,REGULAR,29805,18.532009,94550
34241,8,2024-03-23,DIESEL,33332,19.156628,94551
34290,4,2024-03-25,REGULAR,31881,18.037050,94653
34291,6,2024-03-25,REGULAR,35819,18.037050,94654
34294,10,2024-03-25,PREMIUM,32320,20.058440,94656
34295,10,2024-03-25,REGULAR,32306,18.037050,94657
34298,8,2024-03-25,PREMIUM,29736,19.546147,94660
34299,8,2024-03-25,REGULAR,29728,17.982943,94661
34300,10,2024-03-25,DIESEL,33290,19.182490,94665
34301,9,2024-03-25,REGULAR,33170,18.008805,94666
34332,2,2024-03-26,REGULAR,35764,17.948459,94756
34333,1,2024-03-26,REGULAR,32284,17.948459,94757
34334,7,2024-03-26,DIESEL,19827,19.025420,94759
34335,7,2024-03-26,PREMIUM,10041,19.496146,94760
34336,8,2024-03-26,REGULAR,33253,17.922597,94763
34337,11,2024-03-26,REGULAR,29933,17.965090,94764
34338,11,2024-03-26,PREMIUM,29873,19.976621,94765
34339,11,2024-03-26,DIESEL,35849,19.025420,94770
34341,11,2024-03-26,REGULAR,32273,17.965090,94779
34357,12,2024-03-26,REGULAR,19703,17.948459,94785
34358,12,2024-03-26,PREMIUM,10002,19.546146,94786
34374,4,2024-03-27,DIESEL,31278,19.172690,94806
34377,5,2024-03-27,PREMIUM,31888,19.336146,94811
34407,6,2024-03-27,REGULAR,36004,18.021990,94856
34408,10,2024-03-27,DIESEL,32416,19.172690,94857
34409,10,2024-03-27,PREMIUM,32543,20.030621,94858
34412,2,2024-03-27,DIESEL,33355,19.172690,94866
34413,8,2024-03-27,REGULAR,33214,17.767425,94867
34414,10,2024-03-27,REGULAR,29797,18.021990,94868
34415,10,2024-03-27,REGULAR,29752,18.021990,94869
34425,8,2024-03-27,DIESEL,33377,19.146828,94884
34449,5,2024-03-27,REGULAR,31245,17.473287,94892
34445,3,2024-03-28,REGULAR,31899,17.665870,94929
34458,2,2024-03-28,DIESEL,35940,18.913949,94960
34459,7,2024-03-28,REGULAR,33367,17.484666,94961
34462,9,2024-03-28,DIESEL,32423,18.913949,94970
34463,9,2024-03-28,REGULAR,32342,17.534666,94971
34476,6,2024-03-28,REGULAR,35779,17.665870,94982
34477,11,2024-03-28,DIESEL,33347,18.863949,94983
34478,1,2024-03-28,REGULAR,29752,17.534666,94984
34479,1,2024-03-28,REGULAR,29756,17.534666,94985
34507,12,2024-03-29,DIESEL,10156,18.755349,95063
34512,2,2024-03-29,REGULAR,33486,17.399380,95069
34513,10,2024-03-29,DIESEL,30138,18.755349,95072
34514,10,2024-03-29,DIESEL,30041,18.755349,95073
34515,10,2024-03-29,REGULAR,32806,17.445090,95085
34516,10,2024-03-29,REGULAR,32791,17.445090,95086
34517,8,2024-03-29,REGULAR,33410,17.373518,95093
34525,6,2024-03-29,DIESEL,35900,18.755349,95097
34554,12,2024-03-29,REGULAR,19936,17.399380,95064
34542,2,2024-03-30,REGULAR,35884,17.399380,95169
34543,10,2024-03-30,PREMIUM,30090,19.299121,95172
34544,10,2024-03-30,REGULAR,32607,17.445090,95174
34545,9,2024-03-30,REGULAR,32357,17.399380,95175
34546,1,2024-03-30,DIESEL,33423,18.755349,95177
34547,1,2024-03-30,REGULAR,33359,17.399380,95178
34548,6,2024-03-30,PREMIUM,10111,19.299121,95181
34549,6,2024-03-30,REGULAR,19917,17.445090,95182
34563,5,2024-03-31,REGULAR,31405,17.079380,95231
34584,4,2024-04-01,REGULAR,32009,17.445090,95280
34588,10,2024-04-01,PREMIUM,29896,19.299121,95284
34589,10,2024-04-01,REGULAR,29854,17.445090,95285
34591,8,2024-04-01,REGULAR,33189,17.373518,95288
34592,10,2024-04-01,DIESEL,32333,18.755349,95289
34650,6,2024-04-01,REGULAR,35860,17.445090,95281
34651,10,2024-04-01,DIESEL,32280,18.755349,95290
34639,1,2024-04-02,REGULAR,32260,17.399380,95382
34642,7,2024-04-02,DIESEL,10073,18.705349,95387
34643,7,2024-04-02,DIESEL,19847,18.705349,95388
34644,9,2024-04-02,DIESEL,29912,18.755349,95389
34645,9,2024-04-02,REGULAR,29716,17.399380,95390
34646,8,2024-04-02,DIESEL,33403,18.729487,95391
34647,8,2024-04-02,REGULAR,33208,17.373518,95392
34649,11,2024-04-02,DIESEL,35825,18.705349,95394
34652,1,2024-04-02,DIESEL,32343,18.755349,95393
34653,2,2024-04-02,DIESEL,35875,18.755349,95379
34654,12,2024-04-02,DIESEL,10046,18.755349,95401
34655,12,2024-04-02,REGULAR,19659,17.399380,95402
34666,5,2024-04-03,DIESEL,33618,18.530860,95462
34680,10,2024-04-03,DIESEL,32562,18.940860,95470
34681,10,2024-04-03,PREMIUM,30222,19.549801,95473
34684,10,2024-04-03,REGULAR,30154,17.688340,95474
34685,3,2024-04-03,REGULAR,32158,17.688340,95481
34697,2,2024-04-03,REGULAR,35791,17.709490,95488
34698,10,2024-04-03,DIESEL,32350,18.940860,95492
34701,6,2024-04-03,REGULAR,35730,17.688340,95496
34730,11,2024-04-04,DIESEL,33385,19.217599,95589
34731,2,2024-04-04,DIESEL,35873,19.267599,95590
34732,10,2024-04-04,DIESEL,29890,19.267599,95596
34733,10,2024-04-04,REGULAR,29906,17.764230,95597
34734,7,2024-04-04,PREMIUM,10065,19.207276,95598
34735,7,2024-04-04,REGULAR,19800,17.742102,95599
34737,6,2024-04-04,DIESEL,35846,19.267599,95601
34738,8,2024-04-04,REGULAR,33261,17.766240,95604
34739,9,2024-04-04,REGULAR,33224,17.792102,95605
34746,4,2024-04-04,REGULAR,10023,17.764230,95614
34747,4,2024-04-04,DIESEL,19785,19.267599,95615
34764,5,2024-04-05,REGULAR,31791,17.332280,95658
34777,12,2024-04-05,REGULAR,31878,17.652280,95689
34779,6,2024-04-05,REGULAR,36092,17.726359,95690
34780,2,2024-04-05,DIESEL,33383,19.344430,95692
34781,1,2024-04-05,REGULAR,29859,17.652280,95693
34783,10,2024-04-05,DIESEL,33344,19.344430,95696
34790,8,2024-04-05,REGULAR,33262,17.626418,95706
34807,2,2024-04-06,REGULAR,36226,18.371028,95797
34809,9,2024-04-06,REGULAR,36030,18.371028,95812
34810,9,2024-04-06,DIESEL,33396,19.843410,95820
34813,3,2024-04-06,DIESEL,10074,19.843410,95829
34814,8,2024-04-06,DIESEL,33406,19.817548,95831
34815,8,2024-04-06,REGULAR,33331,18.345166,95832
34818,10,2024-04-06,PREMIUM,29867,19.904301,95836
34819,10,2024-04-06,REGULAR,29904,18.367909,95837
34841,3,2024-04-06,PREMIUM,19876,19.904301,95830
34864,8,2024-04-08,REGULAR,33215,18.345166,95992
34869,6,2024-04-08,REGULAR,35737,18.367909,96000
34870,10,2024-04-08,DIESEL,33366,19.843410,96001
34871,10,2024-04-08,DIESEL,33384,19.843410,96002
34872,10,2024-04-08,REGULAR,29726,18.367909,96006
34873,10,2024-04-08,REGULAR,29739,18.367909,96007
34882,4,2024-04-08,REGULAR,31717,18.367909,96003
34897,7,2024-04-09,DIESEL,10114,19.891170,96071
34898,7,2024-04-09,REGULAR,19867,18.174477,96072
34906,3,2024-04-09,REGULAR,33370,18.210770,96087
34907,11,2024-04-09,DIESEL,29834,19.891170,96088
34908,9,2024-04-09,REGULAR,29774,18.224477,96089
34909,2,2024-04-09,DIESEL,35777,19.941170,96091
34911,1,2024-04-09,DIESEL,33293,19.941170,96095
34912,1,2024-04-09,REGULAR,33217,18.224477,96096
34913,12,2024-04-09,PREMIUM,10005,19.328750,96102
34914,12,2024-04-09,REGULAR,19735,18.224477,96103
34915,6,2024-04-09,REGULAR,35650,18.210770,96110
34920,8,2024-04-09,DIESEL,33295,19.915308,96125
34921,8,2024-04-09,REGULAR,33152,18.198615,96126
34935,5,2024-04-10,REGULAR,31664,17.740684,96186
34954,2,2024-04-10,REGULAR,35780,18.060684,96233
34955,2,2024-04-10,PREMIUM,33236,19.104612,96235
34958,11,2024-04-10,REGULAR,29815,17.897109,96242
34959,9,2024-04-10,PREMIUM,29722,19.104612,96243
34960,6,2024-04-10,DIESEL,35806,19.660690,96250
34962,6,2024-04-10,PREMIUM,33201,19.402361,96255
34963,10,2024-04-10,DIESEL,33309,19.660690,96258
34964,10,2024-04-10,DIESEL,33296,19.660690,96259
34997,7,2024-04-11,REGULAR,10069,18.115297,96372
34998,7,2024-04-11,DIESEL,19830,19.412080,96373
34999,2,2024-04-11,DIESEL,35846,19.462080,96374
35005,1,2024-04-11,REGULAR,29845,18.165297,96378
35006,9,2024-04-11,REGULAR,29775,18.165297,96379
35007,10,2024-04-11,REGULAR,33465,18.040920,96380
35008,8,2024-04-11,REGULAR,33258,18.139435,96381
35009,10,2024-04-11,PREMIUM,32332,19.589831,96387
35010,11,2024-04-11,DIESEL,32321,19.412080,96388
35012,6,2024-04-11,REGULAR,35832,18.040920,96390
35013,4,2024-04-11,REGULAR,10043,18.040920,96396
35014,4,2024-04-11,DIESEL,19792,19.462080,96397
35015,9,2024-04-11,DIESEL,29846,19.462080,96398
35039,10,2024-04-12,PREMIUM,30074,19.786111,96507
35040,10,2024-04-12,REGULAR,30086,18.230790,96508
35047,5,2024-04-12,DIESEL,31361,19.242170,96509
35050,10,2024-04-12,DIESEL,32331,19.652170,96511
35051,10,2024-04-12,DIESEL,32316,19.652170,96512
35052,8,2024-04-12,PREMIUM,33229,19.345991,96513
35055,12,2024-04-12,DIESEL,10040,19.652170,96514
35056,12,2024-04-12,REGULAR,19703,18.380814,96515
35059,8,2024-04-12,DIESEL,35840,19.626308,96526
35067,2,2024-04-13,DIESEL,35844,19.240820,96641
35071,1,2024-04-13,PREMIUM,29732,19.385646,96644
35072,1,2024-04-13,REGULAR,29717,18.277366,96645
35073,9,2024-04-13,DIESEL,32331,19.240820,96646
35074,9,2024-04-13,REGULAR,32185,18.277366,96647
35076,8,2024-04-13,REGULAR,33114,18.251504,96651
35077,8,2024-04-13,REGULAR,33098,18.251504,96652
35078,6,2024-04-13,REGULAR,35644,18.555820,96659
35082,10,2024-04-13,DIESEL,29859,19.240820,96673
35083,10,2024-04-13,DIESEL,29865,19.240820,96674
35108,5,2024-04-13,REGULAR,10085,17.957366,96627
35109,5,2024-04-13,PREMIUM,19817,19.175646,96628
35140,6,2024-04-15,REGULAR,35732,18.555820,96805
35141,1,2024-04-15,DIESEL,29877,19.240820,96817
35142,1,2024-04-15,REGULAR,29649,18.277366,96818
35147,10,2024-04-15,DIESEL,33356,19.240820,96828
35150,8,2024-04-15,REGULAR,33207,18.251504,96829
35151,3,2024-04-15,REGULAR,32175,18.555820,96833
35152,12,2024-04-15,DIESEL,10046,19.240820,96838
35153,12,2024-04-15,REGULAR,19725,18.277366,96839
35161,10,2024-04-15,REGULAR,29730,18.555820,96869
35162,10,2024-04-15,REGULAR,29753,18.555820,96870
35183,5,2024-04-16,REGULAR,31610,17.990647,96914
35192,2,2024-04-16,REGULAR,35745,18.310647,96944
35199,8,2024-04-16,DIESEL,33272,19.286052,96954
35200,10,2024-04-16,REGULAR,33259,18.602018,96955
35201,11,2024-04-16,DIESEL,32264,19.261914,96956
35202,11,2024-04-16,REGULAR,32229,18.552018,96957
35203,1,2024-04-16,REGULAR,31705,18.310647,96958
35204,7,2024-04-16,DIESEL,29798,19.261914,96963
35205,9,2024-04-16,REGULAR,29723,18.310647,96964
35206,6,2024-04-16,DIESEL,35784,19.311914,96975
35219,9,2024-04-16,REGULAR,29644,18.310647,97005
35220,4,2024-04-16,REGULAR,31655,18.602018,97008
35249,2,2024-04-17,DIESEL,35766,19.446655,97097
35250,11,2024-04-17,DIESEL,29814,19.396655,97104
35251,7,2024-04-17,PREMIUM,10015,19.618353,97106
35252,7,2024-04-17,REGULAR,19744,18.389957,97107
35253,10,2024-04-17,PREMIUM,32168,20.077561,97110
35254,10,2024-04-17,DIESEL,33296,19.446655,97116
35255,10,2024-04-17,DIESEL,33303,19.446655,97117
35269,6,2024-04-17,REGULAR,35734,18.810258,97147
35270,12,2024-04-17,PREMIUM,10014,19.668353,97157
35271,12,2024-04-17,REGULAR,19733,18.439957,97158
35292,1,2024-04-18,REGULAR,32296,18.353750,97281
35299,2,2024-04-18,REGULAR,35707,18.353750,97293
35300,8,2024-04-18,REGULAR,33227,18.327888,97292
35301,10,2024-04-18,REGULAR,33285,18.875593,97291
35302,4,2024-04-18,DIESEL,19791,19.618222,97290
35303,4,2024-04-18,REGULAR,10031,18.875593,97289
35304,9,2024-04-18,DIESEL,29839,19.618222,97288
35307,3,2024-04-18,REGULAR,32116,18.875593,97312
35331,3,2024-04-19,DIESEL,19795,19.236382,97444
35332,3,2024-04-19,REGULAR,10072,18.849731,97443
35335,10,2024-04-19,REGULAR,29760,18.849731,97463
35336,10,2024-04-19,PREMIUM,29826,20.027715,97462
35337,10,2024-04-19,DIESEL,32345,19.236382,97459
35338,10,2024-04-19,DIESEL,32334,19.236382,97458
35339,2,2024-04-19,DIESEL,35823,19.236382,97456
35344,8,2024-04-19,REGULAR,33203,18.336509,97466
35345,8,2024-04-19,DIESEL,33335,19.210520,97465
35350,6,2024-04-19,REGULAR,35794,18.849731,97497
35355,10,2024-04-20,REGULAR,32348,18.651869,97688
35356,10,2024-04-20,DIESEL,32314,19.104457,97687
35365,9,2024-04-20,REGULAR,29779,18.000302,97647
35366,9,2024-04-20,REGULAR,29791,18.000302,97646
35367,11,2024-04-20,DIESEL,33346,19.054457,97645
35368,8,2024-04-20,REGULAR,33250,17.974440,97644
35369,1,2024-04-20,REGULAR,32257,18.000302,97642
35370,1,2024-04-20,DIESEL,32346,19.104457,97641
35371,12,2024-04-20,REGULAR,19780,18.000302,97638
35372,12,2024-04-20,DIESEL,10058,19.104457,97637
35373,6,2024-04-20,REGULAR,35859,18.651869,97636
35377,5,2024-04-20,REGULAR,31455,17.680302,97591
35381,7,2024-04-20,REGULAR,19989,17.950302,97578
35382,7,2024-04-20,REGULAR,10151,17.950302,97577
35432,2,2024-04-22,DIESEL,35850,19.104457,97882
35435,8,2024-04-22,REGULAR,32307,17.974440,97880
35443,6,2024-04-22,DIESEL,35899,19.104457,97895
35444,4,2024-04-22,REGULAR,19778,18.651869,97894
35445,4,2024-04-22,PREMIUM,10039,19.888080,97893
35450,10,2024-04-22,REGULAR,29785,18.651869,97888
35451,10,2024-04-22,PREMIUM,29800,19.888080,97887
35452,10,2024-04-22,DIESEL,33363,19.104457,97886
35453,10,2024-04-22,DIESEL,33366,19.104457,97885
35480,12,2024-04-23,REGULAR,32024,17.939957,98004
35482,5,2024-04-23,REGULAR,31520,17.619957,98008
35487,11,2024-04-23,DIESEL,32402,19.156037,98043
35488,11,2024-04-23,REGULAR,32449,18.448700,98042
35489,9,2024-04-23,REGULAR,29894,17.939957,98038
35490,9,2024-04-23,DIESEL,29919,19.206037,98037
35491,1,2024-04-23,REGULAR,33389,17.939957,98036
35492,2,2024-04-23,REGULAR,35884,17.939957,98035
35499,6,2024-04-23,REGULAR,35829,18.498700,98054
35501,8,2024-04-23,DIESEL,33384,19.180175,98058
35542,10,2024-04-24,PREMIUM,32359,19.615865,98235
35543,10,2024-04-24,REGULAR,32301,18.390778,98236
35544,8,2024-04-24,REGULAR,33227,17.730566,98246
35577,2,2024-04-24,DIESEL,10064,19.245187,98272
35578,2,2024-04-24,DIESEL,19795,19.245187,98273
35582,6,2024-04-24,REGULAR,35793,18.390778,98282
35583,7,2024-04-24,REGULAR,10059,17.706428,98303
35584,7,2024-04-24,DIESEL,19796,19.195187,98304
35586,10,2024-04-24,DIESEL,29889,19.245187,98316
35587,11,2024-04-24,PREMIUM,29945,19.565865,98317
35613,2,2024-04-25,DIESEL,35791,19.298030,98427
35617,1,2024-04-25,REGULAR,32246,17.865428,98441
35618,2,2024-04-25,REGULAR,32275,17.865428,98442
35620,11,2024-04-25,DIESEL,33305,19.248030,98454
35625,9,2024-04-25,PREMIUM,29765,19.351112,98472
35626,9,2024-04-25,REGULAR,29753,17.865428,98473
35630,3,2024-04-25,REGULAR,10018,18.468238,98492
35631,3,2024-04-25,PREMIUM,19711,19.730065,98493
35643,4,2024-04-25,REGULAR,35692,18.468238,98457
35657,7,2024-04-26,PREMIUM,10091,19.497690,98575
35658,7,2024-04-26,REGULAR,19823,18.040597,98576
35662,8,2024-04-26,DIESEL,33339,19.312081,98584
35663,8,2024-04-26,REGULAR,33325,18.064735,98585
35667,10,2024-04-26,DIESEL,32341,19.337943,98599
35668,10,2024-04-26,DIESEL,32338,19.337943,98600
35669,6,2024-04-26,REGULAR,35854,18.584638,98601
35674,10,2024-04-26,DIESEL,29844,19.337943,98604
35675,10,2024-04-26,REGULAR,29837,18.584638,98605
35681,12,2024-04-26,DIESEL,10051,19.337943,98635
35682,12,2024-04-26,REGULAR,19774,18.090597,98636
35685,5,2024-04-26,DIESEL,20406,18.927943,98650
35690,5,2024-04-26,DIESEL,20394,18.927943,98673
35708,5,2024-04-27,REGULAR,20436,18.267607,98778
35711,2,2024-04-27,DIESEL,35809,19.565297,98792
35714,1,2024-04-27,DIESEL,32312,19.565297,98798
35715,1,2024-04-27,REGULAR,32282,18.587607,98799
35716,8,2024-04-27,DIESEL,33322,19.539435,98805
35717,10,2024-04-27,REGULAR,33215,19.101007,98806
35718,6,2024-04-27,DIESEL,35781,19.565297,98807
35720,3,2024-04-27,REGULAR,31734,19.101007,98814
35722,9,2024-04-27,DIESEL,29838,19.565297,98827
35723,9,2024-04-27,REGULAR,29776,18.587607,98828
35767,2,2024-04-29,REGULAR,35666,18.587607,99029
35768,8,2024-04-29,REGULAR,33176,18.561745,99033
35770,10,2024-04-29,DIESEL,32275,19.565297,99044
35771,10,2024-04-29,DIESEL,32299,19.565297,99045
35772,10,2024-04-29,REGULAR,33162,19.101007,99046
35773,10,2024-04-29,PREMIUM,33190,20.041186,99047
35774,6,2024-04-29,PREMIUM,10011,20.041186,99050
35775,6,2024-04-29,PREMIUM,19774,20.041186,99051
35787,6,2024-04-29,REGULAR,35783,19.101007,99063
35809,5,2024-04-30,PREMIUM,19983,19.553208,99164
35829,2,2024-04-30,DIESEL,35763,19.648794,99188
35830,1,2024-04-30,DIESEL,33292,19.648794,99193
35831,1,2024-04-30,REGULAR,33280,18.709043,99194
35832,11,2024-04-30,DIESEL,32298,19.598794,99196
35833,11,2024-04-30,REGULAR,32193,19.223421,99197
35836,9,2024-04-30,REGULAR,33182,18.709043,99209
35837,6,2024-04-30,REGULAR,35623,19.273421,99216
35847,12,2024-04-30,REGULAR,31893,18.709043,99289
35851,8,2024-04-30,REGULAR,33167,18.683181,99237
35852,8,2024-04-30,DIESEL,33321,19.622932,99236
35853,5,2024-04-30,REGULAR,20297,18.389043,99231
35854,7,2024-04-30,DIESEL,31831,19.598794,99228
35944,5,2024-05-01,REGULAR,20025,18.406284,99336
35968,10,2024-05-01,DIESEL,33326,19.612980,99402
35970,10,2024-05-01,DIESEL,33329,19.612980,99401
35974,10,2024-05-01,REGULAR,29731,19.247559,99400
35975,10,2024-05-01,PREMIUM,29878,20.165203,99399
35978,2,2024-05-01,REGULAR,31888,18.726284,99349
35979,3,2024-05-01,REGULAR,33195,19.247559,99404
35980,4,2024-05-01,DIESEL,31878,19.612980,99375
35982,6,2024-05-01,DIESEL,35813,19.612980,99390
35911,1,2024-05-02,REGULAR,33222,18.612828,99547
35912,1,2024-05-02,REGULAR,33187,18.612828,99548
35925,12,2024-05-02,DIESEL,10031,19.569876,99574
35926,12,2024-05-02,REGULAR,19672,18.612828,99575
35954,8,2024-05-02,PREMIUM,33141,19.562764,99589
35955,8,2024-05-02,REGULAR,33211,18.586966,99590
35981,4,2024-05-02,REGULAR,33209,19.134103,99545
35983,6,2024-05-02,REGULAR,35713,19.134103,99608
35984,2,2024-05-02,DIESEL,35755,19.569876,99586
35990,9,2024-05-03,DIESEL,29942,19.526773,99701
35991,9,2024-05-03,REGULAR,29876,18.621449,99702
36001,2,2024-05-03,REGULAR,10030,18.621449,99732
36002,2,2024-05-03,REGULAR,19732,18.621449,99733
36003,11,2024-05-03,DIESEL,35744,19.476773,99737
36010,10,2024-05-03,DIESEL,32260,19.526773,99749
36019,8,2024-05-03,DIESEL,33271,19.500911,99761
36020,8,2024-05-03,REGULAR,33121,18.595587,99762
36023,10,2024-05-03,PREMIUM,29567,19.913035,99791
36024,10,2024-05-03,REGULAR,29670,19.211689,99792
36026,5,2024-05-03,DIESEL,20359,19.116773,99796
36029,8,2024-05-04,DIESEL,33222,19.104359,99940
36030,10,2024-05-04,REGULAR,29664,18.616861,99937
36031,2,2024-05-04,DIESEL,35797,19.130221,99924
36034,1,2024-05-04,REGULAR,19786,18.233518,99911
36035,1,2024-05-04,REGULAR,10063,18.233518,99910
36036,9,2024-05-04,REGULAR,31174,18.233518,99902
36040,5,2024-05-04,REGULAR,20494,17.913518,99887
36070,6,2024-05-04,REGULAR,35603,18.616861,99936
36071,3,2024-05-04,REGULAR,9987,18.616861,99938
36105,3,2024-05-04,REGULAR,19671,18.616861,99939
36056,9,2024-05-05,DIESEL,31256,19.130221,99968
36072,8,2024-05-05,REGULAR,33164,18.207656,100028
36073,10,2024-05-05,DIESEL,32240,19.130221,100033
36074,10,2024-05-05,DIESEL,32216,19.130221,100034
36097,1,2024-05-06,DIESEL,32270,19.130221,100156
36098,10,2024-05-06,REGULAR,29804,18.616861,100163
36109,2,2024-05-06,PREMIUM,19647,19.183453,100180
36110,6,2024-05-06,DIESEL,35723,19.130221,100182
36111,11,2024-05-06,DIESEL,33252,19.080221,100185
36114,8,2024-05-06,REGULAR,33107,18.207656,100186
36115,3,2024-05-06,REGULAR,32056,18.616861,100201
36120,4,2024-05-06,REGULAR,9972,18.616861,100215
36121,4,2024-05-06,REGULAR,19668,18.616861,100216
36210,5,2024-05-06,REGULAR,20235,17.913518,100170
37005,2,2024-05-06,PREMIUM,10007,19.490621,100179
36145,2,2024-05-07,REGULAR,10037,17.983518,100320
36146,2,2024-05-07,REGULAR,19742,17.983518,100321
36154,2,2024-05-07,DIESEL,35730,19.091428,100334
36155,1,2024-05-07,REGULAR,29738,17.983518,100335
36156,7,2024-05-07,REGULAR,32202,17.933518,100336
36157,10,2024-05-07,DIESEL,32257,19.091428,100337
36158,8,2024-05-07,DIESEL,33256,19.065566,100338
36159,8,2024-05-07,REGULAR,33158,17.957656,100339
36163,12,2024-05-07,REGULAR,9982,17.983518,100354
36164,12,2024-05-07,DIESEL,19772,19.091428,100355
36165,6,2024-05-07,REGULAR,35505,18.375482,100360
36166,1,2024-05-07,PREMIUM,29595,19.071384,100361
36173,5,2024-05-07,REGULAR,20342,17.663518,100406
36175,9,2024-05-07,REGULAR,29540,17.983518,100391
36176,10,2024-05-07,DIESEL,32205,19.091428,100373
36195,6,2024-05-08,REGULAR,35617,18.409965,100476
36196,10,2024-05-08,REGULAR,29639,18.409965,100485
36197,10,2024-05-08,DIESEL,32191,19.108669,100487
36198,10,2024-05-08,DIESEL,32208,19.108669,100488
36199,10,2024-05-08,PREMIUM,33121,19.378553,100489
36207,12,2024-05-08,REGULAR,19690,18.018001,100512
36208,12,2024-05-08,PREMIUM,9983,19.062764,100513
36226,2,2024-05-09,DIESEL,35677,19.125911,100609
36227,1,2024-05-09,REGULAR,29613,17.862828,100619
36228,8,2024-05-09,REGULAR,33039,17.836966,100625
36229,9,2024-05-09,REGULAR,33099,17.862828,100626
36230,11,2024-05-09,REGULAR,32168,18.161689,100633
36231,11,2024-05-09,DIESEL,32198,19.075911,100634
36232,6,2024-05-09,REGULAR,35516,18.211689,100637
36233,7,2024-05-09,PREMIUM,9977,18.900695,100646
36234,7,2024-05-09,DIESEL,19711,19.075911,100647
36235,9,2024-05-09,DIESEL,29703,19.125911,100651
36240,4,2024-05-09,REGULAR,10030,18.211689,100696
36241,4,2024-05-09,DIESEL,19757,19.125911,100697
36259,6,2024-05-10,DIESEL,10042,19.151773,100757
36260,6,2024-05-10,DIESEL,19758,19.151773,100758
36269,10,2024-05-10,DIESEL,32237,19.151773,100771
36270,10,2024-05-10,DIESEL,32237,19.151773,100772
36271,2,2024-05-10,REGULAR,35627,17.963691,100773
36273,10,2024-05-10,REGULAR,29670,18.220309,100775
36274,10,2024-05-10,REGULAR,29626,18.220309,100776
36275,8,2024-05-10,DIESEL,33206,19.125911,100778
36276,8,2024-05-10,REGULAR,33050,17.937829,100779
36277,5,2024-05-10,PREMIUM,20245,18.611384,100780
36279,11,2024-05-10,DIESEL,35690,19.101773,100792
36305,5,2024-05-11,REGULAR,20324,18.264380,100923
36308,2,2024-05-11,DIESEL,35680,19.246600,100936
36309,3,2024-05-11,DIESEL,32211,19.246600,100938
36311,1,2024-05-11,DIESEL,29726,19.246600,100941
36312,1,2024-05-11,REGULAR,29641,18.584380,100942
36313,9,2024-05-11,REGULAR,33079,18.584380,100943
36314,12,2024-05-11,DIESEL,10009,19.246600,100952
36315,12,2024-05-11,REGULAR,19660,18.584380,100953
36316,6,2024-05-11,REGULAR,35545,18.866861,100955
36326,5,2024-05-11,DIESEL,20309,18.836600,100960
36329,10,2024-05-11,DIESEL,29706,19.246600,100977
36330,10,2024-05-11,PREMIUM,29531,19.214759,100978
36354,2,2024-05-13,REGULAR,35611,18.584380,101138
36355,1,2024-05-13,REGULAR,33091,18.584380,101143
36356,4,2024-05-13,REGULAR,9997,18.866861,101146
36357,4,2024-05-13,REGULAR,19653,18.866861,101147
36358,10,2024-05-13,REGULAR,33105,18.866861,101148
36359,8,2024-05-13,REGULAR,33064,18.558518,101149
36361,6,2024-05-13,REGULAR,35542,18.866861,101156
36366,11,2024-05-13,DIESEL,29747,19.196600,101162
36367,11,2024-05-13,PREMIUM,29666,19.164759,101163
36373,10,2024-05-13,DIESEL,33212,19.246600,101167
36402,2,2024-05-14,DIESEL,35733,19.031083,101316
36403,3,2024-05-14,REGULAR,33330,18.823758,101317
36404,12,2024-05-14,REGULAR,9997,18.386104,101318
36405,12,2024-05-14,REGULAR,19659,18.386104,101319
36406,1,2024-05-14,DIESEL,29782,19.031083,101320
36407,1,2024-05-14,REGULAR,29655,18.386104,101321
36408,8,2024-05-14,DIESEL,33245,19.005221,101326
36409,8,2024-05-14,REGULAR,33091,18.360242,101327
36415,11,2024-05-14,DIESEL,35709,18.981083,101334
36421,9,2024-05-14,DIESEL,29736,19.031083,101351
36422,9,2024-05-14,PREMIUM,29558,18.605867,101352
36425,5,2024-05-14,REGULAR,20241,18.066104,101362
36445,10,2024-05-15,PREMIUM,33211,18.973380,101467
36446,9,2024-05-15,REGULAR,33112,18.377484,101468
36451,5,2024-05-15,DIESEL,20332,18.690049,101476
36454,10,2024-05-15,DIESEL,32237,19.100049,101478
36455,10,2024-05-15,DIESEL,32230,19.100049,101479
36460,10,2024-05-15,REGULAR,29652,18.840999,101483
36461,10,2024-05-15,REGULAR,29631,18.840999,101484
36465,2,2024-05-15,REGULAR,9975,18.377484,101488
36466,2,2024-05-15,REGULAR,19637,18.377484,101489
36494,6,2024-05-15,REGULAR,35526,18.840999,101502
36495,7,2024-05-15,DIESEL,10017,19.050049,101516
36496,7,2024-05-15,REGULAR,19677,18.327484,101517
36498,7,2024-05-16,REGULAR,10155,18.206794,101585
36499,7,2024-05-16,DIESEL,19811,19.101773,101586
36510,4,2024-05-16,PREMIUM,10078,18.947518,101625
36511,4,2024-05-16,DIESEL,19757,19.151773,101626
36512,1,2024-05-16,REGULAR,29724,18.256794,101628
36513,2,2024-05-16,DIESEL,35723,19.151773,101631
36522,10,2024-05-16,PREMIUM,33261,18.947518,101635
36523,8,2024-05-16,REGULAR,33106,18.230932,101636
36524,9,2024-05-16,DIESEL,32250,19.151773,101637
36525,9,2024-05-16,REGULAR,32107,18.256794,101638
36529,6,2024-05-16,DIESEL,35677,19.151773,101643
36530,6,2024-05-16,PREMIUM,29628,18.947518,101649
36586,5,2024-05-17,PREMIUM,20253,18.421729,101784
36588,7,2024-05-17,PREMIUM,19673,18.581729,101783
36589,7,2024-05-17,REGULAR,9995,18.275759,101782
36591,2,2024-05-17,REGULAR,35594,18.325759,101778
36620,10,2024-05-17,REGULAR,29746,18.892723,101787
36621,11,2024-05-17,PREMIUM,29686,18.983725,101788
36622,8,2024-05-17,DIESEL,33211,19.125911,101789
36623,8,2024-05-17,REGULAR,33108,18.299897,101790
36626,11,2024-05-17,DIESEL,35651,19.101773,101799
36627,10,2024-05-17,DIESEL,32191,19.151773,101800
36628,10,2024-05-17,DIESEL,32186,19.151773,101801
36632,9,2024-05-17,DIESEL,30900,19.151773,101835
36634,12,2024-05-17,PREMIUM,9962,18.631729,101844
36635,12,2024-05-17,REGULAR,19616,18.325759,101845
36641,2,2024-05-18,REGULAR,10108,18.670587,101919
36642,2,2024-05-18,PREMIUM,19911,18.916212,101920
36661,6,2024-05-18,REGULAR,35674,19.237551,101981
36664,10,2024-05-18,PREMIUM,33170,19.352690,101991
36665,9,2024-05-18,REGULAR,33117,18.670587,101992
36666,3,2024-05-18,REGULAR,9988,19.237551,101993
36667,3,2024-05-18,PREMIUM,19655,19.352690,101994
36668,8,2024-05-18,PREMIUM,29641,18.890350,102000
36669,8,2024-05-18,REGULAR,29628,18.644725,102001
36670,1,2024-05-18,DIESEL,32195,19.220738,102002
36671,1,2024-05-18,REGULAR,32102,18.670587,102003
36672,5,2024-05-18,REGULAR,20292,18.350587,102014
36678,5,2024-05-18,REGULAR,20318,18.350587,102029
36709,6,2024-05-20,REGULAR,35851,19.237551,102161
36710,4,2024-05-20,REGULAR,10048,19.237551,102165
36711,4,2024-05-20,REGULAR,19748,19.237551,102166
36714,8,2024-05-20,REGULAR,33120,18.644725,102175
36715,10,2024-05-20,DIESEL,32247,19.220738,102176
36716,10,2024-05-20,DIESEL,32255,19.220738,102177
36722,10,2024-05-20,REGULAR,29623,19.237551,102187
36723,10,2024-05-20,REGULAR,29595,19.237551,102188
36754,5,2024-05-21,DIESEL,33272,18.784876,102319
36755,5,2024-05-21,REGULAR,33168,18.376449,102320
36756,11,2024-05-21,REGULAR,32296,19.230654,102326
36757,11,2024-05-21,DIESEL,32257,19.144876,102327
36759,2,2024-05-21,DIESEL,35741,19.194876,102333
36760,1,2024-05-21,REGULAR,9999,18.696449,102335
36761,1,2024-05-21,REGULAR,19683,18.696449,102336
36763,9,2024-05-21,DIESEL,29789,19.194876,102339
36764,9,2024-05-21,REGULAR,29675,18.696449,102340
36768,6,2024-05-21,REGULAR,35535,19.280654,102352
36771,12,2024-05-21,DIESEL,9996,19.194876,102362
36772,12,2024-05-21,REGULAR,19659,18.696449,102363
36792,2,2024-05-22,REGULAR,10135,18.429208,102430
36793,2,2024-05-22,REGULAR,19983,18.429208,102429
36803,7,2024-05-22,DIESEL,10031,18.972462,102460
36804,7,2024-05-22,DIESEL,19763,18.972462,102461
36806,6,2024-05-22,DIESEL,35741,19.022462,102465
36808,10,2024-05-22,DIESEL,32286,19.022462,102471
36809,10,2024-05-22,DIESEL,32282,19.022462,102472
36815,8,2024-05-22,REGULAR,33172,18.403346,102473
36816,10,2024-05-22,PREMIUM,29797,19.111311,102474
36817,10,2024-05-22,REGULAR,29680,18.996172,102475
36857,2,2024-05-23,DIESEL,35713,18.910393,102607
36860,7,2024-05-23,REGULAR,32246,18.293001,102612
36863,8,2024-05-23,DIESEL,29736,18.884531,102617
36864,8,2024-05-23,REGULAR,29718,18.317139,102618
36865,1,2024-05-23,DIESEL,33193,18.910393,102619
36866,1,2024-05-23,REGULAR,33196,18.343001,102620
36874,12,2024-05-23,REGULAR,19707,18.343001,102630
36875,12,2024-05-23,PREMIUM,10013,18.580005,102629
36877,6,2024-05-23,REGULAR,35656,18.892723,102627
36881,3,2024-05-23,REGULAR,32060,18.892723,102657
36882,9,2024-05-23,REGULAR,33036,18.343001,102669
36914,11,2024-05-24,DIESEL,35680,18.748324,102776
36916,10,2024-05-24,REGULAR,29656,18.789275,102782
36917,10,2024-05-24,PREMIUM,29655,18.904415,102781
36918,2,2024-05-24,DIESEL,33169,18.798324,102783
36919,2,2024-05-24,REGULAR,33058,18.282656,102784
36920,10,2024-05-24,DIESEL,32178,18.798324,102786
36921,10,2024-05-24,DIESEL,32188,18.798324,102787
36922,4,2024-05-24,DIESEL,10009,18.798324,102790
36923,4,2024-05-24,REGULAR,19641,18.789275,102791
36957,5,2024-05-25,REGULAR,10083,17.979897,102948
36958,5,2024-05-25,REGULAR,19818,17.979897,102949
36962,6,2024-05-25,REGULAR,35810,18.789275,102965
36965,10,2024-05-25,DIESEL,32225,18.836173,102982
36967,9,2024-05-25,DIESEL,29706,18.836173,102988
36968,9,2024-05-25,REGULAR,29666,18.299897,102989
36970,8,2024-05-25,DIESEL,33203,18.810311,102995
36971,8,2024-05-25,REGULAR,33115,18.274035,102996
37012,5,2024-05-27,PREMIUM,10033,18.257936,103203
37013,5,2024-05-27,REGULAR,19673,17.979897,103204
37014,6,2024-05-27,REGULAR,35580,18.789275,103209
37015,1,2024-05-27,REGULAR,33076,18.299897,103220
37017,10,2024-05-27,DIESEL,32185,18.836173,103221
37018,10,2024-05-27,DIESEL,32173,18.836173,103222
37019,10,2024-05-27,REGULAR,29613,18.789275,103226
37020,10,2024-05-27,REGULAR,29599,18.789275,103227
37043,8,2024-05-27,REGULAR,33009,18.274035,103243
37067,2,2024-05-28,DIESEL,35695,18.887897,103386
37068,7,2024-05-28,DIESEL,10015,18.837897,103387
37069,7,2024-05-28,DIESEL,19732,18.837897,103388
37077,9,2024-05-28,PREMIUM,29629,18.424833,103392
37078,9,2024-05-28,REGULAR,29634,18.196449,103393
37079,10,2024-05-28,PREMIUM,32158,18.869932,103394
37080,11,2024-05-28,DIESEL,32208,18.837897,103395
37081,8,2024-05-28,DIESEL,33191,18.862035,103400
37082,8,2024-05-28,REGULAR,33058,18.170587,103401
37084,6,2024-05-28,DIESEL,35673,18.887897,103411
37086,12,2024-05-28,DIESEL,10009,18.887897,103431
37087,12,2024-05-28,REGULAR,19612,18.196449,103432
37119,2,2024-05-29,REGULAR,35641,18.256794,103557
37123,1,2024-05-29,DIESEL,33235,19.008586,103565
37125,1,2024-05-29,REGULAR,33141,18.256794,103566
37128,10,2024-05-29,REGULAR,29731,18.405654,103568
37129,10,2024-05-29,REGULAR,29688,18.405654,103569
37130,10,2024-05-29,DIESEL,32247,19.008586,103570
37131,10,2024-05-29,PREMIUM,32243,18.947518,103571
37133,4,2024-05-29,REGULAR,10004,18.405654,103573
37134,4,2024-05-29,REGULAR,19679,18.405654,103574
37135,6,2024-05-29,REGULAR,35581,18.405654,103581
37138,3,2024-05-29,REGULAR,33193,18.405654,103604
37177,2,2024-05-30,DIESEL,35738,18.991345,103728
37178,4,2024-05-30,DIESEL,10023,18.991345,103730
37179,4,2024-05-30,DIESEL,19744,18.991345,103731
37181,1,2024-05-30,PREMIUM,29880,18.502419,103735
37182,1,2024-05-30,REGULAR,29672,18.360242,103736
37183,9,2024-05-30,DIESEL,32243,18.991345,103737
37184,9,2024-05-30,REGULAR,32140,18.360242,103738
37190,11,2024-05-30,DIESEL,35698,18.941345,103742
37192,3,2024-05-30,REGULAR,29803,18.569447,103746
37197,8,2024-05-30,REGULAR,33073,18.334380,103756
37225,2,2024-05-31,REGULAR,35641,18.239553,103883
37232,2,2024-05-31,DIESEL,29766,18.948242,103892
37233,10,2024-05-31,DIESEL,32213,18.948242,103893
37234,10,2024-05-31,DIESEL,32239,18.948242,103894
37236,8,2024-05-31,DIESEL,33245,18.922380,103902
37237,8,2024-05-31,REGULAR,33057,18.213691,103903
37241,6,2024-05-31,REGULAR,35565,18.431516,103904
37243,12,2024-05-31,REGULAR,19766,18.239553,103959
37244,12,2024-05-31,REGULAR,10028,18.239553,103958
37247,7,2024-05-31,REGULAR,19607,18.189553,103923
37248,7,2024-05-31,REGULAR,9955,18.189553,103922
37249,6,2024-05-31,DIESEL,29772,18.948242,103919
37260,5,2024-06-01,DIESEL,10086,18.296862,104018
37419,5,2024-06-01,REGULAR,30053,17.773001,104017
37424,5,2024-06-01,REGULAR,20607,17.773001,103995
37428,10,2024-06-01,REGULAR,32394,18.283047,104042
37432,8,2024-06-01,DIESEL,33321,18.681000,104032
37434,11,2024-06-01,DIESEL,33290,18.656862,104033
37437,6,2024-06-01,REGULAR,35992,18.283047,104038
37439,1,2024-06-01,REGULAR,32360,18.093001,104023
37443,5,2024-06-01,DIESEL,19840,18.296862,104019
37319,2,2024-06-03,DIESEL,35738,18.706862,104212
37353,9,2024-06-03,DIESEL,33199,18.706862,104244
37357,10,2024-06-03,PREMIUM,29592,18.663035,104253
37427,10,2024-06-03,REGULAR,29571,18.283047,104254
37429,10,2024-06-03,DIESEL,32266,18.706862,104225
37430,8,2024-06-03,REGULAR,33032,18.067139,104243
37436,6,2024-06-03,REGULAR,35504,18.283047,104249
37448,10,2024-06-03,DIESEL,32273,18.706862,104224
37400,3,2024-06-04,REGULAR,32187,18.214082,104356
37401,4,2024-06-04,REGULAR,9995,18.214082,104363
37402,4,2024-06-04,REGULAR,19670,18.214082,104364
37413,9,2024-06-04,REGULAR,29578,18.101622,104394
37414,9,2024-06-04,REGULAR,29613,18.101622,104395
37433,8,2024-06-04,DIESEL,33223,18.698242,104367
37435,11,2024-06-04,DIESEL,33212,18.674104,104368
37438,6,2024-06-04,DIESEL,35753,18.724104,104407
37440,1,2024-06-04,REGULAR,29635,18.101622,104362
37441,1,2024-06-04,DIESEL,29757,18.724104,104361
37446,5,2024-06-05,PREMIUM,20532,18.281484,104470
37458,7,2024-06-05,PREMIUM,10012,18.441484,104509
37459,7,2024-06-05,DIESEL,19733,18.769910,104510
37461,2,2024-06-05,REGULAR,35580,18.270461,104515
37462,10,2024-06-05,PREMIUM,29789,19.033725,104520
37463,10,2024-06-05,REGULAR,29787,18.378663,104521
37464,8,2024-06-05,PREMIUM,33083,18.465622,104522
37465,8,2024-06-05,REGULAR,33108,18.244599,104523
37466,10,2024-06-05,DIESEL,32195,18.819910,104528
37467,10,2024-06-05,DIESEL,32198,18.819910,104529
37468,6,2024-06-05,REGULAR,35645,18.378663,104530
37475,12,2024-06-05,DIESEL,10015,18.819910,104551
37476,12,2024-06-05,REGULAR,19677,18.270461,104552
37491,4,2024-06-06,REGULAR,10139,18.537284,104630
37492,4,2024-06-06,DIESEL,19877,19.047967,104631
37493,5,2024-06-06,DIESEL,33318,18.637967,104637
37494,5,2024-06-06,REGULAR,33342,18.174599,104638
37507,9,2024-06-06,DIESEL,32243,19.047967,104648
37508,9,2024-06-06,REGULAR,32190,18.494599,104649
37509,1,2024-06-06,REGULAR,29686,18.494599,104650
37512,2,2024-06-06,DIESEL,35677,19.047967,104666
37518,6,2024-06-06,PREMIUM,29623,19.188897,104675
37522,11,2024-06-06,DIESEL,35670,18.997967,104677
37546,2,2024-06-07,REGULAR,35619,18.373909,104786
37549,10,2024-06-07,DIESEL,32244,19.047967,104790
37550,10,2024-06-07,DIESEL,32237,19.047967,104791
37551,7,2024-06-07,REGULAR,9993,18.323909,104792
37555,7,2024-06-07,REGULAR,19686,18.323909,104793
37556,8,2024-06-07,DIESEL,33234,19.022105,104794
37557,8,2024-06-07,REGULAR,33140,18.348047,104795
37558,10,2024-06-07,PREMIUM,29755,18.956139,104796
37559,10,2024-06-07,REGULAR,29814,18.364870,104797
37560,2,2024-06-07,DIESEL,35677,19.047967,104800
37578,1,2024-06-08,REGULAR,10098,18.442875,104905
37579,1,2024-06-08,REGULAR,19852,18.442875,104906
37583,9,2024-06-08,REGULAR,10036,18.442875,104925
37584,9,2024-06-08,REGULAR,19743,18.442875,104926
37585,3,2024-06-08,REGULAR,32485,18.459697,104931
37586,2,2024-06-08,DIESEL,35756,19.057486,104932
37587,11,2024-06-08,DIESEL,33253,19.007486,104933
37588,8,2024-06-08,REGULAR,33195,18.417013,104934
37591,6,2024-06-08,REGULAR,35720,18.459697,104944
37592,10,2024-06-08,REGULAR,31690,18.459697,104946
37599,5,2024-06-08,REGULAR,20271,18.122875,104972
37638,2,2024-06-10,REGULAR,35697,18.442875,105099
37640,10,2024-06-10,DIESEL,32306,19.057486,105111
37641,10,2024-06-10,DIESEL,32302,19.057486,105112
37643,8,2024-06-10,REGULAR,29675,18.417013,105117
37644,9,2024-06-10,DIESEL,29802,19.057486,105118
37645,10,2024-06-10,REGULAR,33294,18.459697,105119
37646,10,2024-06-10,REGULAR,33212,18.459697,105120
37647,6,2024-06-10,REGULAR,35616,18.459697,105122
37648,12,2024-06-10,REGULAR,31644,18.442875,105125
37653,1,2024-06-10,DIESEL,31824,19.057486,105183
37662,2,2024-06-11,PREMIUM,32082,18.930315,105220
37670,6,2024-06-11,DIESEL,31809,19.615067,105236
37677,2,2024-06-11,DIESEL,35745,19.615067,105261
37678,5,2024-06-11,PREMIUM,20278,18.720315,105267
37683,6,2024-06-11,REGULAR,35734,18.752801,105279
37684,1,2024-06-11,REGULAR,32155,18.725708,105268
37687,9,2024-06-11,PREMIUM,29657,18.930315,105275
37688,9,2024-06-11,REGULAR,29698,18.725708,105276
37689,8,2024-06-11,DIESEL,33228,19.589205,105277
37690,8,2024-06-11,REGULAR,33184,18.699846,105278
37699,3,2024-06-11,REGULAR,32174,18.752801,105288
37701,5,2024-06-12,REGULAR,20634,18.578122,105339
37715,10,2024-06-12,PREMIUM,35915,19.637173,105367
37722,10,2024-06-12,REGULAR,29922,19.002801,105373
37724,11,2024-06-12,REGULAR,33398,18.952801,105375
37725,11,2024-06-12,DIESEL,33278,19.944378,105376
37726,10,2024-06-12,DIESEL,32282,19.994378,105379
37727,10,2024-06-12,DIESEL,32286,19.994378,105380
37728,4,2024-06-12,REGULAR,31822,19.002801,105381
37742,7,2024-06-13,PREMIUM,10129,19.018246,105441
37743,7,2024-06-13,DIESEL,19829,20.013343,105442
37758,2,2024-06-13,DIESEL,35799,20.063343,105492
37761,9,2024-06-13,DIESEL,29797,20.063343,105507
37762,9,2024-06-13,REGULAR,29662,18.923984,105508
37763,8,2024-06-13,REGULAR,33113,18.898122,105509
37764,1,2024-06-13,DIESEL,32280,20.063343,105510
37765,1,2024-06-13,REGULAR,32151,18.923984,105511
37766,6,2024-06-13,REGULAR,35759,19.032973,105512
37781,5,2024-06-13,DIESEL,20365,19.653343,105522
37800,5,2024-06-14,REGULAR,20447,18.607216,105598
37805,11,2024-06-14,DIESEL,29783,20.315067,105617
37806,2,2024-06-14,REGULAR,35715,18.927216,105623
37807,7,2024-06-14,REGULAR,10032,18.877216,105624
37808,7,2024-06-14,REGULAR,19729,18.877216,105625
37810,8,2024-06-14,DIESEL,33289,20.339205,105626
37811,8,2024-06-14,REGULAR,33214,18.901354,105627
37813,10,2024-06-14,DIESEL,32279,20.365067,105635
37814,10,2024-06-14,DIESEL,32277,20.365067,105636
37819,6,2024-06-14,REGULAR,35797,19.058835,105645
37820,12,2024-06-14,DIESEL,10033,20.365067,105654
37821,12,2024-06-14,REGULAR,19733,18.927216,105655
37823,9,2024-06-15,REGULAR,29644,18.901354,105805
37824,6,2024-06-15,DIESEL,35771,20.209895,105787
37827,10,2024-06-15,REGULAR,32402,19.024353,105784
37828,10,2024-06-15,PREMIUM,32436,19.568208,105783
37829,8,2024-06-15,REGULAR,33237,18.875492,105782
37830,1,2024-06-15,REGULAR,29762,18.901354,105773
37831,1,2024-06-15,DIESEL,29817,20.209895,105772
37839,3,2024-06-15,REGULAR,32140,19.024353,105720
37870,5,2024-06-15,REGULAR,20429,18.581354,105829
37898,7,2024-06-17,DIESEL,10022,20.159895,105945
37899,7,2024-06-17,DIESEL,19747,20.159895,105946
37905,6,2024-06-17,REGULAR,35741,19.024353,105948
37906,10,2024-06-17,DIESEL,32227,20.209895,105949
37907,10,2024-06-17,DIESEL,32224,20.209895,105950
37908,2,2024-06-17,DIESEL,33215,20.209895,105952
37909,11,2024-06-17,DIESEL,29745,20.159895,105953
37910,9,2024-06-17,DIESEL,29745,20.209895,105954
37916,8,2024-06-17,REGULAR,33122,18.875492,105970
37918,4,2024-06-17,PREMIUM,10021,19.568208,105972
37919,4,2024-06-17,DIESEL,19731,20.209895,105973
37938,10,2024-06-18,REGULAR,29985,18.931912,106076
37939,9,2024-06-18,REGULAR,29747,19.027128,106077
37940,8,2024-06-18,DIESEL,33272,20.342294,106078
37941,8,2024-06-18,REGULAR,33201,19.001266,106079
37942,4,2024-06-18,REGULAR,32435,18.931912,106080
37943,1,2024-06-18,REGULAR,32209,19.027128,106081
37947,2,2024-06-18,REGULAR,35687,19.027128,106085
37952,6,2024-06-18,REGULAR,35599,18.931912,106107
37957,12,2024-06-18,PREMIUM,9995,19.223419,106108
37958,12,2024-06-18,REGULAR,19656,19.027128,106109
37975,2,2024-06-19,DIESEL,35795,20.385398,106175
37978,11,2024-06-19,PREMIUM,30052,19.716484,106176
37979,11,2024-06-19,DIESEL,29822,20.335398,106177
37980,10,2024-06-19,REGULAR,33536,18.992257,106179
37981,9,2024-06-19,DIESEL,33297,20.385398,106180
37982,10,2024-06-19,DIESEL,32296,20.385398,106181
37983,10,2024-06-19,DIESEL,32292,20.385398,106182
37984,3,2024-06-19,PREMIUM,10098,19.766484,106185
37985,3,2024-06-19,REGULAR,19902,18.992257,106186
37994,5,2024-06-19,REGULAR,20376,18.694197,106215
38005,10,2024-06-19,PREMIUM,35829,19.766484,106226
38022,2,2024-06-20,REGULAR,31960,18.976276,106311
38029,6,2024-06-20,REGULAR,36016,19.109508,106323
38030,9,2024-06-20,REGULAR,32415,18.976276,106325
38031,1,2024-06-20,DIESEL,29861,20.379627,106328
38032,1,2024-06-20,REGULAR,29896,18.976276,106329
38033,11,2024-06-20,DIESEL,33327,20.329627,106330
38034,8,2024-06-20,REGULAR,33338,18.950414,106331
38040,7,2024-06-20,REGULAR,31812,18.926276,106338
38065,5,2024-06-21,DIESEL,20519,20.055834,106434
38067,5,2024-06-21,REGULAR,20532,18.657178,106435
38069,12,2024-06-21,DIESEL,10089,20.465834,106440
38070,12,2024-06-21,REGULAR,19862,18.977178,106441
38083,2,2024-06-21,DIESEL,35867,20.465834,106479
38088,10,2024-06-21,PREMIUM,30016,19.800966,106483
38089,10,2024-06-21,REGULAR,30021,19.075025,106484
38090,10,2024-06-21,DIESEL,32364,20.465834,106485
38091,10,2024-06-21,DIESEL,32364,20.465834,106486
38092,8,2024-06-21,PREMIUM,33436,19.473419,106487
38093,8,2024-06-21,REGULAR,33384,18.951316,106488
38096,6,2024-06-21,DIESEL,35834,20.465834,106499
38110,6,2024-06-22,REGULAR,36069,19.036232,106605
38112,1,2024-06-22,PREMIUM,30027,19.568246,106609
38113,1,2024-06-22,REGULAR,29902,18.985798,106610
38114,8,2024-06-22,DIESEL,33384,20.233075,106612
38115,8,2024-06-22,REGULAR,33339,18.959936,106613
38116,5,2024-06-22,REGULAR,20426,18.665798,106614
38120,10,2024-06-22,REGULAR,32448,19.036232,106616
38121,11,2024-06-22,DIESEL,32387,20.208937,106617
38122,3,2024-06-22,REGULAR,31913,19.036232,106618
38128,9,2024-06-22,DIESEL,29872,20.258937,106642
38129,9,2024-06-22,REGULAR,29852,18.985798,106643
38156,9,2024-06-24,PREMIUM,31324,19.568246,106786
38166,11,2024-06-24,REGULAR,33488,18.986232,106798
38167,8,2024-06-24,REGULAR,33338,18.959936,106799
38168,10,2024-06-24,REGULAR,30022,19.036232,106800
38169,10,2024-06-24,PREMIUM,29971,19.869932,106801
38170,10,2024-06-24,DIESEL,32340,20.258937,106802
38171,10,2024-06-24,DIESEL,32319,20.258937,106803
38172,2,2024-06-24,DIESEL,35795,20.258937,106804
38173,12,2024-06-24,REGULAR,31837,18.985798,106809
38175,6,2024-06-24,REGULAR,35980,19.036232,106822
38225,2,2024-06-25,REGULAR,35926,19.020281,106939
38229,4,2024-06-25,DIESEL,35798,20.172730,106954
38230,6,2024-06-25,PREMIUM,31953,19.775104,106960
38233,8,2024-06-25,DIESEL,33317,20.146868,106967
38234,3,2024-06-25,REGULAR,32415,18.940471,106968
38235,7,2024-06-25,DIESEL,32341,20.122730,106969
38236,1,2024-06-25,REGULAR,29901,19.020281,106972
38252,9,2024-06-25,REGULAR,30019,19.020281,106993
38264,1,2024-06-25,DIESEL,29850,20.172730,106971
38266,3,2024-06-26,DIESEL,10064,19.922730,107068
38267,3,2024-06-26,PREMIUM,19965,19.602690,107069
38274,2,2024-06-26,DIESEL,35813,19.922730,107083
38277,10,2024-06-26,PREMIUM,33500,19.602690,107088
38278,11,2024-06-26,DIESEL,33322,19.872730,107089
38281,10,2024-06-26,REGULAR,29991,19.009436,107095
38282,10,2024-06-26,REGULAR,29951,19.009436,107096
38283,10,2024-06-26,DIESEL,32341,19.922730,107100
38284,10,2024-06-26,DIESEL,32384,19.922730,107101
38288,6,2024-06-26,REGULAR,36054,19.009436,107104
38290,5,2024-06-26,REGULAR,20453,18.596833,107115
38292,5,2024-06-26,PREMIUM,20507,19.134109,107116
38320,5,2024-06-27,DIESEL,20441,19.548821,107220
38322,5,2024-06-27,REGULAR,20489,18.728804,107221
38325,6,2024-06-27,DIESEL,35801,19.958821,107237
38326,1,2024-06-27,REGULAR,29945,19.048804,107239
38327,2,2024-06-27,REGULAR,29910,19.048804,107240
38330,9,2024-06-27,DIESEL,32338,19.958821,107242
38331,9,2024-06-27,REGULAR,32392,19.048804,107243
38338,8,2024-06-27,DIESEL,33322,19.932959,107255
38339,8,2024-06-27,REGULAR,33339,19.022942,107256
38343,4,2024-06-27,REGULAR,31836,18.983574,107278
38357,2,2024-06-28,DIESEL,36030,20.108246,107330
38358,7,2024-06-28,PREMIUM,10133,19.571680,107332
38359,7,2024-06-28,REGULAR,20007,19.012170,107333
38360,8,2024-06-28,REGULAR,33680,19.036308,107337
38361,8,2024-06-28,REGULAR,33629,19.036308,107338
38362,10,2024-06-28,PREMIUM,30112,19.847480,107342
38363,10,2024-06-28,REGULAR,30137,18.956030,107343
38364,10,2024-06-28,DIESEL,32468,20.108246,107344
38365,10,2024-06-28,DIESEL,32374,20.108246,107345
38366,6,2024-06-28,REGULAR,36168,18.956030,107353
38368,12,2024-06-28,PREMIUM,10147,19.621680,107358
38369,12,2024-06-28,REGULAR,19949,19.062170,107359
38421,5,2024-06-29,REGULAR,20593,18.752678,107496
38432,2,2024-06-29,REGULAR,35980,19.072678,107512
38433,10,2024-06-29,REGULAR,30083,18.927996,107513
38434,9,2024-06-29,REGULAR,29947,19.072678,107514
38435,2,2024-06-29,DIESEL,33343,20.168911,107523
38440,1,2024-06-29,DIESEL,32341,20.168911,107532
38441,1,2024-06-29,REGULAR,32324,19.072678,107533
38445,10,2024-06-29,DIESEL,33338,20.168911,107547
38495,2,2024-07-01,REGULAR,10136,19.072678,107702
38496,2,2024-07-01,PREMIUM,19923,19.724865,107703
38497,6,2024-07-01,REGULAR,36173,18.927996,107710
38498,10,2024-07-01,DIESEL,29879,20.168911,107711
38499,11,2024-07-01,DIESEL,29859,20.118911,107712
38500,8,2024-07-01,DIESEL,33328,20.143049,107713
38501,10,2024-07-01,PREMIUM,33609,19.964526,107714
38503,10,2024-07-01,DIESEL,32351,20.168911,107724
38504,10,2024-07-01,REGULAR,32569,18.927996,107725
38505,4,2024-07-01,REGULAR,10114,18.927996,107726
38506,4,2024-07-01,DIESEL,19812,20.168911,107727
38550,2,2024-07-02,DIESEL,35855,20.198173,107822
38551,1,2024-07-02,DIESEL,29870,20.198173,107824
38552,1,2024-07-02,REGULAR,29934,19.076748,107825
38553,9,2024-07-02,DIESEL,32347,20.198173,107828
38554,9,2024-07-02,REGULAR,32387,19.076748,107829
38555,12,2024-07-02,DIESEL,10060,20.198173,107830
38556,12,2024-07-02,REGULAR,19826,19.076748,107831
38558,8,2024-07-02,DIESEL,33347,20.172311,107833
38559,8,2024-07-02,REGULAR,33363,19.050886,107834
38560,6,2024-07-02,DIESEL,35820,20.198173,107839
38576,5,2024-07-02,PREMIUM,20505,19.451680,107857
38578,11,2024-07-02,REGULAR,30034,18.854640,107858
38587,5,2024-07-03,REGULAR,20612,18.750065,107897
38596,6,2024-07-03,REGULAR,36056,18.932188,107937
38606,2,2024-07-03,REGULAR,31820,19.070065,107941
38608,10,2024-07-03,DIESEL,32332,20.444454,107945
38609,10,2024-07-03,DIESEL,32342,20.444454,107946
38610,5,2024-07-03,DIESEL,20403,20.034454,107949
38612,10,2024-07-03,PREMIUM,29857,20.403345,107962
38613,10,2024-07-03,REGULAR,29895,18.932188,107963
38614,11,2024-07-03,DIESEL,33346,20.394454,107966
38615,8,2024-07-03,REGULAR,33371,19.044203,107967
38620,7,2024-07-03,DIESEL,31872,20.394454,107981
38649,2,2024-07-04,DIESEL,35852,20.502349,108067
38650,1,2024-07-04,REGULAR,31835,19.084515,108069
38651,7,2024-07-04,REGULAR,32329,19.034515,108071
38653,3,2024-07-04,REGULAR,32495,18.883195,108070
38654,8,2024-07-04,DIESEL,33348,20.476487,108077
38655,11,2024-07-04,DIESEL,33346,20.452349,108078
38657,6,2024-07-04,REGULAR,35832,18.883195,108085
38660,6,2024-07-04,DIESEL,29867,20.502349,108093
38661,9,2024-07-04,REGULAR,29804,19.084515,108094
38667,4,2024-07-04,REGULAR,32056,18.883195,108102
38691,1,2024-07-05,REGULAR,32395,19.096247,108197
38692,12,2024-07-05,REGULAR,31896,19.096247,108196
38694,2,2024-07-05,REGULAR,35926,19.096247,108192
38698,10,2024-07-05,REGULAR,33480,18.832679,108205
38699,8,2024-07-05,REGULAR,33369,19.070385,108206
38700,6,2024-07-05,REGULAR,35921,18.832679,108207
38701,2,2024-07-05,DIESEL,29877,20.406414,108208
38702,9,2024-07-05,REGULAR,29873,19.096247,108209
38709,5,2024-07-05,REGULAR,20375,18.776247,108228
38714,10,2024-07-05,DIESEL,32371,20.406414,108237
38715,10,2024-07-05,DIESEL,32369,20.406414,108238
38717,10,2024-07-05,REGULAR,29787,18.831959,108242
38745,10,2024-07-06,DIESEL,31253,20.394017,108334
38747,10,2024-07-07,DIESEL,31193,20.394017,108378
38774,10,2024-07-08,PREMIUM,10083,20.266662,108496
38775,11,2024-07-08,PREMIUM,19818,20.216662,108497
38776,8,2024-07-08,PREMIUM,33323,19.980752,108499
38777,8,2024-07-08,REGULAR,33314,19.076207,108500
38778,10,2024-07-08,DIESEL,29892,20.394017,108501
38779,10,2024-07-08,REGULAR,29944,18.831959,108502
38784,2,2024-07-08,DIESEL,35832,20.394017,108512
38797,6,2024-07-08,REGULAR,35678,18.831959,108534
38798,9,2024-07-08,DIESEL,31100,20.394017,108537
38802,5,2024-07-08,REGULAR,20344,18.782069,108542
38826,9,2024-07-09,PREMIUM,31443,19.746286,108610
38835,3,2024-07-09,REGULAR,30563,18.852631,108625
38842,2,2024-07-09,REGULAR,35820,18.891105,108639
38843,8,2024-07-09,DIESEL,33370,20.066161,108643
38844,8,2024-07-09,REGULAR,33331,18.865243,108644
38848,10,2024-07-09,DIESEL,29895,20.092023,108650
38849,11,2024-07-09,DIESEL,29901,20.042023,108651
38857,6,2024-07-09,REGULAR,35829,18.852631,108664
38858,1,2024-07-09,REGULAR,31823,18.891105,108655
38867,12,2024-07-09,REGULAR,31806,18.891105,108688
38878,9,2024-07-10,REGULAR,31478,18.764038,108737
38896,7,2024-07-10,PREMIUM,10119,19.476887,108792
38897,7,2024-07-10,DIESEL,19822,19.725183,108793
38898,1,2024-07-10,DIESEL,35862,19.775183,108794
38899,5,2024-07-10,DIESEL,20432,19.365183,108797
38901,5,2024-07-10,REGULAR,20491,18.444038,108798
38905,1,2024-07-10,REGULAR,29976,18.764038,108800
38906,10,2024-07-10,REGULAR,30085,18.824028,108801
38920,10,2024-07-10,DIESEL,33363,19.775183,108837
38921,11,2024-07-10,REGULAR,33592,18.774028,108838
38922,6,2024-07-10,DIESEL,35855,19.775183,108841
38925,4,2024-07-10,DIESEL,10059,19.775183,108846
38926,4,2024-07-10,REGULAR,19949,18.824028,108847
38927,10,2024-07-10,PREMIUM,30010,19.831191,108848
38933,9,2024-07-10,REGULAR,30989,18.764038,108859
38968,10,2024-07-11,PREMIUM,29908,19.750723,109006
38969,10,2024-07-11,REGULAR,29922,18.772303,109007
38970,10,2024-07-11,DIESEL,33353,19.558233,109008
38971,8,2024-07-11,REGULAR,33401,18.695072,109009
38972,3,2024-07-11,PREMIUM,10063,19.750723,109010
38973,3,2024-07-11,DIESEL,19814,19.558233,109011
38974,2,2024-07-11,DIESEL,35852,19.558233,109015
38986,6,2024-07-11,REGULAR,36034,18.772303,109042
38995,9,2024-07-11,DIESEL,30882,19.558233,109055
38997,9,2024-07-11,REGULAR,31028,18.720934,109056
39030,2,2024-07-12,REGULAR,35795,18.702628,109181
39033,12,2024-07-12,REGULAR,10043,18.702628,109182
39034,12,2024-07-12,DIESEL,19805,19.499230,109183
39037,10,2024-07-12,DIESEL,29835,19.499230,109186
39038,10,2024-07-12,DIESEL,29850,19.499230,109187
39039,8,2024-07-12,DIESEL,33344,19.473368,109189
39040,8,2024-07-12,REGULAR,33311,18.676766,109190
39048,8,2024-07-12,DIESEL,31110,19.473368,109203
39053,10,2024-07-12,DIESEL,35863,19.719156,109208
39057,5,2024-07-12,DIESEL,20472,19.089230,109240
39059,5,2024-07-12,REGULAR,20513,18.382628,109241
39089,7,2024-07-13,REGULAR,31978,18.750033,109325
39099,9,2024-07-13,REGULAR,31164,18.800033,109353
39101,2,2024-07-13,DIESEL,35867,19.719156,109357
39102,1,2024-07-13,REGULAR,29894,18.800033,109359
39103,11,2024-07-13,DIESEL,29886,19.669156,109360
39105,10,2024-07-13,REGULAR,33417,18.896774,109370
39106,8,2024-07-13,REGULAR,33378,18.774171,109371
39107,6,2024-07-13,REGULAR,35865,18.896774,109382
39109,3,2024-07-13,REGULAR,31888,18.896774,109387
39112,10,2024-07-13,PREMIUM,29885,19.626234,109400
39133,1,2024-07-15,PREMIUM,10117,19.443192,109592
39134,1,2024-07-15,PREMIUM,19872,19.443192,109593
39135,2,2024-07-15,REGULAR,35895,18.800033,109594
39141,8,2024-07-15,DIESEL,33350,19.693294,109597
39142,8,2024-07-15,REGULAR,33349,18.774171,109598
39143,10,2024-07-15,DIESEL,29877,19.719156,109599
39144,10,2024-07-15,REGULAR,29946,18.896774,109600
39150,6,2024-07-15,DIESEL,35852,19.719156,109611
39157,6,2024-07-15,PREMIUM,19804,19.626234,109621
39158,6,2024-07-15,PREMIUM,10076,19.626234,109622
39180,9,2024-07-16,REGULAR,31416,18.438683,109717
39187,5,2024-07-16,REGULAR,20562,18.118683,109733
39189,5,2024-07-16,PREMIUM,20588,19.032263,109734
39201,2,2024-07-16,DIESEL,35904,19.664011,109797
39205,1,2024-07-16,DIESEL,29887,19.664011,109802
39206,1,2024-07-16,REGULAR,29887,18.438683,109803
39210,9,2024-07-16,DIESEL,31127,19.664011,109807
39219,6,2024-07-16,REGULAR,35882,18.355969,109811
39220,10,2024-07-16,DIESEL,29907,19.664011,109839
39221,10,2024-07-16,PREMIUM,29909,19.523996,109840
39224,11,2024-07-16,DIESEL,33355,19.614011,109819
39225,8,2024-07-16,REGULAR,33364,18.412821,109820
39226,12,2024-07-16,PREMIUM,10045,19.242263,109821
39227,12,2024-07-16,REGULAR,19836,18.438683,109822
39250,6,2024-07-17,REGULAR,36052,18.493565,109976
39251,10,2024-07-17,DIESEL,33362,19.623328,109977
39255,2,2024-07-17,REGULAR,10066,18.482368,109981
39256,2,2024-07-17,PREMIUM,19836,19.320793,109982
39262,10,2024-07-17,DIESEL,33349,19.623328,109988
39263,11,2024-07-17,DIESEL,33331,19.573328,109989
39265,10,2024-07-17,REGULAR,29942,18.493565,109992
39266,10,2024-07-17,REGULAR,29862,18.493565,109993
39268,5,2024-07-17,DIESEL,20404,19.213328,110001
39270,5,2024-07-17,REGULAR,20370,18.162368,110002
39272,4,2024-07-17,DIESEL,10050,19.623328,110004
39273,4,2024-07-17,REGULAR,19791,18.493565,110005
39282,9,2024-07-17,REGULAR,31080,18.482368,110012
39309,2,2024-07-18,DIESEL,35850,19.451842,110140
39310,10,2024-07-18,DIESEL,29874,19.451842,110147
39311,10,2024-07-18,PREMIUM,29945,19.681029,110148
39312,8,2024-07-18,DIESEL,33366,19.425980,110149
39313,8,2024-07-18,REGULAR,33375,18.431109,110150
39315,7,2024-07-18,PREMIUM,10090,19.254671,110153
39316,7,2024-07-18,DIESEL,19814,19.401842,110154
39322,1,2024-07-18,REGULAR,33275,18.456971,110164
39347,9,2024-07-19,PREMIUM,31298,19.512759,110281
39351,10,2024-07-19,REGULAR,33517,18.584841,110284
39352,12,2024-07-19,REGULAR,31873,18.596028,110291
39353,2,2024-07-19,REGULAR,35864,18.596028,110295
39354,10,2024-07-19,DIESEL,29895,19.543885,110296
39355,10,2024-07-19,DIESEL,29895,19.543885,110297
39358,5,2024-07-19,REGULAR,20433,18.276028,110304
39360,11,2024-07-19,DIESEL,33384,19.493885,110305
39361,8,2024-07-19,REGULAR,33386,18.570166,110306
39377,6,2024-07-19,REGULAR,35985,18.584841,110317
39380,6,2024-07-19,DIESEL,30938,19.543885,110373
39382,2,2024-07-19,DIESEL,31433,19.543885,110382
39393,9,2024-07-20,REGULAR,31249,19.074460,110461
39397,3,2024-07-20,REGULAR,36033,19.195109,110470
39399,1,2024-07-20,REGULAR,31856,19.074460,110474
39400,10,2024-07-20,PREMIUM,29952,19.957205,110475
39401,10,2024-07-20,REGULAR,29966,19.195109,110476
39438,5,2024-07-22,REGULAR,20492,18.754460,110644
39440,5,2024-07-22,PREMIUM,20529,19.337354,110645
39446,1,2024-07-22,DIESEL,31841,19.929059,110659
39448,8,2024-07-22,DIESEL,33327,19.903197,110662
39449,8,2024-07-22,REGULAR,33380,19.048598,110663
39450,2,2024-07-22,REGULAR,35826,19.074460,110664
39451,10,2024-07-22,DIESEL,29843,19.929059,110665
39452,10,2024-07-22,REGULAR,29996,19.195109,110666
39453,11,2024-07-22,DIESEL,33319,19.879059,110668
39456,6,2024-07-22,REGULAR,36051,19.195109,110686
39486,9,2024-07-23,DIESEL,30874,19.755880,110773
39495,1,2024-07-23,DIESEL,33344,19.755880,110786
39496,1,2024-07-23,REGULAR,33310,19.067706,110787
39498,6,2024-07-23,REGULAR,35983,19.149029,110791
39499,9,2024-07-23,REGULAR,31070,19.067706,110794
39504,8,2024-07-23,PREMIUM,29835,19.418144,110796
39505,8,2024-07-23,REGULAR,29798,19.041844,110797
39506,4,2024-07-23,REGULAR,33407,19.149029,110798
39515,9,2024-07-23,REGULAR,33740,19.067706,110816
39522,11,2024-07-23,PREMIUM,33295,19.775455,110829
39523,11,2024-07-23,REGULAR,33392,19.099029,110830
39526,12,2024-07-23,REGULAR,32127,19.067706,110834
39540,7,2024-07-24,REGULAR,10142,18.845292,110923
39541,7,2024-07-24,REGULAR,19960,18.845292,110924
39546,5,2024-07-24,DIESEL,20451,19.335030,110929
39548,5,2024-07-24,REGULAR,20532,18.575292,110930
39561,2,2024-07-24,DIESEL,35861,19.745030,110954
39562,10,2024-07-24,DIESEL,33372,19.745030,110957
39563,10,2024-07-24,DIESEL,33363,19.745030,110958
39564,10,2024-07-24,PREMIUM,29946,19.626951,110959
39565,10,2024-07-24,REGULAR,29985,19.151575,110960
39568,11,2024-07-24,DIESEL,33363,19.695030,110982
39569,6,2024-07-24,DIESEL,35839,19.745030,110983
39570,3,2024-07-24,REGULAR,10082,19.151575,110977
39571,3,2024-07-24,REGULAR,19858,19.151575,110978
39592,9,2024-07-25,DIESEL,31224,19.771061,111076
39604,8,2024-07-25,DIESEL,33370,19.745199,111118
39605,8,2024-07-25,REGULAR,33314,18.833777,111119
39606,1,2024-07-25,REGULAR,29857,18.859639,111120
39607,10,2024-07-25,PREMIUM,29817,19.617261,111121
39608,2,2024-07-25,DIESEL,35856,19.771061,111122
39611,4,2024-07-25,PREMIUM,10048,19.617261,111128
39612,4,2024-07-25,DIESEL,19817,19.771061,111129
39639,10,2024-07-25,DIESEL,29843,19.771061,111146
39667,6,2024-07-25,REGULAR,35795,18.814585,111143
39657,12,2024-07-26,PREMIUM,10133,19.590793,111229
39658,12,2024-07-26,REGULAR,19905,19.243959,111230
39660,2,2024-07-26,REGULAR,33426,19.243959,111237
39663,6,2024-07-26,REGULAR,36054,19.162727,111240
39684,3,2024-07-26,REGULAR,33565,19.162727,111238
39686,11,2024-07-26,DIESEL,33309,20.108211,111262
39687,10,2024-07-26,DIESEL,29835,20.158211,111265
39688,10,2024-07-26,REGULAR,29866,19.162727,111266
39697,5,2024-07-26,REGULAR,20509,18.923959,111289
39718,7,2024-07-27,PREMIUM,10104,19.564246,111382
39719,7,2024-07-27,DIESEL,19824,19.766655,111383
39720,10,2024-07-27,DIESEL,29862,19.816655,111384
39721,10,2024-07-27,REGULAR,30040,19.129382,111385
39722,2,2024-07-27,DIESEL,33356,19.816655,111388
39723,1,2024-07-27,REGULAR,33349,19.245829,111389
39724,3,2024-07-27,REGULAR,35983,19.129382,111391
39732,9,2024-07-27,REGULAR,31142,19.245829,111419
39734,8,2024-07-27,REGULAR,33356,19.219967,111420
39735,3,2024-07-27,PREMIUM,10080,19.858035,111421
39736,3,2024-07-27,DIESEL,19828,19.816655,111422
39737,1,2024-07-27,DIESEL,33367,19.816655,111423
39760,6,2024-07-29,REGULAR,36099,19.129382,111609
39766,10,2024-07-29,DIESEL,29823,19.816655,111610
39767,10,2024-07-29,REGULAR,30057,19.129382,111611
39768,10,2024-07-29,PREMIUM,33555,19.858035,111612
39769,8,2024-07-29,DIESEL,33299,19.790793,111614
39770,8,2024-07-29,REGULAR,33373,19.219967,111615
39772,5,2024-07-29,REGULAR,20403,18.925829,111617
39780,9,2024-07-29,REGULAR,30810,19.245829,111627
39794,2,2024-07-29,REGULAR,10039,19.245829,111645
39795,2,2024-07-29,PREMIUM,19809,19.614246,111646
39798,9,2024-07-29,DIESEL,30318,19.816655,111653
39800,3,2024-07-29,PREMIUM,10063,19.858035,111666
39801,3,2024-07-29,DIESEL,19791,19.816655,111667
39812,12,2024-07-30,DIESEL,10053,19.568812,111724
39813,12,2024-07-30,REGULAR,20042,19.125140,111725
39827,1,2024-07-30,DIESEL,29875,19.568812,111753
39828,1,2024-07-30,REGULAR,29945,19.125140,111754
39829,4,2024-07-30,REGULAR,33637,19.101258,111756
39830,11,2024-07-30,DIESEL,33344,19.518812,111757
39831,8,2024-07-30,REGULAR,33422,19.099278,111758
39832,2,2024-07-30,DIESEL,35816,19.568812,111759
39839,6,2024-07-30,DIESEL,35788,19.568812,111773
39844,10,2024-07-30,REGULAR,29875,19.101258,111783
39845,10,2024-07-30,DIESEL,29823,19.568812,111782
39855,5,2024-07-31,PREMIUM,20698,19.278031,111857
39873,6,2024-07-31,REGULAR,36189,19.164047,111886
39881,10,2024-07-31,PREMIUM,29941,19.792103,111904
39882,10,2024-07-31,REGULAR,30011,19.164047,111905
39883,10,2024-07-31,DIESEL,33339,19.488149,111908
39884,10,2024-07-31,DIESEL,33326,19.488149,111909
39885,1,2024-07-31,REGULAR,33345,19.133757,111911
39886,7,2024-07-31,REGULAR,10041,19.083757,111934
39887,2,2024-07-31,REGULAR,19750,19.133757,111935
39894,9,2024-07-31,REGULAR,31314,19.133757,111951
39903,5,2024-07-31,REGULAR,20511,18.813757,111980
39917,2,2024-08-01,DIESEL,35849,19.624962,112048
39920,3,2024-08-01,REGULAR,33519,19.422679,112062
39921,4,2024-08-01,DIESEL,10057,19.624962,112063
39922,4,2024-08-01,REGULAR,19910,19.422679,112064
39925,8,2024-08-01,DIESEL,33346,19.599100,112067
39926,8,2024-08-01,REGULAR,33344,19.402477,112068
39927,10,2024-08-01,DIESEL,29856,19.624962,112069
39928,10,2024-08-01,REGULAR,29962,19.422679,112070
39961,5,2024-08-02,DIESEL,20514,19.625361,112132
39964,6,2024-08-02,PREMIUM,30064,20.119351,112138
39975,2,2024-08-02,REGULAR,35897,19.518441,112144
39976,11,2024-08-02,DIESEL,33364,19.985361,112145
39977,10,2024-08-02,DIESEL,33378,20.035361,112146
39978,10,2024-08-02,REGULAR,33517,19.536379,112147
39982,6,2024-08-02,REGULAR,35900,19.536379,112162
39983,12,2024-08-02,PREMIUM,10053,19.778718,112163
39984,12,2024-08-02,REGULAR,19807,19.518441,112164
40043,5,2024-08-02,REGULAR,20464,19.198441,112182
40007,7,2024-08-03,DIESEL,10114,19.660705,112247
40008,7,2024-08-03,REGULAR,19878,19.054607,112248
40013,9,2024-08-03,REGULAR,30968,19.104607,112256
40015,9,2024-08-03,PREMIUM,31108,19.741184,112257
40021,2,2024-08-03,DIESEL,33425,19.710705,112264
40024,11,2024-08-03,PREMIUM,10091,20.104871,112267
40025,11,2024-08-03,REGULAR,19868,19.163990,112268
40026,10,2024-08-03,DIESEL,29909,19.710705,112273
40027,10,2024-08-03,PREMIUM,29901,20.154871,112274
40028,8,2024-08-03,DIESEL,33363,19.684843,112275
40029,8,2024-08-03,REGULAR,33321,19.078745,112276
40052,1,2024-08-03,REGULAR,33300,19.104607,112280
40073,5,2024-08-05,REGULAR,20689,18.784607,112385
40075,2,2024-08-05,REGULAR,10202,19.104607,112386
40076,2,2024-08-05,PREMIUM,20071,19.741184,112387
40087,6,2024-08-05,DIESEL,10067,19.710705,112406
40088,6,2024-08-05,DIESEL,19814,19.710705,112407
40089,6,2024-08-05,REGULAR,35956,19.213990,112424
40090,10,2024-08-05,REGULAR,30026,19.213990,112427
40091,10,2024-08-05,REGULAR,29923,19.213990,112428
40092,8,2024-08-05,DIESEL,33336,19.684843,112429
40093,8,2024-08-05,REGULAR,33328,19.078745,112430
40094,10,2024-08-05,DIESEL,33335,19.710705,112432
40100,9,2024-08-05,DIESEL,30808,19.710705,112441
40102,9,2024-08-05,REGULAR,30763,19.104607,112442
40112,5,2024-08-05,DIESEL,20481,19.300705,112474
40137,7,2024-08-06,PREMIUM,10083,19.762130,112561
40138,7,2024-08-06,DIESEL,19826,19.395990,112562
40139,2,2024-08-06,DIESEL,35837,19.445990,112563
40141,1,2024-08-06,REGULAR,29936,19.281823,112564
40144,4,2024-08-06,REGULAR,33518,19.238563,112567
40145,8,2024-08-06,PREMIUM,33378,19.786268,112575
40146,8,2024-08-06,REGULAR,33352,19.255961,112576
40148,6,2024-08-06,REGULAR,35976,19.238563,112579
40149,12,2024-08-06,DIESEL,10051,19.445990,112581
40150,12,2024-08-06,REGULAR,19793,19.281823,112582
40160,11,2024-08-06,REGULAR,29911,19.188563,112585
40171,1,2024-08-06,PREMIUM,31178,19.812130,112611
40193,5,2024-08-07,REGULAR,20443,19.050145,112679
40195,11,2024-08-07,DIESEL,33370,19.513717,112680
40197,10,2024-08-07,PREMIUM,29928,20.404499,112683
40198,10,2024-08-07,REGULAR,29996,19.179549,112684
40199,10,2024-08-07,DIESEL,33350,19.563717,112685
40200,10,2024-08-07,DIESEL,33332,19.563717,112686
40202,7,2024-08-07,REGULAR,10058,19.320145,112691
40203,7,2024-08-07,REGULAR,19796,19.320145,112692
40209,9,2024-08-07,REGULAR,35786,19.370145,112696
40210,2,2024-08-07,REGULAR,897,19.370145,112681
40211,2,2024-08-07,REGULAR,34978,19.370145,112682
40228,2,2024-08-08,DIESEL,33359,19.525859,112778
40231,6,2024-08-08,REGULAR,36122,19.302992,112779
40237,1,2024-08-08,DIESEL,29861,19.525859,112785
40238,1,2024-08-08,REGULAR,29861,19.334224,112786
40239,8,2024-08-08,DIESEL,33327,19.499997,112787
40240,8,2024-08-08,REGULAR,33344,19.308362,112788
40241,4,2024-08-08,DIESEL,31860,19.525859,112789
40242,2,2024-08-08,REGULAR,33348,19.334224,112794
40255,10,2024-08-08,PREMIUM,29786,20.361396,112805
40268,5,2024-08-09,REGULAR,20631,18.984465,112850
40275,5,2024-08-09,DIESEL,20508,19.320986,112858
40287,6,2024-08-09,REGULAR,33598,19.404770,112888
40288,10,2024-08-09,DIESEL,33370,19.730986,112891
40289,10,2024-08-09,DIESEL,33359,19.730986,112892
40290,10,2024-08-09,DIESEL,29880,19.730986,112893
40291,10,2024-08-09,REGULAR,30072,19.404770,112894
40294,2,2024-08-09,DIESEL,31884,19.730986,112885
40298,9,2024-08-09,REGULAR,30877,19.304465,112906
40300,9,2024-08-09,DIESEL,30857,19.730986,112905
40359,12,2024-08-09,REGULAR,35883,19.304465,112890
40323,1,2024-08-10,REGULAR,32157,19.298901,112974
40326,6,2024-08-10,DIESEL,35976,19.647225,112987
40329,3,2024-08-10,REGULAR,32246,19.324030,112995
40331,8,2024-08-10,REGULAR,33411,19.273039,113002
40333,10,2024-08-10,PREMIUM,30108,20.643728,113006
40334,10,2024-08-10,REGULAR,30079,19.324030,113007
40350,5,2024-08-12,REGULAR,20537,18.978901,113137
40365,6,2024-08-12,REGULAR,36148,19.324030,113159
40370,10,2024-08-12,REGULAR,30070,19.324030,113172
40371,10,2024-08-12,DIESEL,29878,19.647225,113171
40372,8,2024-08-12,REGULAR,33424,19.273039,113170
40374,8,2024-08-12,DIESEL,33386,19.621363,113169
40382,5,2024-08-12,PREMIUM,20453,20.013496,113189
40407,93,2024-08-12,DIESEL,19834,19.647225,113165
40408,93,2024-08-12,REGULAR,10137,19.324030,113164
40402,9,2024-08-13,REGULAR,31155,19.314797,113265
40404,9,2024-08-13,DIESEL,30941,19.363292,113264
40410,12,2024-08-13,REGULAR,19800,19.314797,113301
40411,12,2024-08-13,DIESEL,10047,19.363292,113300
40414,7,2024-08-13,REGULAR,33312,19.264797,113294
40415,6,2024-08-13,REGULAR,36038,19.256757,113293
40417,2,2024-08-13,DIESEL,33339,19.363292,113285
40419,1,2024-08-13,REGULAR,33286,19.314797,113305
40425,8,2024-08-13,REGULAR,33261,19.288935,113314
40448,5,2024-08-13,DIESEL,20418,18.953292,113324
40454,5,2024-08-14,REGULAR,20672,18.981919,113389
40463,2,2024-08-14,REGULAR,35858,19.301919,113410
40466,10,2024-08-14,REGULAR,33598,19.303617,113414
40467,4,2024-08-14,REGULAR,32062,19.303617,113415
40468,10,2024-08-14,DIESEL,29907,19.854323,113416
40469,10,2024-08-14,DIESEL,29859,19.854323,113417
40474,6,2024-08-14,DIESEL,35808,19.854323,113434
40483,9,2024-08-14,REGULAR,30998,19.301919,113454
40500,6,2024-08-15,REGULAR,36021,19.197761,113525
40502,11,2024-08-15,PREMIUM,10090,20.094951,113527
40503,11,2024-08-15,REGULAR,19868,19.147761,113528
40507,1,2024-08-15,DIESEL,29931,19.880037,113532
40508,1,2024-08-15,REGULAR,29845,19.157564,113533
40510,3,2024-08-15,REGULAR,33389,19.197761,113535
40511,2,2024-08-15,DIESEL,33389,19.880037,113536
40512,2,2024-08-15,DIESEL,33369,19.880037,113537
40535,8,2024-08-15,DIESEL,33324,19.854175,113555
40537,8,2024-08-15,REGULAR,33270,19.131702,113556
40540,10,2024-08-15,PREMIUM,29822,20.144951,113561
40545,11,2024-08-15,DIESEL,29869,19.830037,113562
40546,7,2024-08-15,PREMIUM,10068,19.683221,113567
40853,7,2024-08-15,REGULAR,19828,19.107564,113568
40555,12,2024-08-16,REGULAR,19864,19.205517,113642
40558,10,2024-08-16,DIESEL,33383,19.650756,113656
40559,10,2024-08-16,DIESEL,30656,19.650756,113657
40560,10,2024-08-16,REGULAR,29956,19.157513,113655
40561,10,2024-08-16,PREMIUM,29923,19.738803,113654
40562,5,2024-08-16,REGULAR,20427,18.885517,113650
40564,2,2024-08-16,REGULAR,33391,19.205517,113649
40584,7,2024-08-16,DIESEL,10075,19.600756,113690
40585,7,2024-08-16,DIESEL,19863,19.600756,113691
40828,12,2024-08-16,PREMIUM,10101,19.562710,113641
40614,9,2024-08-17,DIESEL,30972,19.572937,113774
40616,9,2024-08-17,REGULAR,31000,18.886216,113775
40618,2,2024-08-17,DIESEL,35907,19.572937,113789
40621,10,2024-08-17,DIESEL,29914,19.572937,113793
40622,10,2024-08-17,REGULAR,29991,18.933408,113794
40623,8,2024-08-17,REGULAR,33369,18.860354,113795
40625,6,2024-08-17,REGULAR,35871,18.933408,113805
40645,6,2024-08-19,DIESEL,35921,19.572937,113921
40646,5,2024-08-19,DIESEL,20484,19.162937,113920
40657,1,2024-08-19,REGULAR,33336,18.670699,113955
40658,8,2024-08-19,DIESEL,33363,19.547075,113960
40659,8,2024-08-19,REGULAR,33351,18.644837,113961
40660,10,2024-08-19,DIESEL,29883,19.572937,113962
40661,10,2024-08-19,REGULAR,29876,18.541716,113963
40662,3,2024-08-19,REGULAR,10064,18.541716,113965
40663,3,2024-08-19,DIESEL,19824,19.572937,113966
40671,9,2024-08-19,PREMIUM,30994,19.337024,113996
40673,9,2024-08-19,REGULAR,30946,18.670699,113997
40678,10,2024-08-19,PREMIUM,33575,19.620840,114001
40683,5,2024-08-20,REGULAR,20571,18.054168,114018
40704,2,2024-08-20,DIESEL,35879,19.343488,114085
40706,1,2024-08-20,DIESEL,33389,19.343488,114084
40713,10,2024-08-20,DIESEL,33369,19.343488,114095
40714,10,2024-08-20,DIESEL,33376,19.343488,114094
40715,10,2024-08-20,REGULAR,29942,18.303393,114099
40716,10,2024-08-20,REGULAR,29901,18.303393,114100
40721,6,2024-08-20,REGULAR,35873,18.303393,114109
40727,4,2024-08-20,REGULAR,33371,18.303393,114115
40731,1,2024-08-20,PREMIUM,19774,19.081402,114119
40732,1,2024-08-20,REGULAR,10044,18.374168,114118
40758,93,2024-08-20,REGULAR,10076,18.303393,114143
40759,93,2024-08-20,DIESEL,19840,19.343488,114144
40761,5,2024-08-20,PREMIUM,20556,18.871402,114162
40750,9,2024-08-21,DIESEL,31068,19.087942,114194
40752,9,2024-08-21,REGULAR,31074,18.376047,114195
40770,11,2024-08-21,DIESEL,33395,19.037942,114219
40773,2,2024-08-21,REGULAR,35867,18.376047,114226
40775,12,2024-08-21,DIESEL,10058,19.087942,114228
40776,12,2024-08-21,REGULAR,19820,18.376047,114229
40779,10,2024-08-21,DIESEL,33333,19.087942,114235
40780,10,2024-08-21,DIESEL,33319,19.087942,114236
40783,10,2024-08-21,PREMIUM,29944,19.360776,114239
40784,10,2024-08-21,PREMIUM,29887,19.360776,114240
40791,6,2024-08-21,REGULAR,35861,18.307454,114262
40832,5,2024-08-22,REGULAR,20427,17.962016,114369
40835,8,2024-08-22,PREMIUM,29826,19.027697,114375
40836,10,2024-08-22,REGULAR,29932,18.181110,114376
40840,2,2024-08-22,DIESEL,33384,19.123924,114377
40841,8,2024-08-22,DIESEL,33382,19.098062,114378
40843,8,2024-08-22,REGULAR,33335,18.256154,114379
40845,11,2024-08-22,REGULAR,19835,18.131110,114384
40849,6,2024-08-22,PREMIUM,33358,19.432939,114391
40854,11,2024-08-22,PREMIUM,10085,19.382939,114383
40871,5,2024-08-23,DIESEL,20539,18.987984,114479
40873,9,2024-08-23,DIESEL,31584,19.397984,114447
40878,9,2024-08-23,REGULAR,31182,18.306678,114448
40886,2,2024-08-23,PREMIUM,10088,18.743625,114498
40887,2,2024-08-23,REGULAR,19844,18.306678,114499
40888,1,2024-08-23,REGULAR,29902,18.306678,114501
40889,10,2024-08-23,DIESEL,33442,19.397984,114507
40890,10,2024-08-23,REGULAR,33561,18.085739,114508
40891,3,2024-08-23,REGULAR,33454,18.085739,114509
40892,6,2024-08-23,REGULAR,35960,18.085739,114510
40900,4,2024-08-23,DIESEL,29899,19.397984,114525
40901,12,2024-08-23,REGULAR,19788,18.306678,114523
40902,12,2024-08-23,PREMIUM,10061,18.743625,114522
40940,2,2024-08-24,DIESEL,35904,19.577130,114628
40941,1,2024-08-24,DIESEL,29923,19.577130,114629
40942,1,2024-08-24,REGULAR,30041,19.073503,114630
40943,10,2024-08-24,REGULAR,33636,19.036484,114631
40945,3,2024-08-24,PREMIUM,10119,19.550074,114635
40946,3,2024-08-24,DIESEL,19825,19.577130,114636
40947,8,2024-08-24,DIESEL,33376,19.551268,114637
40948,8,2024-08-24,REGULAR,33425,19.047641,114638
40949,6,2024-08-24,DIESEL,35845,19.577130,114639
40952,3,2024-08-24,REGULAR,31423,19.036484,114648
40954,5,2024-08-24,REGULAR,20404,18.753503,114651
40958,10,2024-08-24,DIESEL,29868,19.577130,114665
40959,10,2024-08-24,DIESEL,29858,19.577130,114666
40975,10,2024-08-25,PREMIUM,31507,19.550074,114711
40993,2,2024-08-26,REGULAR,36024,19.073503,114772
40995,7,2024-08-26,PREMIUM,10149,19.242645,114776
40996,7,2024-08-26,DIESEL,19850,19.527130,114777
40997,9,2024-08-26,REGULAR,33418,19.073503,114778
40998,8,2024-08-26,DIESEL,33383,19.551268,114779
40999,8,2024-08-26,REGULAR,33371,19.047641,114780
41000,10,2024-08-26,DIESEL,29899,19.577130,114781
41001,10,2024-08-26,REGULAR,30078,19.036484,114782
41007,6,2024-08-26,REGULAR,36000,19.036484,114786
41010,93,2024-08-26,PREMIUM,19797,19.550074,114802
41012,93,2024-08-26,REGULAR,10041,19.036484,114801
41020,5,2024-08-26,REGULAR,20471,18.753503,114823
41032,5,2024-08-27,DIESEL,20450,19.172573,114883
41044,6,2024-08-27,REGULAR,36114,19.035626,114898
41045,4,2024-08-27,REGULAR,33450,19.035626,114901
41051,12,2024-08-27,REGULAR,31838,19.049011,114904
41052,11,2024-08-27,DIESEL,29881,19.532573,114905
41053,7,2024-08-27,REGULAR,29818,18.999011,114906
41054,2,2024-08-27,DIESEL,33368,19.582573,114907
41055,2,2024-08-27,REGULAR,33299,19.049011,114908
41068,5,2024-08-28,REGULAR,20691,18.652509,114980
41088,6,2024-08-28,DIESEL,35915,19.577473,115005
41089,1,2024-08-28,DIESEL,33417,19.577473,115006
41090,1,2024-08-28,PREMIUM,10108,19.163244,115010
41091,1,2024-08-28,REGULAR,19835,18.972509,115011
41092,10,2024-08-28,REGULAR,29964,18.983111,115015
41093,10,2024-08-28,REGULAR,30007,18.983111,115014
41097,10,2024-08-28,DIESEL,33387,19.577473,115018
41098,10,2024-08-28,DIESEL,33400,19.577473,115019
41099,8,2024-08-28,REGULAR,33330,18.946647,115022
41121,5,2024-08-28,PREMIUM,20555,18.953244,115055
41139,2,2024-08-29,DIESEL,35879,19.881368,115146
41140,3,2024-08-29,REGULAR,33506,18.946220,115147
41144,9,2024-08-29,DIESEL,33384,19.881368,115156
41145,9,2024-08-29,REGULAR,33381,19.074491,115157
41146,10,2024-08-29,DIESEL,29638,19.881368,115162
41147,10,2024-08-29,PREMIUM,29875,19.470395,115163
41151,2,2024-08-29,REGULAR,10049,19.074491,115168
41152,2,2024-08-29,PREMIUM,19782,19.330635,115169
41154,6,2024-08-29,REGULAR,35871,18.946220,115171
41160,11,2024-08-29,PREMIUM,10041,19.420395,115180
41161,11,2024-08-29,REGULAR,19800,18.896220,115181
41180,5,2024-08-30,REGULAR,20637,18.791659,115232
41183,5,2024-08-30,DIESEL,20538,19.158322,115247
41186,1,2024-08-30,REGULAR,33538,19.111659,115260
41193,1,2024-08-30,REGULAR,29856,19.111659,115265
41195,10,2024-08-30,DIESEL,35940,19.568322,115261
41200,3,2024-08-30,REGULAR,32011,18.682105,115271
41201,10,2024-08-30,DIESEL,33376,19.568322,115272
41202,10,2024-08-30,PREMIUM,33420,19.321640,115273
41204,4,2024-08-30,REGULAR,33269,18.682105,115285
41265,8,2024-08-30,REGULAR,30792,19.085797,115293
41267,93,2024-08-30,REGULAR,29865,18.682105,115292
41236,5,2024-08-31,REGULAR,20574,18.962613,115352
41239,2,2024-08-31,REGULAR,19969,19.282613,115389
41240,9,2024-08-31,REGULAR,30996,19.282613,115397
41242,9,2024-08-31,REGULAR,30944,19.282613,115398
41244,10,2024-08-31,DIESEL,31846,20.012026,115403
41245,8,2024-08-31,DIESEL,33323,19.986164,115406
41246,8,2024-08-31,REGULAR,33415,19.256751,115407
41247,2,2024-08-31,DIESEL,35805,20.012026,115411
41248,10,2024-08-31,REGULAR,33420,18.932883,115412
41249,12,2024-08-31,REGULAR,10066,19.282613,115414
41250,6,2024-08-31,REGULAR,35866,18.932883,115417
41256,12,2024-08-31,DIESEL,19795,20.012026,115415
41257,7,2024-08-31,DIESEL,10063,19.962026,115388
41263,9,2024-08-31,PREMIUM,33942,19.506863,115437
41276,6,2024-09-02,REGULAR,33491,18.932883,115530
41277,5,2024-09-02,DIESEL,20422,19.602026,115533
41279,2,2024-09-02,REGULAR,35867,19.282613,115537
41283,7,2024-09-02,PREMIUM,10068,19.456863,115541
41285,7,2024-09-02,DIESEL,19815,19.962026,115542
41286,8,2024-09-02,DIESEL,33353,19.986164,115543
41287,8,2024-09-02,REGULAR,33352,19.256751,115544
41288,10,2024-09-02,DIESEL,29861,20.012026,115545
41289,10,2024-09-02,REGULAR,29965,18.932883,115546
41296,11,2024-09-02,DIESEL,35821,19.962026,115549
41300,3,2024-09-02,PREMIUM,19866,19.511821,115563
41301,9,2024-09-02,DIESEL,30850,20.012026,115557
41303,9,2024-09-02,REGULAR,30829,19.282613,115558
41306,3,2024-09-02,DIESEL,10080,20.012026,115562
41313,5,2024-09-02,REGULAR,20522,18.962613,115577
41327,4,2024-09-03,DIESEL,19841,19.610416,115650
41328,4,2024-09-03,PREMIUM,10122,19.588319,115649
41338,8,2024-09-03,REGULAR,33311,19.098553,115663
41343,6,2024-09-03,DIESEL,35863,19.610416,115670
41344,10,2024-09-03,PREMIUM,29818,19.588319,115679
41370,1,2024-09-03,REGULAR,35908,19.124415,115645
41371,2,2024-09-03,DIESEL,33385,19.610416,115646
41382,1,2024-09-03,DIESEL,29898,19.610416,115647
41358,9,2024-09-04,REGULAR,34048,18.941813,115741
41364,5,2024-09-04,DIESEL,20455,19.367057,115764
41383,2,2024-09-04,REGULAR,29881,18.941813,115767
41385,6,2024-09-04,REGULAR,36025,18.800516,115769
41386,5,2024-09-04,REGULAR,20401,18.621813,115770
41388,12,2024-09-04,REGULAR,31824,18.941813,115771
41389,10,2024-09-04,DIESEL,33405,19.777057,115772
41390,10,2024-09-04,DIESEL,33379,19.777057,115773
41396,10,2024-09-04,REGULAR,33162,18.800516,115786
41432,1,2024-09-05,REGULAR,10072,18.353431,115910
41435,1,2024-09-05,REGULAR,19817,18.353431,115911
41438,2,2024-09-05,DIESEL,35888,19.543414,115912
41439,7,2024-09-05,REGULAR,33354,18.303431,115913
41441,11,2024-09-05,DIESEL,31898,19.493414,115917
41442,8,2024-09-05,REGULAR,33337,18.327569,115926
41443,8,2024-09-05,DIESEL,33396,19.517552,115925
41448,6,2024-09-05,REGULAR,35935,18.282909,115934
41450,10,2024-09-05,DIESEL,33410,19.543414,115938
41454,11,2024-09-05,REGULAR,19845,18.232909,115948
41455,11,2024-09-05,PREMIUM,10073,18.801695,115947
41464,5,2024-09-06,REGULAR,20609,17.956762,116016
41466,5,2024-09-06,DIESEL,20495,18.837737,116015
41484,10,2024-09-06,REGULAR,29946,18.243892,116072
41485,10,2024-09-06,REGULAR,29970,18.243892,116071
41486,8,2024-09-06,REGULAR,31873,18.250900,116070
41487,10,2024-09-06,PREMIUM,33409,18.743490,116069
41488,3,2024-09-06,REGULAR,33508,18.243892,116064
41521,2,2024-09-07,REGULAR,10133,18.486657,116184
41522,2,2024-09-07,PREMIUM,20000,18.665628,116185
41523,2,2024-09-07,DIESEL,35939,19.497360,116197
41524,1,2024-09-07,REGULAR,33583,18.486657,116202
41526,1,2024-09-07,PREMIUM,10136,18.665628,116211
41527,1,2024-09-07,DIESEL,19864,19.497360,116212
41540,9,2024-09-07,DIESEL,30966,19.497360,116238
41542,9,2024-09-07,REGULAR,31015,18.486657,116239
41544,5,2024-09-07,PREMIUM,20544,18.455628,116241
41549,10,2024-09-07,DIESEL,29946,19.497360,116222
41551,10,2024-09-07,DIESEL,29961,19.497360,116221
41552,8,2024-09-07,DIESEL,33446,19.471498,116216
41553,8,2024-09-07,REGULAR,33137,18.460795,116217
41554,6,2024-09-07,REGULAR,36117,18.470983,116218
41556,8,2024-09-07,PREMIUM,33528,18.639766,116220
41561,1,2024-09-09,DIESEL,33556,19.497360,116349
41565,8,2024-09-09,REGULAR,33531,18.460795,116381
41567,6,2024-09-09,DIESEL,33474,19.497360,116369
41568,10,2024-09-09,DIESEL,29967,19.497360,116372
41569,10,2024-09-09,REGULAR,30177,18.470983,116373
41571,7,2024-09-09,DIESEL,19825,19.447360,116379
41572,8,2024-09-09,DIESEL,33453,19.471498,116380
41581,6,2024-09-09,REGULAR,36024,18.470983,116392
41587,11,2024-09-09,DIESEL,31193,19.447360,116404
41589,5,2024-09-09,REGULAR,20427,18.166657,116407
41616,1,2024-09-09,REGULAR,36196,18.486657,116367
41621,7,2024-09-09,PREMIUM,2720,18.615628,116378
41637,1,2024-09-09,PREMIUM,7424,18.750636,116378
41598,9,2024-09-10,REGULAR,30549,18.571090,116482
41606,12,2024-09-10,REGULAR,19978,18.571090,116450
41607,12,2024-09-10,PREMIUM,10145,18.750636,116449
41608,5,2024-09-10,DIESEL,19998,18.715742,116448
41624,2,2024-09-10,REGULAR,33408,18.571090,116511
41625,2,2024-09-10,DIESEL,35951,19.125742,116512
41633,93,2024-09-10,DIESEL,29952,19.125742,116527
41635,10,2024-09-10,PREMIUM,33473,18.719420,116529
41636,11,2024-09-10,DIESEL,33440,19.075742,116530
41638,4,2024-09-10,REGULAR,33405,18.373983,116535
41681,6,2024-09-10,REGULAR,35868,18.373983,116538
41694,11,2024-09-11,REGULAR,20120,18.539792,116580
41697,11,2024-09-11,PREMIUM,20133,18.954406,116605
41703,6,2024-09-11,DIESEL,35933,19.198032,116621
41704,8,2024-09-11,REGULAR,31950,18.478174,116622
41705,3,2024-09-11,REGULAR,33573,18.589792,116623
41706,10,2024-09-11,REGULAR,30064,18.589792,116628
41707,10,2024-09-11,REGULAR,29816,18.589792,116629
41708,10,2024-09-11,DIESEL,33444,19.198032,116632
41709,10,2024-09-11,DIESEL,33441,19.198032,116633
41737,1,2024-09-12,REGULAR,10151,18.495100,116720
41738,1,2024-09-12,REGULAR,19985,18.495100,116721
41739,2,2024-09-12,DIESEL,35947,18.872403,116727
41749,2,2024-09-12,REGULAR,33257,18.495100,116740
41752,8,2024-09-12,DIESEL,33440,18.846541,116750
41753,8,2024-09-12,REGULAR,33382,18.469238,116751
41754,9,2024-09-12,DIESEL,29936,18.872403,116752
41755,9,2024-09-12,REGULAR,29892,18.495100,116753
41756,10,2024-09-12,PREMIUM,35970,19.027080,116756
41758,6,2024-09-12,PREMIUM,33421,19.027080,116758
41762,93,2024-09-12,REGULAR,10091,18.462192,116762
41763,93,2024-09-12,REGULAR,19878,18.462192,116763
41784,5,2024-09-12,REGULAR,20446,18.175100,116789
41797,4,2024-09-13,DIESEL,29901,18.925703,116856
41798,10,2024-09-13,DIESEL,33378,18.925703,116858
41799,10,2024-09-13,DIESEL,33410,18.925703,116859
41800,7,2024-09-13,PREMIUM,10074,18.628763,116861
41801,7,2024-09-13,DIESEL,19847,18.875703,116862
41802,6,2024-09-13,REGULAR,35875,18.522933,116863
41807,7,2024-09-13,REGULAR,29821,18.482107,116868
41808,10,2024-09-13,REGULAR,29857,18.522933,116869
41837,12,2024-09-13,DIESEL,10091,18.925703,116885
41838,12,2024-09-13,REGULAR,19874,18.532107,116886
41839,10,2024-09-13,DIESEL,29981,18.925703,116889
41840,5,2024-09-13,DIESEL,20472,18.515703,116894
41842,11,2024-09-13,DIESEL,20023,18.875703,116901
41845,11,2024-09-14,DIESEL,20014,18.858742,116918
41851,5,2024-09-14,REGULAR,20647,18.072226,116943
41855,9,2024-09-14,REGULAR,31118,18.392226,116958
41857,9,2024-09-14,PREMIUM,31069,18.572257,116959
41859,5,2024-09-14,PREMIUM,20038,18.362257,116960
41862,2,2024-09-14,DIESEL,35929,18.908742,116970
41863,8,2024-09-14,REGULAR,33418,18.366364,116971
41864,1,2024-09-14,DIESEL,29946,18.908742,116978
41865,1,2024-09-14,REGULAR,29887,18.392226,116979
41866,10,2024-09-14,REGULAR,33487,18.341142,116982
41867,10,2024-09-14,REGULAR,33415,18.341142,116983
41870,6,2024-09-14,REGULAR,35838,18.341142,116988
41873,3,2024-09-14,DIESEL,10056,18.908742,116994
41874,3,2024-09-14,REGULAR,19802,18.341142,116995
41879,10,2024-09-14,DIESEL,29874,18.908742,117001
41880,10,2024-09-14,PREMIUM,29825,18.809065,117002
41895,11,2024-09-16,REGULAR,10159,18.291142,117083
41896,11,2024-09-16,REGULAR,20022,18.291142,117084
41897,6,2024-09-16,REGULAR,36091,18.341142,117101
41898,10,2024-09-16,REGULAR,33541,18.341142,117105
41899,10,2024-09-16,DIESEL,29952,18.908742,117110
41900,10,2024-09-16,DIESEL,29937,18.908742,117111
41901,8,2024-09-16,REGULAR,33477,18.366364,117112
41919,5,2024-09-17,REGULAR,20618,18.143984,117167
41921,3,2024-09-17,REGULAR,33549,18.150172,117185
41922,1,2024-09-17,REGULAR,35909,18.463984,117186
41923,1,2024-09-17,DIESEL,33437,18.537449,117188
41924,1,2024-09-17,REGULAR,33410,18.463984,117189
41926,9,2024-09-17,DIESEL,29938,18.537449,117191
41927,9,2024-09-17,REGULAR,29777,18.463984,117192
41931,6,2024-09-17,DIESEL,31174,18.537449,117197
41935,10,2024-09-17,PREMIUM,35883,18.966101,117200
41939,8,2024-09-17,DIESEL,33447,18.511587,117208
41940,8,2024-09-17,REGULAR,33484,18.438122,117209
41950,2,2024-09-17,REGULAR,31919,18.463984,117187
41958,12,2024-09-17,REGULAR,32011,18.463984,117207
41965,2,2024-09-18,DIESEL,35950,18.537449,117273
41966,93,2024-09-18,DIESEL,10088,18.537449,117279
41967,93,2024-09-18,REGULAR,19917,18.150172,117280
41968,10,2024-09-18,REGULAR,33493,18.150172,117287
41969,11,2024-09-18,DIESEL,33449,18.487449,117288
41970,10,2024-09-18,DIESEL,29954,18.537449,117289
41971,10,2024-09-18,DIESEL,29957,18.537449,117290
41972,4,2024-09-18,REGULAR,31939,18.150172,117292
41975,6,2024-09-18,REGULAR,35862,18.150172,117299
42008,1,2024-09-19,PREMIUM,10100,18.685203,117399
42009,1,2024-09-19,REGULAR,19863,18.499320,117400
42010,2,2024-09-19,DIESEL,35923,18.957332,117402
42011,9,2024-09-19,REGULAR,33409,18.499320,117403
42012,10,2024-09-19,REGULAR,30017,18.417353,117404
42013,10,2024-09-19,PREMIUM,29985,18.856520,117405
42021,2,2024-09-19,REGULAR,33381,18.499320,117407
42031,6,2024-09-19,REGULAR,35844,18.417353,117416
42032,8,2024-09-19,REGULAR,33325,18.473458,117418
42033,5,2024-09-19,DIESEL,19921,18.547332,117419
42035,3,2024-09-19,REGULAR,10045,18.417353,117420
42036,3,2024-09-19,DIESEL,19812,18.957332,117421
42038,5,2024-09-19,REGULAR,20445,18.179320,117438
42051,3,2024-09-20,REGULAR,30116,18.612492,117465
42052,7,2024-09-20,DIESEL,36067,18.892468,117466
42053,8,2024-09-20,DIESEL,33547,18.916606,117467
42054,10,2024-09-20,DIESEL,33546,18.942468,117468
42057,6,2024-09-20,DIESEL,36066,18.942468,117480
42071,12,2024-09-20,PREMIUM,10149,18.796086,117469
42072,12,2024-09-20,REGULAR,19979,18.616540,117470
42073,5,2024-09-20,REGULAR,20545,18.296540,117522
42101,9,2024-09-21,DIESEL,31237,19.052928,117610
42104,8,2024-09-21,REGULAR,33459,18.915464,117617
42105,2,2024-09-21,DIESEL,35967,19.052928,117620
42107,1,2024-09-21,DIESEL,29973,19.052928,117622
42108,1,2024-09-21,REGULAR,29924,18.941326,117623
42109,93,2024-09-21,REGULAR,10119,18.850042,117626
42111,10,2024-09-21,DIESEL,33460,19.052928,117628
42112,10,2024-09-21,REGULAR,33541,18.850042,117629
42123,6,2024-09-21,REGULAR,35916,18.850042,117635
42134,93,2024-09-21,DIESEL,13739,19.052928,117627
42135,11,2024-09-21,DIESEL,6137,19.002928,117627
42140,8,2024-09-23,REGULAR,33426,18.915464,117737
42141,6,2024-09-23,REGULAR,36047,18.850042,117738
42144,10,2024-09-23,DIESEL,29879,19.052928,117744
42145,10,2024-09-23,PREMIUM,33524,19.248486,117748
42146,10,2024-09-23,REGULAR,33465,18.850042,117749
42147,12,2024-09-23,DIESEL,10058,19.052928,117751
42148,12,2024-09-23,REGULAR,19846,18.941326,117752
42149,11,2024-09-23,DIESEL,29858,19.002928,117745
42164,2,2024-09-23,REGULAR,10119,18.941326,117779
42165,2,2024-09-23,PREMIUM,19945,19.080483,117780
42168,5,2024-09-24,DIESEL,10499,18.647328,117796
42170,5,2024-09-24,DIESEL,10500,18.647328,117797
42179,7,2024-09-24,PREMIUM,10158,18.787290,117841
42180,7,2024-09-24,REGULAR,19927,18.648133,117842
42192,10,2024-09-24,DIESEL,33393,19.057328,117853
42194,1,2024-09-24,REGULAR,35966,18.698133,117855
42195,8,2024-09-24,DIESEL,29891,19.031466,117858
42196,9,2024-09-24,REGULAR,29966,18.698133,117859
42197,8,2024-09-24,PREMIUM,33547,18.811428,117862
42198,8,2024-09-24,REGULAR,33454,18.672271,117863
42199,3,2024-09-24,DIESEL,10059,19.057328,117869
42200,3,2024-09-24,PREMIUM,19909,19.102709,117870
42201,2,2024-09-24,DIESEL,35852,19.057328,117874
42225,5,2024-09-25,REGULAR,20680,18.371988,117947
42229,5,2024-09-25,DIESEL,20429,18.584208,117961
42232,3,2024-09-25,REGULAR,33572,18.586942,117967
42233,5,2024-09-25,REGULAR,19960,18.371988,117974
42235,2,2024-09-25,REGULAR,35925,18.691988,117975
42240,11,2024-09-25,PREMIUM,10107,18.944070,117979
42241,11,2024-09-25,REGULAR,19883,18.536942,117980
42243,10,2024-09-25,DIESEL,33359,18.994208,117984
42244,10,2024-09-25,DIESEL,33352,18.994208,117985
42245,10,2024-09-25,REGULAR,29916,18.586942,117986
42246,10,2024-09-25,PREMIUM,29920,18.994070,117987
42247,6,2024-09-25,REGULAR,35868,18.586942,117988
42262,5,2024-09-26,DIESEL,20484,18.740558,118037
42274,5,2024-09-26,PREMIUM,20610,18.579346,118062
42278,93,2024-09-26,PREMIUM,10138,18.955592,118068
42279,93,2024-09-26,REGULAR,20002,18.705653,118069
42282,1,2024-09-26,DIESEL,33383,19.150558,118072
42283,1,2024-09-26,REGULAR,33533,18.650189,118073
42284,4,2024-09-26,REGULAR,33639,18.705653,118074
42285,9,2024-09-26,DIESEL,29893,19.150558,118075
42286,9,2024-09-26,REGULAR,30010,18.650189,118076
42291,2,2024-09-26,DIESEL,35882,19.150558,118067
42295,6,2024-09-26,DIESEL,35935,19.150558,118082
42299,8,2024-09-26,REGULAR,33648,18.624327,118086
42321,2,2024-09-27,REGULAR,36091,18.565647,118167
42322,6,2024-09-27,REGULAR,33693,18.668783,118169
42327,9,2024-09-27,PREMIUM,10139,18.740509,118179
42328,9,2024-09-27,REGULAR,19921,18.565647,118180
42332,10,2024-09-27,DIESEL,33419,19.196418,118182
42333,10,2024-09-27,DIESEL,33414,19.196418,118183
42334,10,2024-09-27,REGULAR,30131,18.668783,118184
42335,11,2024-09-27,DIESEL,29925,19.146418,118185
42336,12,2024-09-27,REGULAR,36058,18.565647,118194
42372,5,2024-09-27,REGULAR,20573,18.235341,118211
42383,2,2024-09-28,DIESEL,35935,19.109378,118284
42384,6,2024-09-28,REGULAR,33617,18.508792,118291
42385,1,2024-09-28,REGULAR,30018,18.555341,118293
42386,8,2024-09-28,REGULAR,29981,18.529479,118294
42387,7,2024-09-28,REGULAR,10103,18.505341,118295
42389,10,2024-09-28,DIESEL,35909,19.109378,118297
42390,10,2024-09-28,PREMIUM,33502,18.895137,118302
42391,10,2024-09-28,REGULAR,33498,18.508792,118303
42394,11,2024-09-28,PREMIUM,10083,18.845137,118315
42395,11,2024-09-28,DIESEL,19833,19.059378,118316
42396,8,2024-09-28,DIESEL,29904,19.083516,118317
42878,7,2024-09-28,DIESEL,19848,19.059378,118296
42416,6,2024-09-30,REGULAR,36243,18.508792,118426
42419,1,2024-09-30,DIESEL,10103,19.109378,118428
42420,1,2024-09-30,PREMIUM,19970,18.689940,118429
42421,3,2024-09-30,DIESEL,33459,19.109378,118432
42428,8,2024-09-30,DIESEL,29956,19.083516,118440
42429,8,2024-09-30,REGULAR,30023,18.529479,118441
42433,11,2024-09-30,REGULAR,19938,18.458792,118451
42434,11,2024-09-30,DIESEL,10076,19.059378,118452
42435,9,2024-09-30,PREMIUM,31281,18.689940,118453
42442,10,2024-09-30,REGULAR,33422,18.508792,118465
42448,10,2024-09-30,DIESEL,33416,19.109378,118464
42876,1,2024-09-30,REGULAR,33513,18.555341,118434
42877,1,2024-09-30,REGULAR,33558,18.555341,118433
42459,12,2024-10-01,REGULAR,20099,18.666072,118528
42460,12,2024-10-01,DIESEL,10142,19.167618,118529
42461,10,2024-10-01,PREMIUM,33844,19.034890,118532
42474,6,2024-10-01,PREMIUM,33581,19.034890,118550
42488,2,2024-10-01,REGULAR,36174,18.666072,118542
42491,9,2024-10-01,REGULAR,30243,18.666072,118535
42495,9,2024-10-01,DIESEL,30088,19.167618,118534
42498,5,2024-10-01,REGULAR,20723,18.346072,118527
42500,6,2024-10-01,DIESEL,35970,19.167618,118551
43951,11,2024-10-01,DIESEL,33504,19.117618,118533
42490,7,2024-10-02,PREMIUM,10196,18.879621,118600
42492,8,2024-10-02,REGULAR,33720,18.720936,118607
42494,8,2024-10-02,DIESEL,33510,19.125496,118606
42496,10,2024-10-02,DIESEL,30036,19.151358,118604
42497,10,2024-10-02,REGULAR,30263,18.605312,118605
42499,7,2024-10-02,REGULAR,20085,18.696798,118601
42503,2,2024-10-02,DIESEL,36008,19.151358,118610
42511,6,2024-10-02,REGULAR,36199,18.605312,118627
42512,4,2024-10-02,DIESEL,33512,19.151358,118620
42521,93,2024-10-02,REGULAR,10143,18.605312,118637
42522,93,2024-10-02,REGULAR,19952,18.605312,118638
42550,4,2024-10-03,PREMIUM,10243,19.057309,118703
42551,4,2024-10-03,REGULAR,20177,18.605312,118704
42552,5,2024-10-03,DIESEL,20548,18.741358,118701
42554,2,2024-10-03,DIESEL,35989,19.151358,118716
42555,1,2024-10-03,REGULAR,33729,18.746798,118717
42556,8,2024-10-03,REGULAR,30237,18.720936,118720
42557,11,2024-10-03,DIESEL,29989,19.101358,118721
42558,10,2024-10-03,DIESEL,33487,19.151358,118722
42559,10,2024-10-03,REGULAR,33796,18.605312,118723
42566,9,2024-10-03,REGULAR,33527,18.746798,118733
42567,9,2024-10-03,REGULAR,31319,18.746798,118736
42571,11,2024-10-03,REGULAR,21053,18.555312,118740
42573,11,2024-10-03,PREMIUM,21046,19.007309,118741
42581,5,2024-10-03,REGULAR,20468,18.426798,118746
42583,3,2024-10-03,REGULAR,36213,18.605312,118730
42592,2,2024-10-04,REGULAR,36129,18.709798,118821
42595,12,2024-10-04,PREMIUM,10131,18.892621,118827
42596,12,2024-10-04,REGULAR,19905,18.709798,118828
42597,5,2024-10-04,REGULAR,20501,18.389798,118829
42599,6,2024-10-04,REGULAR,36056,18.600612,118831
42607,3,2024-10-04,REGULAR,33650,18.600612,118822
42610,10,2024-10-04,DIESEL,33467,19.147158,118832
42611,10,2024-10-04,DIESEL,33446,19.147158,118833
42612,10,2024-10-04,REGULAR,30080,18.600612,118834
42613,10,2024-10-04,PREMIUM,30045,19.039428,118835
42652,5,2024-10-05,PREMIUM,20664,19.338843,118886
42656,2,2024-10-05,PREMIUM,30250,19.548843,118898
42657,10,2024-10-05,DIESEL,30033,19.742268,118899
42658,2,2024-10-05,DIESEL,36011,19.742268,118900
42660,1,2024-10-05,DIESEL,33601,19.742268,118902
42661,8,2024-10-05,REGULAR,33736,19.371456,118903
42662,10,2024-10-05,DIESEL,30005,19.742268,118911
42663,6,2024-10-05,REGULAR,36253,19.316762,118912
42665,8,2024-10-05,DIESEL,33491,19.716406,118918
42666,6,2024-10-05,DIESEL,33471,19.742268,118920
42667,8,2024-10-05,PREMIUM,31507,19.522981,118928
42670,9,2024-10-05,REGULAR,31296,19.397318,118930
42686,6,2024-10-07,REGULAR,36229,19.316762,119005
42688,8,2024-10-07,REGULAR,33640,19.371456,119008
42690,11,2024-10-07,DIESEL,30065,19.692268,119010
42691,11,2024-10-07,DIESEL,30003,19.692268,119011
42693,10,2024-10-07,DIESEL,33554,19.742268,119015
42694,10,2024-10-07,REGULAR,33678,19.316762,119016
42695,7,2024-10-07,REGULAR,32064,19.347318,119025
42702,5,2024-10-07,REGULAR,20529,19.077318,119039
42709,1,2024-10-08,DIESEL,30147,19.688949,119079
42710,1,2024-10-08,REGULAR,30126,19.422809,119080
42711,8,2024-10-08,DIESEL,33648,19.663087,119081
42712,8,2024-10-08,REGULAR,33647,19.396947,119082
42723,2,2024-10-08,DIESEL,36005,19.688949,119093
42727,4,2024-10-08,REGULAR,33703,19.204372,119098
42734,12,2024-10-08,REGULAR,36069,19.422809,119105
42735,7,2024-10-08,DIESEL,31970,19.638949,119122
42745,10,2024-10-08,PREMIUM,32015,20.002886,119126
42893,11,2024-10-08,DIESEL,30011,19.638949,119094
42894,8,2024-10-08,REGULAR,30143,19.396947,119095
42763,2,2024-10-09,REGULAR,36251,19.333008,119193
42765,10,2024-10-09,REGULAR,32164,19.220483,119203
42766,4,2024-10-09,REGULAR,33657,19.220483,119204
42767,10,2024-10-09,DIESEL,33500,20.185078,119205
42768,10,2024-10-09,DIESEL,33481,20.185078,119206
42774,6,2024-10-09,REGULAR,36039,19.220483,119210
42780,11,2024-10-09,REGULAR,10495,19.170483,119214
42782,11,2024-10-09,REGULAR,10496,19.170483,119215
42785,9,2024-10-09,DIESEL,31463,20.185078,119220
42787,9,2024-10-09,REGULAR,31474,19.333008,119221
42793,5,2024-10-09,REGULAR,20443,19.013008,119228
42795,5,2024-10-09,DIESEL,10513,19.775078,119234
42797,5,2024-10-09,DIESEL,10514,19.775078,119235
42802,10,2024-10-10,DIESEL,33601,19.685218,119273
42803,8,2024-10-10,REGULAR,33986,19.265432,119274
42810,2,2024-10-10,DIESEL,36130,19.685218,119280
42811,1,2024-10-10,REGULAR,33739,19.291294,119284
42812,9,2024-10-10,DIESEL,31563,19.685218,119291
42814,9,2024-10-10,REGULAR,31629,19.291294,119292
42818,6,2024-10-10,DIESEL,36007,19.685218,119294
42820,3,2024-10-10,REGULAR,33723,19.166622,119296
42823,93,2024-10-10,REGULAR,32041,19.166622,119300
42843,11,2024-10-10,DIESEL,20046,19.635218,119328
42859,2,2024-10-11,REGULAR,36449,19.392020,119374
42865,93,2024-10-11,DIESEL,33503,19.603478,119388
42866,6,2024-10-11,REGULAR,36348,19.051512,119389
42867,10,2024-10-11,DIESEL,33507,19.603478,119390
42868,10,2024-10-11,DIESEL,33503,19.603478,119391
42870,12,2024-10-11,DIESEL,19982,19.603478,119398
42872,10,2024-10-11,REGULAR,31052,19.051512,119401
42874,10,2024-10-11,PREMIUM,30987,19.303960,119402
42880,5,2024-10-11,REGULAR,20493,19.072020,119407
42909,5,2024-10-11,PREMIUM,19813,19.349442,179512
42886,7,2024-10-12,PREMIUM,30671,19.470960,179540
42888,1,2024-10-12,PREMIUM,30661,19.520960,179541
42896,10,2024-10-12,PREMIUM,31617,19.679598,119453
42901,10,2024-10-12,REGULAR,31594,19.082403,119454
42905,2,2024-10-12,DIESEL,36032,20.026549,119473
43901,1,2024-10-12,REGULAR,33602,19.353355,119478
43902,10,2024-10-12,REGULAR,33787,19.082403,119481
43903,10,2024-10-12,REGULAR,32175,19.082403,119482
43904,6,2024-10-12,REGULAR,36075,19.082403,119488
43905,8,2024-10-12,DIESEL,19884,20.000687,119490
43906,8,2024-10-12,DIESEL,9993,20.000687,119491
43907,10,2024-10-12,DIESEL,33467,20.026549,119494
43982,10,2024-10-12,DIESEL,33478,20.026549,119495
42912,6,2024-10-14,REGULAR,33739,19.082403,119582
42913,9,2024-10-14,DIESEL,30205,20.026549,119557
42914,9,2024-10-14,REGULAR,30311,19.353355,119558
42915,5,2024-10-14,REGULAR,20503,19.033355,119612
42921,8,2024-10-14,PREMIUM,31166,19.495098,119622
42934,9,2024-10-14,PREMIUM,31188,19.520960,119621
42966,12,2024-10-14,REGULAR,31703,19.353355,119620
43157,11,2024-10-14,DIESEL,19983,19.976549,119569
43547,11,2024-10-14,DIESEL,10043,19.976549,119568
43909,7,2024-10-14,REGULAR,10114,19.303355,119554
43910,7,2024-10-14,REGULAR,20128,19.303355,119555
43911,8,2024-10-14,DIESEL,33723,20.000687,119561
43912,8,2024-10-14,REGULAR,33730,19.327493,119562
43913,10,2024-10-14,DIESEL,36097,20.026549,119580
43914,5,2024-10-14,DIESEL,20589,19.616549,119564
42932,1,2024-10-15,DIESEL,33554,19.935658,119660
42933,2,2024-10-15,DIESEL,36052,19.935658,119665
42946,5,2024-10-15,DIESEL,20502,19.525658,119675
42948,4,2024-10-15,DIESEL,33483,19.935658,119676
42949,9,2024-10-15,REGULAR,31507,19.175175,119678
42951,10,2024-10-15,PREMIUM,33570,19.442781,119680
42952,1,2024-10-15,REGULAR,33488,19.175175,119681
42953,6,2024-10-15,DIESEL,35995,19.935658,119682
42957,3,2024-10-15,PREMIUM,9977,19.442781,119685
42958,3,2024-10-15,DIESEL,19872,19.935658,119686
42977,2,2024-10-16,REGULAR,36533,18.929867,119726
42983,3,2024-10-16,REGULAR,36286,18.731212,119735
42984,8,2024-10-16,REGULAR,33529,18.904005,119746
42990,10,2024-10-16,REGULAR,29999,18.731212,119760
42994,10,2024-10-16,DIESEL,33513,19.542467,119767
42995,10,2024-10-16,DIESEL,33487,19.542467,119766
42996,7,2024-10-16,DIESEL,20012,19.492467,119778
42997,7,2024-10-16,DIESEL,10004,19.492467,119777
43008,93,2024-10-16,REGULAR,9999,18.731212,119792
43009,93,2024-10-16,PREMIUM,19980,19.171030,119793
43023,2,2024-10-17,DIESEL,36149,19.273528,119840
43024,9,2024-10-17,REGULAR,30800,18.833528,119837
43043,5,2024-10-17,REGULAR,20553,18.513528,119857
43045,1,2024-10-17,REGULAR,33560,18.833528,119858
43052,6,2024-10-17,REGULAR,36167,18.429303,119860
43053,3,2024-10-17,DIESEL,30027,19.273528,119861
43054,10,2024-10-17,DIESEL,33537,19.273528,119863
43055,10,2024-10-17,PREMIUM,33672,18.981903,119864
43061,11,2024-10-17,REGULAR,19989,18.379303,119871
43062,11,2024-10-17,PREMIUM,10011,18.931903,119870
43063,4,2024-10-17,REGULAR,33494,18.429303,119869
43076,12,2024-10-18,PREMIUM,10146,19.062384,119948
43077,12,2024-10-18,REGULAR,20261,18.915720,119949
43080,2,2024-10-18,REGULAR,36288,18.915720,119954
43085,10,2024-10-18,REGULAR,33592,18.568683,119967
43087,6,2024-10-18,REGULAR,36277,18.568683,119957
43088,11,2024-10-18,DIESEL,20064,19.307298,119959
43092,10,2024-10-18,DIESEL,30043,19.357298,119962
43093,10,2024-10-18,DIESEL,30009,19.357298,119963
43095,8,2024-10-18,REGULAR,33505,18.889858,119965
43096,8,2024-10-18,DIESEL,33510,19.331436,119966
43151,5,2024-10-18,REGULAR,20448,18.595720,119983
43117,6,2024-10-19,REGULAR,36251,18.506092,120035
43119,1,2024-10-19,DIESEL,33661,19.483078,120039
43120,1,2024-10-19,REGULAR,33643,18.708066,120040
43121,3,2024-10-19,REGULAR,33674,18.506092,120041
43124,10,2024-10-19,REGULAR,30073,18.506092,120046
43131,93,2024-10-19,REGULAR,32160,18.506092,120042
43137,10,2024-10-19,DIESEL,30055,19.483078,120045
43138,8,2024-10-19,REGULAR,33468,18.682204,120059
43162,5,2024-10-21,DIESEL,20600,19.073078,120176
43164,6,2024-10-21,DIESEL,36170,19.483078,120177
43165,6,2024-10-21,PREMIUM,33744,18.809181,120178
43166,7,2024-10-21,REGULAR,10041,18.658066,120179
43167,7,2024-10-21,REGULAR,20072,18.658066,120180
43170,10,2024-10-21,DIESEL,33627,19.483078,120184
43171,11,2024-10-21,DIESEL,33595,19.433078,120185
43178,9,2024-10-21,REGULAR,31102,18.708066,120191
43180,9,2024-10-21,REGULAR,31053,18.708066,120192
43188,8,2024-10-21,REGULAR,20030,18.682204,120199
43189,8,2024-10-21,REGULAR,10010,18.682204,120200
43191,5,2024-10-21,REGULAR,20526,18.388066,120204
43211,3,2024-10-22,REGULAR,31309,18.123253,120269
43215,5,2024-10-22,PREMIUM,20634,18.354809,120272
43223,9,2024-10-22,DIESEL,30473,19.182557,120276
43235,2,2024-10-22,DIESEL,35910,19.182557,120305
43236,1,2024-10-22,DIESEL,33417,19.182557,120309
43237,1,2024-10-22,REGULAR,33399,18.460255,120310
43238,6,2024-10-22,REGULAR,33481,18.123253,120312
43243,8,2024-10-22,REGULAR,29891,18.434393,120315
43244,10,2024-10-22,DIESEL,29915,19.182557,120316
43248,12,2024-10-22,REGULAR,35880,18.460255,120322
43249,4,2024-10-22,REGULAR,31923,18.123253,120324
43259,10,2024-10-22,PREMIUM,33420,18.625981,120334
43260,10,2024-10-22,REGULAR,33452,18.123253,120335
43274,5,2024-10-23,DIESEL,20659,19.072398,120382
43276,2,2024-10-23,REGULAR,36247,18.712568,120391
43286,8,2024-10-23,DIESEL,33460,19.456536,120397
43287,6,2024-10-23,REGULAR,36165,18.147053,120404
43288,10,2024-10-23,DIESEL,33448,19.482398,120405
43289,11,2024-10-23,DIESEL,33435,19.432398,120406
43290,10,2024-10-23,PREMIUM,30140,18.897990,120407
43291,11,2024-10-23,REGULAR,30157,18.097053,120408
43292,7,2024-10-23,DIESEL,9982,19.432398,120414
43293,7,2024-10-23,DIESEL,19962,19.432398,120415
43308,5,2024-10-23,REGULAR,20456,18.392568,120422
43310,11,2024-10-23,PREMIUM,19972,18.847990,120424
43320,93,2024-10-23,REGULAR,9987,18.147053,120428
43321,93,2024-10-23,REGULAR,19971,18.147053,120429
43332,2,2024-10-24,DIESEL,36012,19.646587,120478
43338,8,2024-10-24,REGULAR,33506,18.562081,120490
43357,3,2024-10-24,PREMIUM,30045,18.785549,120500
43358,1,2024-10-24,REGULAR,29944,18.587943,120501
43359,6,2024-10-24,REGULAR,36082,18.387272,120502
43360,93,2024-10-24,REGULAR,10013,18.387272,120506
43361,93,2024-10-24,DIESEL,19967,19.646587,120507
43362,10,2024-10-24,DIESEL,33437,19.646587,120512
43363,10,2024-10-24,REGULAR,33497,18.387272,120513
43372,5,2024-10-24,DIESEL,20451,19.236587,120521
43380,2,2024-10-25,DIESEL,36264,19.545557,120537
43381,6,2024-10-25,DIESEL,36046,19.545557,120552
43382,12,2024-10-25,PREMIUM,10132,18.656870,120555
43383,12,2024-10-25,REGULAR,20253,18.517713,120556
43384,10,2024-10-25,REGULAR,33973,18.232292,120558
43385,11,2024-10-25,DIESEL,33622,19.495557,120559
43390,4,2024-10-25,DIESEL,33608,19.545557,120564
43391,9,2024-10-25,PREMIUM,30407,18.656870,120567
43392,9,2024-10-25,REGULAR,30201,18.517713,120568
43399,5,2024-10-25,REGULAR,20541,18.197713,120587
43416,9,2024-10-26,DIESEL,31382,19.467278,120670
43418,9,2024-10-26,REGULAR,31798,18.777320,120671
43443,10,2024-10-26,DIESEL,31551,19.467278,120696
43445,10,2024-10-26,REGULAR,31720,18.346042,120697
43463,1,2024-10-26,REGULAR,32146,18.777320,120705
43464,2,2024-10-26,DIESEL,36069,19.467278,120707
43465,2,2024-10-26,PREMIUM,30163,18.933000,120708
43466,10,2024-10-26,DIESEL,30026,19.467278,120709
43467,8,2024-10-26,DIESEL,33580,19.441416,120710
43468,8,2024-10-26,REGULAR,33661,18.751458,120711
43469,1,2024-10-27,DIESEL,33559,19.467278,120713
43470,6,2024-10-27,REGULAR,36301,18.346042,120729
43471,10,2024-10-27,DIESEL,30050,19.467278,120730
43472,10,2024-10-27,PREMIUM,33732,18.761970,120739
43473,3,2024-10-27,REGULAR,32257,18.346042,120732
43474,2,2024-10-28,REGULAR,36195,18.777320,120793
43475,6,2024-10-28,REGULAR,36431,18.346042,120798
43477,12,2024-10-28,DIESEL,10039,19.467278,120800
43478,12,2024-10-28,REGULAR,20162,18.777320,120801
43480,11,2024-10-28,DIESEL,33596,19.417278,120803
43481,8,2024-10-28,REGULAR,30247,18.751458,120805
43482,8,2024-10-28,REGULAR,30226,18.751458,120806
43483,10,2024-10-28,DIESEL,33575,19.467278,120807
43484,10,2024-10-28,REGULAR,33870,18.346042,120808
43485,5,2024-10-28,REGULAR,20150,18.457320,120809
43487,5,2024-10-28,DIESEL,20550,19.057278,120811
43526,5,2024-10-29,PREMIUM,20703,18.747414,120899
43528,6,2024-10-29,REGULAR,36325,18.550353,120903
43531,3,2024-10-29,REGULAR,33693,18.550353,120908
43532,9,2024-10-29,REGULAR,31616,18.784719,120909
43534,93,2024-10-29,REGULAR,10060,18.550353,120910
43535,93,2024-10-29,REGULAR,20086,18.550353,120911
43536,10,2024-10-29,DIESEL,33511,19.651517,120912
43537,10,2024-10-29,DIESEL,33503,19.651517,120913
43538,8,2024-10-29,PREMIUM,30121,18.931552,120915
43539,11,2024-10-29,DIESEL,30016,19.601517,120916
43576,10,2024-10-30,REGULAR,31557,18.014112,121011
43578,2,2024-10-30,REGULAR,36290,18.546803,121012
43580,10,2024-10-30,PREMIUM,32235,18.441230,121020
43581,5,2024-10-30,REGULAR,20541,18.226803,121021
43583,1,2024-10-30,DIESEL,33570,19.124607,121022
43584,10,2024-10-30,DIESEL,30095,19.124607,121023
43585,10,2024-10-30,DIESEL,30031,19.124607,121024
43586,8,2024-10-30,DIESEL,33564,19.098745,121025
43587,8,2024-10-30,REGULAR,33532,18.520941,121026
43588,6,2024-10-30,DIESEL,36029,19.124607,121027
43593,4,2024-10-30,REGULAR,33453,18.014112,121051
43624,2,2024-10-31,DIESEL,36116,19.271317,121139
43625,11,2024-10-31,PREMIUM,10074,18.391970,121144
43626,11,2024-10-31,REGULAR,20141,17.963812,121145
43628,11,2024-10-31,DIESEL,33448,19.221317,121154
43629,1,2024-10-31,DIESEL,33487,19.271317,121155
43630,1,2024-10-31,REGULAR,33662,18.620377,121156
43631,9,2024-10-31,DIESEL,29970,19.271317,121158
43632,9,2024-10-31,REGULAR,30053,18.620377,121159
43633,6,2024-10-31,REGULAR,36147,18.013812,121161
43657,5,2024-11-01,REGULAR,20214,18.419457,121235
43664,7,2024-11-01,REGULAR,10089,18.689457,121246
43665,7,2024-11-01,REGULAR,20158,18.689457,121247
43666,2,2024-11-01,DIESEL,36073,19.579467,121249
43667,1,2024-11-01,PREMIUM,33557,18.912234,121258
43675,8,2024-11-01,REGULAR,33513,18.713595,121268
43676,8,2024-11-01,REGULAR,33503,18.713595,121269
43692,5,2024-11-01,DIESEL,20442,19.169467,121278
43694,3,2024-11-01,DIESEL,33403,19.579467,121285
43695,12,2024-11-01,PREMIUM,9982,18.912234,121286
43696,12,2024-11-01,REGULAR,19970,18.739457,121287
43772,8,2024-11-01,DIESEL,35903,19.553605,121267
43916,10,2024-11-01,DIESEL,29916,19.579467,121259
43917,10,2024-11-01,REGULAR,30130,18.280262,121260
43717,2,2024-11-02,REGULAR,36319,18.734421,121361
43719,6,2024-11-02,REGULAR,36350,18.381922,121369
43721,3,2024-11-02,REGULAR,33782,18.381922,121371
43722,1,2024-11-02,REGULAR,30206,18.734421,121372
43723,1,2024-11-02,REGULAR,30168,18.734421,121373
43725,9,2024-11-02,REGULAR,31489,18.734421,121399
43728,93,2024-11-02,REGULAR,20016,18.381922,121411
43729,93,2024-11-02,DIESEL,9979,19.749607,121412
43756,10,2024-11-02,REGULAR,30083,18.381922,121402
43757,10,2024-11-02,PREMIUM,30027,18.747930,121403
43918,10,2024-11-02,DIESEL,33590,19.749607,121379
43919,10,2024-11-02,DIESEL,33540,19.749607,121380
43742,9,2024-11-04,DIESEL,31679,19.749607,121510
43744,9,2024-11-04,REGULAR,31294,18.734421,121511
43763,6,2024-11-04,DIESEL,36014,19.749607,121522
43764,10,2024-11-04,REGULAR,33616,18.381922,121531
43766,8,2024-11-04,DIESEL,33462,19.723745,121537
43767,8,2024-11-04,REGULAR,33506,18.708559,121538
43768,10,2024-11-04,DIESEL,29982,19.749607,121540
43769,10,2024-11-04,DIESEL,29978,19.749607,121541
43780,10,2024-11-04,PREMIUM,31874,18.747930,121557
43794,5,2024-11-04,REGULAR,20053,18.414421,121596
43796,2,2024-11-05,DIESEL,35996,19.726737,121626
43798,1,2024-11-05,REGULAR,33426,19.037247,121630
43799,6,2024-11-05,REGULAR,36046,18.464972,121643
43800,5,2024-11-05,DIESEL,9963,19.316737,121645
43802,5,2024-11-05,DIESEL,9962,19.316737,121646
43804,11,2024-11-05,DIESEL,29883,19.676737,121649
43805,11,2024-11-05,REGULAR,29944,18.414972,121650
43806,10,2024-11-05,DIESEL,33379,19.726737,121651
43807,10,2024-11-05,REGULAR,33432,18.464972,121652
43822,7,2024-11-05,DIESEL,9967,19.676737,121662
43823,7,2024-11-05,DIESEL,19926,19.676737,121663
43824,4,2024-11-05,REGULAR,33451,18.464972,121673
43825,5,2024-11-05,PREMIUM,19922,18.923300,121674
43831,12,2024-11-05,REGULAR,19911,19.037247,121678
43832,12,2024-11-05,DIESEL,9965,19.726737,121679
43853,2,2024-11-06,REGULAR,36115,19.224791,121750
43854,9,2024-11-06,REGULAR,33512,19.224791,121751
43859,10,2024-11-06,DIESEL,29898,19.904598,121761
43860,10,2024-11-06,PREMIUM,30036,19.317220,121762
43862,8,2024-11-06,DIESEL,33389,19.878736,121764
43863,8,2024-11-06,REGULAR,33394,19.198929,121765
43864,6,2024-11-06,REGULAR,36056,18.785012,121766
43865,93,2024-11-06,DIESEL,9967,19.904598,121767
43866,93,2024-11-06,PREMIUM,19958,19.317220,121768
43867,5,2024-11-06,REGULAR,9967,18.904791,121772
43869,5,2024-11-06,REGULAR,9956,18.904791,121773
43900,2,2024-11-07,DIESEL,35932,20.189537,121847
43920,1,2024-11-07,REGULAR,31937,19.294729,121857
43921,10,2024-11-07,DIESEL,29922,20.189537,121860
43922,10,2024-11-07,REGULAR,30114,19.034053,121861
43923,8,2024-11-07,REGULAR,33425,19.268867,121864
43924,11,2024-11-07,DIESEL,33394,20.139537,121865
43926,4,2024-11-07,PREMIUM,9999,19.524490,121869
43927,4,2024-11-07,DIESEL,19934,20.189537,121870
43928,6,2024-11-07,REGULAR,35995,19.034053,121871
43933,6,2024-11-07,PREMIUM,31856,19.524490,121880
43941,5,2024-11-07,REGULAR,9951,18.974729,121893
43943,5,2024-11-07,REGULAR,9951,18.974729,121894
43945,9,2024-11-07,DIESEL,31387,20.189537,121895
43947,9,2024-11-07,PREMIUM,30849,19.472581,121896
43964,7,2024-11-08,REGULAR,10134,19.295372,121945
43965,7,2024-11-08,REGULAR,20249,19.295372,121946
43968,12,2024-11-08,DIESEL,10055,19.967637,121960
43969,12,2024-11-08,REGULAR,20124,19.345372,121961
43974,2,2024-11-08,DIESEL,35924,19.967637,121976
43985,3,2024-11-08,REGULAR,32040,19.035003,121994
43986,11,2024-11-08,DIESEL,29908,19.917637,121995
43987,11,2024-11-08,PREMIUM,29852,19.474635,121996
43988,8,2024-11-08,PREMIUM,33374,19.492552,121997
43989,10,2024-11-08,DIESEL,33415,19.967637,121998
43990,6,2024-11-08,DIESEL,35909,19.967637,121999
43997,5,2024-11-08,DIESEL,9973,19.557637,122005
43999,5,2024-11-08,DIESEL,9970,19.557637,122006
44029,9,2024-11-09,REGULAR,31502,18.966538,122057
44035,2,2024-11-09,REGULAR,36403,18.966538,122090
44037,6,2024-11-09,REGULAR,36357,18.738283,122099
44039,1,2024-11-09,DIESEL,33591,19.816867,122119
44040,1,2024-11-09,REGULAR,33540,18.966538,122120
44041,10,2024-11-09,PREMIUM,29947,19.127628,122131
44042,10,2024-11-09,REGULAR,29972,18.738283,122132
44044,10,2024-11-09,DIESEL,31914,19.816867,122146
44046,3,2024-11-09,REGULAR,9965,18.738283,122152
44047,3,2024-11-09,PREMIUM,19901,19.127628,122153
44052,8,2024-11-09,DIESEL,33388,19.791005,122157
44053,8,2024-11-09,REGULAR,33318,18.940676,122158
44069,93,2024-11-11,REGULAR,10126,18.738283,122309
44070,93,2024-11-11,REGULAR,20189,18.738283,122310
44071,6,2024-11-11,REGULAR,36132,18.738283,122312
44073,10,2024-11-11,REGULAR,32013,18.738283,122316
44079,8,2024-11-11,REGULAR,33450,18.940676,122331
44080,11,2024-11-11,DIESEL,33440,19.766867,122332
44081,5,2024-11-11,DIESEL,20450,19.406867,122333
44083,10,2024-11-11,DIESEL,29939,19.816867,122339
44084,10,2024-11-11,DIESEL,29964,19.816867,122340
44100,5,2024-11-11,REGULAR,10037,18.646538,122387
44102,5,2024-11-11,REGULAR,10041,18.646538,122388
44122,12,2024-11-12,REGULAR,10127,18.900725,122450
44123,12,2024-11-12,REGULAR,20221,18.900725,122451
44128,2,2024-11-12,DIESEL,36030,19.823648,122456
44130,1,2024-11-12,REGULAR,31996,18.900725,122473
44131,6,2024-11-12,REGULAR,36207,18.622822,122474
44132,10,2024-11-12,PREMIUM,33604,19.007466,122475
44133,10,2024-11-12,REGULAR,33694,18.622822,122476
44134,9,2024-11-12,DIESEL,29983,19.823648,122478
44135,9,2024-11-12,REGULAR,29962,18.900725,122479
44139,10,2024-11-12,DIESEL,31949,19.823648,122500
44177,5,2024-11-13,REGULAR,20804,18.406466,122592
44180,2,2024-11-13,REGULAR,36287,18.726466,122602
44182,2,2024-11-13,PREMIUM,10087,18.865623,122610
44183,2,2024-11-13,PREMIUM,20145,18.865623,122611
44185,4,2024-11-13,REGULAR,30130,18.446733,122623
44186,8,2024-11-13,DIESEL,33446,19.715116,122626
44187,8,2024-11-13,REGULAR,33509,18.700604,122627
44188,6,2024-11-13,DIESEL,35918,19.740978,122628
44189,10,2024-11-13,DIESEL,31933,19.740978,122629
44193,9,2024-11-13,DIESEL,30933,19.740978,122635
44195,9,2024-11-13,REGULAR,31149,18.726466,122639
44197,93,2024-11-13,PREMIUM,9952,18.831390,122644
44198,93,2024-11-13,DIESEL,19945,19.740978,122645
44199,5,2024-11-13,PREMIUM,9963,18.655623,122647
44201,5,2024-11-13,PREMIUM,9955,18.655623,122648
44227,7,2024-11-14,PREMIUM,10172,18.936813,122736
44228,7,2024-11-14,DIESEL,20114,19.845457,122737
44231,2,2024-11-14,DIESEL,36263,19.895457,122740
44232,11,2024-11-14,DIESEL,20128,19.845457,122741
44233,11,2024-11-14,DIESEL,10058,19.845457,122742
44235,1,2024-11-14,DIESEL,33569,19.895457,122755
44236,1,2024-11-14,REGULAR,33747,18.847656,122756
44237,3,2024-11-14,REGULAR,30158,18.517092,122758
44238,6,2024-11-14,REGULAR,36189,18.517092,122759
44246,10,2024-11-14,DIESEL,30010,19.895457,122760
44247,10,2024-11-14,REGULAR,30028,18.517092,122761
44255,8,2024-11-14,REGULAR,33473,18.821794,122776
44256,5,2024-11-14,REGULAR,20479,18.527656,122780
44286,12,2024-11-15,DIESEL,10043,19.946778,122859
44287,12,2024-11-15,REGULAR,20182,18.975321,122860
44288,3,2024-11-15,DIESEL,36120,19.946778,122861
44291,10,2024-11-15,DIESEL,33456,19.946778,122878
44292,10,2024-11-15,DIESEL,33442,19.946778,122879
44293,10,2024-11-15,REGULAR,30109,18.665522,122882
44294,10,2024-11-15,PREMIUM,29953,19.072200,122883
44295,93,2024-11-15,REGULAR,30026,18.665522,122884
44311,5,2024-11-15,DIESEL,9984,19.536778,122906
44313,5,2024-11-15,DIESEL,9988,19.536778,122907
44328,9,2024-11-16,REGULAR,31723,18.852848,122945
44330,7,2024-11-16,REGULAR,10125,18.802848,122949
44331,7,2024-11-16,REGULAR,20242,18.802848,122950
44332,2,2024-11-16,DIESEL,36080,19.824989,122951
44334,6,2024-11-16,REGULAR,36508,18.731033,122961
44335,1,2024-11-16,REGULAR,30257,18.852848,122965
44337,8,2024-11-16,DIESEL,33540,19.799127,122976
44338,8,2024-11-16,REGULAR,33536,18.826986,122977
44339,10,2024-11-16,DIESEL,30007,19.824989,122978
44340,10,2024-11-16,REGULAR,30202,18.731033,122979
44366,11,2024-11-18,REGULAR,10137,18.681033,123090
44367,11,2024-11-18,DIESEL,20087,19.774989,123091
44368,6,2024-11-18,DIESEL,36123,19.824989,123101
44369,1,2024-11-18,DIESEL,33529,19.824989,123108
44370,8,2024-11-18,REGULAR,33605,18.826986,123109
44372,3,2024-11-18,REGULAR,32108,18.731033,123115
44373,10,2024-11-18,DIESEL,29963,19.824989,123120
44374,10,2024-11-18,REGULAR,30013,18.731033,123121
44375,8,2024-11-18,DIESEL,33426,19.799127,123125
44376,5,2024-11-18,REGULAR,9983,18.532848,123137
44378,5,2024-11-18,REGULAR,9976,18.532848,123138
44381,9,2024-11-19,PREMIUM,31334,19.071578,123162
44396,1,2024-11-19,REGULAR,30136,18.932422,123189
44397,10,2024-11-19,PREMIUM,29957,19.266413,123190
44404,10,2024-11-19,DIESEL,33466,19.567180,123203
44405,10,2024-11-19,DIESEL,33459,19.567180,123204
44406,9,2024-11-19,DIESEL,30961,19.567180,123214
44408,9,2024-11-19,REGULAR,30952,18.932422,123215
44411,4,2024-11-19,REGULAR,32071,18.486192,123216
44415,10,2024-11-19,PREMIUM,29821,19.266413,123226
44416,2,2024-11-19,DIESEL,35875,19.567180,123231
44426,7,2024-11-19,DIESEL,9970,19.517180,123240
44427,7,2024-11-19,DIESEL,19954,19.517180,123241
44428,6,2024-11-19,REGULAR,35791,18.486192,123246
44437,8,2024-11-19,REGULAR,9990,18.906560,123261
44438,8,2024-11-19,REGULAR,19998,18.906560,123262
44449,5,2024-11-20,DIESEL,20539,19.157180,123300
44452,93,2024-11-20,PREMIUM,10070,19.161377,123304
44453,93,2024-11-20,DIESEL,20029,19.567180,123305
44454,2,2024-11-20,REGULAR,36155,18.872373,123310
44463,3,2024-11-20,REGULAR,33705,18.486192,123336
44464,6,2024-11-20,REGULAR,36216,18.486192,123337
44465,11,2024-11-20,DIESEL,30064,19.517180,123340
44466,11,2024-11-20,REGULAR,30136,18.436192,123341
44468,10,2024-11-20,DIESEL,30063,19.567180,123345
44469,10,2024-11-20,REGULAR,30094,18.486192,123346
44474,5,2024-11-20,REGULAR,10058,18.552373,123360
44476,5,2024-11-20,REGULAR,10052,18.552373,123361
44483,9,2024-11-21,REGULAR,31657,18.728213,123395
44497,2,2024-11-21,DIESEL,35986,19.861649,123439
44500,4,2024-11-21,DIESEL,29991,19.861649,123441
44503,8,2024-11-21,DIESEL,33480,19.835787,123445
44504,8,2024-11-21,REGULAR,33508,18.702351,123446
44505,12,2024-11-21,REGULAR,35975,18.728213,123447
44506,1,2024-11-21,PREMIUM,29988,18.867370,123451
44507,1,2024-11-21,REGULAR,29974,18.728213,123452
44520,6,2024-11-21,REGULAR,32004,18.690462,123474
44521,10,2024-11-21,DIESEL,29997,19.861649,123480
44522,10,2024-11-21,REGULAR,30006,18.690462,123481
44532,5,2024-11-22,REGULAR,20803,18.501944,123531
44544,7,2024-11-22,PREMIUM,10167,18.911101,123548
44545,7,2024-11-22,REGULAR,20338,18.771944,123549
44546,5,2024-11-22,PREMIUM,10149,18.751101,123552
44548,5,2024-11-22,PREMIUM,10124,18.751101,123553
44550,2,2024-11-22,REGULAR,36560,18.821944,123557
44555,93,2024-11-22,REGULAR,33876,18.707962,123563
44558,6,2024-11-22,REGULAR,36268,18.707962,123567
44559,10,2024-11-22,PREMIUM,30359,19.188203,123568
44560,10,2024-11-22,REGULAR,30256,18.707962,123569
44563,10,2024-11-22,DIESEL,30001,19.808289,123579
44564,6,2024-11-22,PREMIUM,10053,19.188203,123581
44565,6,2024-11-22,PREMIUM,20039,19.188203,123582
44665,11,2024-11-22,DIESEL,30016,19.758289,123578
44587,9,2024-11-23,REGULAR,31783,18.996972,123669
44601,2,2024-11-23,DIESEL,36036,20.193530,123704
44603,1,2024-11-23,DIESEL,33530,20.193530,123729
44604,1,2024-11-23,REGULAR,33623,18.996972,123730
44605,6,2024-11-23,DIESEL,36030,20.193530,123731
44606,8,2024-11-23,PREMIUM,30055,19.110266,123740
44607,8,2024-11-23,DIESEL,30008,20.167668,123742
44608,3,2024-11-23,PREMIUM,10016,19.388911,123743
44609,3,2024-11-23,REGULAR,20095,18.849312,123744
44610,11,2024-11-23,DIESEL,33492,20.143530,123745
44611,9,2024-11-23,DIESEL,31211,20.193530,123746
44613,10,2024-11-23,DIESEL,33512,20.193530,123748
44728,8,2024-11-25,REGULAR,33589,18.971110,123895
44729,1,2024-11-25,REGULAR,30059,18.996972,123898
44730,5,2024-11-25,REGULAR,20527,18.676972,123901
44732,5,2024-11-25,DIESEL,9982,19.783530,123925
44734,5,2024-11-25,DIESEL,9982,19.783530,123926
44736,12,2024-11-25,PREMIUM,10033,19.136128,123902
44737,12,2024-11-25,REGULAR,20017,18.996972,123903
44738,10,2024-11-25,DIESEL,33423,20.193530,123909
44739,10,2024-11-25,DIESEL,33436,20.193530,123910
44740,10,2024-11-25,REGULAR,30044,18.849312,123923
44741,10,2024-11-25,PREMIUM,29989,19.388911,123924
44742,6,2024-11-25,REGULAR,35949,18.849312,123942
44685,1,2024-11-26,DIESEL,10117,20.287710,124016
44686,1,2024-11-26,DIESEL,20158,20.287710,124017
44687,2,2024-11-26,DIESEL,36288,20.287710,124018
44688,9,2024-11-26,DIESEL,33490,20.287710,124033
44689,9,2024-11-26,REGULAR,33645,18.845508,124034
44690,10,2024-11-26,PREMIUM,30418,19.234442,124038
44691,3,2024-11-26,REGULAR,33912,18.932522,124039
44710,6,2024-11-26,REGULAR,36128,18.932522,124049
44711,11,2024-11-26,PREMIUM,9989,19.184442,124055
44712,11,2024-11-26,DIESEL,19958,20.237710,124056
44774,93,2024-11-27,DIESEL,20078,20.001599,124140
44775,93,2024-11-27,PREMIUM,10149,18.890870,124141
44777,2,2024-11-27,REGULAR,36675,18.704885,124142
44780,5,2024-11-27,DIESEL,20496,19.591599,124152
44787,4,2024-11-27,REGULAR,33635,18.414372,124161
44801,11,2024-11-27,DIESEL,29977,19.951599,124164
44805,8,2024-11-27,DIESEL,33457,19.975737,124174
44806,8,2024-11-27,REGULAR,33459,18.679023,124175
44807,10,2024-11-27,DIESEL,29953,20.001599,124176
44808,10,2024-11-27,REGULAR,29974,18.414372,124177
44809,5,2024-11-27,REGULAR,9982,18.384885,124178
44811,5,2024-11-27,REGULAR,9981,18.384885,124179
44836,2,2024-11-28,DIESEL,36169,20.254139,124285
44844,7,2024-11-28,REGULAR,10082,18.740682,124300
44845,7,2024-11-28,DIESEL,19992,20.204139,124301
44847,6,2024-11-28,REGULAR,36282,18.608272,124312
44848,8,2024-11-28,REGULAR,33584,18.764820,124313
44849,10,2024-11-28,DIESEL,29964,20.254139,124317
44850,10,2024-11-28,DIESEL,29977,20.254139,124318
44855,9,2024-11-28,REGULAR,29947,18.790682,124325
44857,10,2024-11-28,DIESEL,29928,20.254139,124337
44858,10,2024-11-28,PREMIUM,29922,18.991875,124338
44883,2,2024-11-29,REGULAR,36525,18.771965,124394
44887,6,2024-11-29,DIESEL,36130,19.900260,124404
44889,5,2024-11-29,REGULAR,20589,18.451965,124409
44891,1,2024-11-29,REGULAR,30072,18.771965,124418
44892,10,2024-11-29,DIESEL,30007,19.900260,124419
44893,10,2024-11-29,REGULAR,30188,18.473172,124420
44894,10,2024-11-29,DIESEL,29998,19.900260,124421
44895,3,2024-11-29,PREMIUM,10041,18.959942,124428
44896,3,2024-11-29,REGULAR,20082,18.473172,124429
44931,6,2024-11-30,REGULAR,36611,18.853060,124530
44932,1,2024-11-30,REGULAR,33787,18.728861,124537
44933,8,2024-11-30,DIESEL,33530,20.307102,124540
44934,8,2024-11-30,REGULAR,33554,18.702999,124541
44935,9,2024-11-30,DIESEL,30038,20.332964,124542
44936,9,2024-11-30,PREMIUM,30174,18.868018,124543
44937,10,2024-11-30,REGULAR,33479,18.853060,124549
44943,93,2024-11-30,REGULAR,9982,18.853060,124561
44944,93,2024-11-30,REGULAR,19954,18.853060,124562
44952,11,2024-11-30,REGULAR,9966,18.803060,124576
44954,11,2024-11-30,REGULAR,9976,18.803060,124577
44958,9,2024-12-02,REGULAR,31793,18.728861,124652
44968,2,2024-12-02,DIESEL,36067,20.332964,124688
44978,8,2024-12-02,REGULAR,33860,18.702999,124693
44979,1,2024-12-02,DIESEL,30058,20.332964,124700
44980,1,2024-12-02,REGULAR,30193,18.728861,124701
44984,7,2024-12-02,DIESEL,20010,20.282964,124714
44985,7,2024-12-02,PREMIUM,10033,18.818018,124715
44999,10,2024-12-02,DIESEL,33516,20.332964,124716
45000,10,2024-12-02,REGULAR,33525,18.853060,124717
45001,6,2024-12-02,REGULAR,35993,18.853060,124720
45010,5,2024-12-02,DIESEL,20545,19.922964,124685
45012,11,2024-12-02,DIESEL,30034,20.282964,124736
45013,11,2024-12-02,DIESEL,30036,20.282964,124737
45014,12,2024-12-02,DIESEL,10008,20.332964,124740
45015,12,2024-12-02,REGULAR,19967,18.728861,124741
45026,5,2024-12-03,REGULAR,10109,18.485652,124786
45028,5,2024-12-03,REGULAR,10109,18.485652,124787
45039,6,2024-12-03,DIESEL,36221,20.298280,124840
45044,3,2024-12-03,DIESEL,33580,20.298280,124844
45045,5,2024-12-03,PREMIUM,20671,18.624809,124847
45046,10,2024-12-03,DIESEL,30057,20.298280,124853
45049,2,2024-12-03,REGULAR,10006,18.728755,124863
45050,2,2024-12-03,PREMIUM,20016,18.867912,124864
45051,9,2024-12-03,DIESEL,31008,20.298280,124866
45053,9,2024-12-03,REGULAR,30969,18.728755,124867
45059,10,2024-12-03,PREMIUM,33731,18.966249,124854
45060,10,2024-12-03,REGULAR,33739,18.827092,124855
45062,8,2024-12-03,DIESEL,30069,20.272418,124852
45068,4,2024-12-03,PREMIUM,10011,18.966249,124892
45069,4,2024-12-03,REGULAR,20016,18.827092,124893
45096,2,2024-12-04,DIESEL,36132,20.207860,124958
45102,4,2024-12-04,REGULAR,33865,18.835862,124969
45103,8,2024-12-04,PREMIUM,33726,18.881198,124970
45104,6,2024-12-04,REGULAR,36245,18.835862,124978
45119,5,2024-12-04,REGULAR,9986,18.535071,124999
45121,5,2024-12-04,REGULAR,9984,18.535071,125000
45123,7,2024-12-04,REGULAR,9990,18.723002,125020
45124,7,2024-12-04,REGULAR,19985,18.723002,125021
45125,5,2024-12-04,DIESEL,10013,20.069929,125028
45127,5,2024-12-04,DIESEL,10012,20.069929,125029
45130,12,2024-12-04,PREMIUM,10015,18.907060,125034
45131,12,2024-12-04,REGULAR,20034,18.773002,125035
45149,1,2024-12-05,REGULAR,36412,18.686795,125098
45151,2,2024-12-05,REGULAR,36050,18.686795,125120
45154,11,2024-12-05,REGULAR,10058,18.930184,125124
45155,11,2024-12-05,PREMIUM,20082,19.069341,125125
45158,8,2024-12-05,DIESEL,33487,20.087185,125133
45159,8,2024-12-05,REGULAR,33483,18.660933,125134
45160,6,2024-12-05,PREMIUM,29981,19.119341,125141
45161,9,2024-12-05,DIESEL,31230,20.113047,125143
45163,3,2024-12-05,REGULAR,33502,18.980184,125147
45164,10,2024-12-05,DIESEL,29989,20.113047,125148
45165,10,2024-12-05,REGULAR,30000,18.980184,125149
45166,5,2024-12-05,REGULAR,9976,18.448864,125155
45168,5,2024-12-05,REGULAR,9977,18.448864,125156
45180,9,2024-12-05,REGULAR,31526,18.686795,125190
45201,6,2024-12-06,REGULAR,36526,18.859304,125222
45204,4,2024-12-06,DIESEL,33543,19.931617,125235
45205,10,2024-12-06,PREMIUM,30246,19.024323,125244
45206,12,2024-12-06,DIESEL,10024,19.931617,125246
45207,12,2024-12-06,REGULAR,20101,18.596281,125247
45209,11,2024-12-06,REGULAR,30078,18.809304,125249
45210,1,2024-12-06,DIESEL,33513,19.931617,125252
45211,1,2024-12-06,REGULAR,33580,18.596281,125253
45221,10,2024-12-06,DIESEL,33483,19.931617,125283
45222,10,2024-12-06,DIESEL,33483,19.931617,125284
45241,2,2024-12-07,DIESEL,36127,19.774761,125358
45245,6,2024-12-07,REGULAR,36129,18.731044,125374
45263,93,2024-12-07,DIESEL,10008,19.774761,125387
45264,93,2024-12-07,REGULAR,20047,18.731044,125388
45265,9,2024-12-07,DIESEL,30019,19.774761,125400
45266,6,2024-12-07,DIESEL,33510,19.774761,125401
45267,10,2024-12-07,DIESEL,33524,19.774761,125402
45268,10,2024-12-07,DIESEL,33516,19.774761,125403
45270,10,2024-12-07,REGULAR,30013,18.731044,125405
45406,11,2024-12-07,DIESEL,30015,19.724761,125404
45275,8,2024-12-08,REGULAR,33513,18.407299,125482
45276,8,2024-12-08,REGULAR,33434,18.407299,125483
45277,5,2024-12-09,DIESEL,10077,19.636830,125507
45279,5,2024-12-09,DIESEL,10067,19.636830,125508
45289,2,2024-12-09,REGULAR,36211,18.433161,125547
45293,1,2024-12-09,PREMIUM,30059,18.572318,125551
45297,10,2024-12-09,DIESEL,33506,19.774761,125556
45298,8,2024-12-09,DIESEL,33506,19.748899,125557
45299,8,2024-12-09,REGULAR,33515,18.407299,125558
45311,6,2024-12-09,REGULAR,36051,18.731044,125563
45312,7,2024-12-09,DIESEL,9998,19.724761,125566
45313,7,2024-12-09,DIESEL,19992,19.724761,125567
45315,10,2024-12-09,REGULAR,29936,18.731044,125573
45322,11,2024-12-09,DIESEL,20010,19.724761,125591
45323,11,2024-12-09,REGULAR,9967,18.681044,125592
45329,5,2024-12-09,REGULAR,9974,18.195230,125595
45331,5,2024-12-09,REGULAR,9980,18.195230,125596
45350,2,2024-12-10,DIESEL,36069,19.960136,125672
45351,1,2024-12-10,DIESEL,30078,19.960136,125673
45352,1,2024-12-10,REGULAR,30181,18.650919,125674
45355,5,2024-12-10,PREMIUM,20084,18.552145,125678
45358,3,2024-12-10,REGULAR,32228,18.932154,125685
45364,10,2024-12-10,PREMIUM,33735,19.071311,125689
45365,10,2024-12-10,REGULAR,33763,18.932154,125690
45366,10,2024-12-10,DIESEL,30021,19.960136,125691
45367,10,2024-12-10,DIESEL,30015,19.960136,125692
45369,6,2024-12-10,REGULAR,36187,18.932154,125695
45383,9,2024-12-11,DIESEL,31109,20.027823,125762
45388,9,2024-12-11,REGULAR,31240,18.866494,125763
45394,5,2024-12-11,REGULAR,10089,18.628563,125775
45396,5,2024-12-11,REGULAR,10086,18.628563,125776
45407,2,2024-12-11,REGULAR,36285,18.866494,125804
45409,8,2024-12-11,DIESEL,30038,20.001961,125811
45410,8,2024-12-11,REGULAR,30135,18.840632,125812
45411,4,2024-12-11,REGULAR,33725,19.025366,125813
45412,11,2024-12-11,DIESEL,30042,19.977823,125816
45413,11,2024-12-11,DIESEL,30038,19.977823,125817
45414,10,2024-12-11,REGULAR,33720,19.025366,125818
45415,10,2024-12-11,DIESEL,33537,20.027823,125819
45416,6,2024-12-11,DIESEL,36024,20.027823,125824
45419,7,2024-12-11,PREMIUM,10034,18.955651,125825
45420,7,2024-12-11,REGULAR,20008,18.816494,125826
45427,12,2024-12-11,REGULAR,9987,18.866494,125849
45428,12,2024-12-11,DIESEL,20011,20.027823,125850
45429,5,2024-12-11,DIESEL,10006,19.889892,125853
45431,5,2024-12-11,DIESEL,10010,19.889892,125854
45435,2,2024-12-12,DIESEL,36141,20.096119,125890
45437,6,2024-12-12,REGULAR,36587,19.108762,125905
45439,9,2024-12-12,REGULAR,31422,18.980621,125912
45441,9,2024-12-12,PREMIUM,31481,19.119778,125913
45443,12,2024-12-12,PREMIUM,10176,19.119778,125910
45444,12,2024-12-12,REGULAR,20254,18.980621,125911
45453,1,2024-12-12,REGULAR,33677,18.980621,125933
45454,10,2024-12-12,DIESEL,29967,20.096119,125934
45455,10,2024-12-12,PREMIUM,30173,19.229770,125935
45456,8,2024-12-12,DIESEL,33455,20.070257,125936
45457,8,2024-12-12,REGULAR,33576,18.954759,125937
45459,10,2024-12-12,REGULAR,30028,19.108762,125952
45460,11,2024-12-12,REGULAR,29980,19.058762,125953
45461,3,2024-12-12,REGULAR,33542,19.108762,125955
45557,5,2024-12-13,REGULAR,9984,18.745491,126080
45559,5,2024-12-13,REGULAR,9978,18.745491,126079
45526,2,2024-12-14,DIESEL,35997,20.242530,126175
45527,10,2024-12-14,PREMIUM,33673,19.288650,126184
45528,9,2024-12-14,DIESEL,32471,20.242530,126187
45530,9,2024-12-14,REGULAR,32627,19.007765,126188
45532,1,2024-12-14,DIESEL,29979,20.242530,126185
45533,1,2024-12-14,REGULAR,30107,19.007765,126186
45534,10,2024-12-14,DIESEL,29977,20.242530,126189
45535,10,2024-12-14,DIESEL,29966,20.242530,126190
45536,93,2024-12-14,PREMIUM,10019,19.288650,126192
45537,93,2024-12-14,REGULAR,20159,19.184524,126193
45542,8,2024-12-14,PREMIUM,33514,19.121059,126204
45543,8,2024-12-14,REGULAR,33514,18.981903,126205
45545,6,2024-12-14,REGULAR,36016,19.184524,126208
45565,2,2024-12-16,REGULAR,36104,19.007765,126343
45566,7,2024-12-16,REGULAR,10039,18.957765,126344
45567,7,2024-12-16,REGULAR,20030,18.957765,126345
45570,93,2024-12-16,DIESEL,33490,20.242530,126360
45572,10,2024-12-16,REGULAR,30069,19.184524,126364
45573,10,2024-12-16,REGULAR,30026,19.184524,126365
45576,8,2024-12-16,REGULAR,33497,18.981903,126368
45580,12,2024-12-16,REGULAR,29982,19.007765,126371
45581,6,2024-12-16,DIESEL,35957,20.242530,126376
45582,11,2024-12-16,PREMIUM,9989,19.238650,126379
45588,5,2024-12-16,REGULAR,9987,18.769834,126388
45590,5,2024-12-16,REGULAR,9985,18.769834,126389
45620,11,2024-12-16,DIESEL,19970,20.192530,126378
45610,5,2024-12-17,PREMIUM,10160,18.940655,126463
45612,5,2024-12-17,PREMIUM,10156,18.940655,126464
45624,2,2024-12-17,PREMIUM,36461,19.178586,126471
45627,93,2024-12-17,REGULAR,10153,19.239340,126482
45628,93,2024-12-17,PREMIUM,20272,19.378496,126483
45629,1,2024-12-17,REGULAR,33883,19.039429,126484
45630,6,2024-12-17,REGULAR,36310,19.239340,126489
45631,10,2024-12-17,PREMIUM,30179,19.378496,126492
45632,8,2024-12-17,DIESEL,33563,20.495912,126493
45636,10,2024-12-17,DIESEL,30013,20.521774,126497
45638,3,2024-12-17,REGULAR,33599,19.239340,126508
45645,10,2024-12-17,DIESEL,30029,20.521774,126496
45647,9,2024-12-17,REGULAR,31005,19.039429,126528
45656,5,2024-12-17,DIESEL,10045,20.383843,126549
45658,5,2024-12-17,DIESEL,10041,20.383843,126550
45666,2,2024-12-18,DIESEL,36167,20.345185,126597
45667,7,2024-12-18,PREMIUM,10130,18.964569,126598
45668,7,2024-12-18,DIESEL,20069,20.295185,126599
45672,6,2024-12-18,REGULAR,36271,19.002438,126623
45679,10,2024-12-18,REGULAR,30097,19.002438,126627
45683,3,2024-12-18,PREMIUM,10029,19.145527,126629
45684,3,2024-12-18,PREMIUM,20025,19.145527,126630
45685,11,2024-12-18,DIESEL,30006,20.295185,126632
45686,11,2024-12-18,DIESEL,29987,20.295185,126633
45696,5,2024-12-18,REGULAR,10082,18.637481,126679
45698,5,2024-12-18,REGULAR,10082,18.637481,126680
45706,2,2024-12-19,DIESEL,36217,20.396634,126707
45713,6,2024-12-19,REGULAR,36296,19.005703,126728
45714,6,2024-12-19,PREMIUM,30218,19.185810,126730
45717,9,2024-12-19,REGULAR,30116,18.906946,126733
45718,1,2024-12-19,DIESEL,33527,20.396634,126734
45719,1,2024-12-19,REGULAR,33620,18.906946,126735
45721,3,2024-12-19,REGULAR,33676,19.005703,126738
45724,12,2024-12-19,DIESEL,10002,20.396634,126745
45725,12,2024-12-19,REGULAR,20043,18.906946,126746
45729,10,2024-12-19,DIESEL,33511,20.396634,126751
45730,10,2024-12-19,DIESEL,33510,20.396634,126752
45742,5,2024-12-19,DIESEL,10047,20.258703,126766
45744,5,2024-12-19,DIESEL,10042,20.258703,126767
45753,5,2024-12-20,REGULAR,10166,18.527285,126802
45755,5,2024-12-20,REGULAR,10159,18.527285,126803
45761,4,2024-12-20,PREMIUM,10179,19.151486,126823
45762,4,2024-12-20,REGULAR,20300,18.942234,126824
45767,8,2024-12-20,DIESEL,33616,20.342710,126831
45768,8,2024-12-20,REGULAR,33852,18.739354,126832
45769,9,2024-12-20,DIESEL,30090,20.368572,126833
45770,9,2024-12-20,REGULAR,30309,18.765216,126834
45773,2,2024-12-20,REGULAR,36209,18.765216,126844
45775,6,2024-12-20,DIESEL,35976,20.368572,126861
45779,10,2024-12-20,DIESEL,29981,20.368572,126873
45780,10,2024-12-20,PREMIUM,30054,19.151486,126874
45784,6,2024-12-20,REGULAR,33590,18.942234,126876
45790,5,2024-12-21,REGULAR,10123,18.707211,126946
45792,5,2024-12-21,REGULAR,10114,18.707211,126947
45800,2,2024-12-21,DIESEL,36195,20.484554,126968
45819,6,2024-12-21,REGULAR,36337,19.014765,126977
45821,4,2024-12-21,PREMIUM,10083,19.230458,126982
45822,4,2024-12-21,DIESEL,20039,20.484554,126983
45823,1,2024-12-21,REGULAR,33692,18.945142,126988
45824,10,2024-12-21,DIESEL,30045,20.484554,126989
45825,10,2024-12-21,REGULAR,30144,19.014765,126993
45826,8,2024-12-21,DIESEL,33532,20.458692,126991
45827,8,2024-12-21,REGULAR,33650,18.919280,126992
45828,93,2024-12-21,REGULAR,33578,19.014765,127000
45835,10,2024-12-21,PREMIUM,30177,19.230458,126990
45836,10,2024-12-21,REGULAR,30118,19.014765,126994
45837,5,2024-12-23,PREMIUM,10136,18.889472,127112
45839,5,2024-12-23,PREMIUM,10139,18.889472,127113
45853,6,2024-12-23,REGULAR,36560,19.014765,127157
45854,2,2024-12-23,REGULAR,33883,18.945142,127158
45855,8,2024-12-23,REGULAR,30281,18.919280,127159
45856,11,2024-12-23,DIESEL,30140,20.434554,127161
45857,7,2024-12-23,DIESEL,30091,20.434554,127162
45859,10,2024-12-23,REGULAR,33952,19.014765,127164
45860,10,2024-12-23,REGULAR,33846,19.014765,127165
45879,11,2024-12-23,REGULAR,10050,18.964765,127187
45880,11,2024-12-23,PREMIUM,20068,19.180458,127188
45891,5,2024-12-23,REGULAR,10089,18.707211,127218
45893,5,2024-12-23,REGULAR,10088,18.707211,127219
45895,7,2024-12-24,PREMIUM,10111,18.861885,127228
45896,7,2024-12-24,REGULAR,20218,18.722728,127229
45897,93,2024-12-24,DIESEL,20071,20.311596,127245
45898,93,2024-12-24,PREMIUM,10131,19.166528,127246
45908,3,2024-12-24,REGULAR,33971,18.941165,127260
45911,9,2024-12-24,PREMIUM,31882,18.911885,127272
45913,9,2024-12-24,REGULAR,31268,18.772728,127273
45916,1,2024-12-24,DIESEL,33669,20.311596,127275
45917,1,2024-12-24,REGULAR,33757,18.772728,127276
45930,10,2024-12-24,REGULAR,30346,18.941165,127280
45931,10,2024-12-24,PREMIUM,30385,19.166528,127281
45932,10,2024-12-24,DIESEL,30069,20.311596,127288
45933,10,2024-12-24,DIESEL,30024,20.311596,127289
45934,6,2024-12-24,DIESEL,30073,20.311596,127287
45935,8,2024-12-24,DIESEL,33518,20.285734,127298
45954,2,2024-12-24,DIESEL,36223,20.311596,127269
45941,8,2024-12-25,REGULAR,34107,18.979982,127337
45942,9,2024-12-25,DIESEL,30348,20.356494,127338
45943,9,2024-12-25,REGULAR,30530,19.005844,127339
45944,12,2024-12-25,PREMIUM,10167,19.216385,127341
45945,12,2024-12-25,REGULAR,20302,19.005844,127342
45946,6,2024-12-25,REGULAR,36559,18.999275,127343
45947,4,2024-12-25,REGULAR,34010,18.999275,127349
45948,11,2024-12-25,DIESEL,30258,20.306494,127350
45965,2,2024-12-26,DIESEL,36260,20.325824,127406
45969,93,2024-12-26,REGULAR,33883,19.118025,127408
45971,1,2024-12-26,DIESEL,21200,20.325824,127404
45973,1,2024-12-26,REGULAR,21253,19.246969,127405
45976,10,2024-12-26,PREMIUM,33722,19.343389,127422
45977,10,2024-12-26,REGULAR,33781,19.118025,127423
45978,4,2024-12-26,PREMIUM,10050,19.343389,127425
45979,4,2024-12-26,DIESEL,20015,20.325824,127426
45981,1,2024-12-26,PREMIUM,30124,19.515324,127428
45982,1,2024-12-26,REGULAR,30085,19.246969,127429
45997,5,2024-12-26,REGULAR,10009,19.009038,127445
45999,5,2024-12-26,REGULAR,10010,19.009038,127446
46001,10,2024-12-26,DIESEL,29984,20.325824,127447
46002,10,2024-12-26,DIESEL,30012,20.325824,127448
46008,5,2024-12-27,DIESEL,10040,20.187893,127477
46010,5,2024-12-27,DIESEL,10082,20.187893,127476
46016,12,2024-12-27,REGULAR,10173,19.246969,127493
46017,12,2024-12-27,REGULAR,20298,19.246969,127494
46018,8,2024-12-27,PREMIUM,34063,19.489462,127498
46019,8,2024-12-27,REGULAR,34012,19.221107,127499
46020,3,2024-12-27,REGULAR,33971,19.118025,127501
46022,2,2024-12-27,REGULAR,36173,19.246969,127516
46023,10,2024-12-27,DIESEL,30040,20.325824,127521
46024,10,2024-12-27,REGULAR,30315,19.118025,127522
46025,10,2024-12-27,DIESEL,30029,20.325824,127525
46044,5,2024-12-27,REGULAR,10050,19.009038,127557
46046,5,2024-12-27,REGULAR,10060,19.009038,127558
46048,6,2024-12-27,REGULAR,36076,19.118025,127533
46059,10,2024-12-28,PREMIUM,10195,19.246798,127585
46060,10,2024-12-28,PREMIUM,20381,19.246798,127586
46061,10,2024-12-28,REGULAR,36675,19.021434,127598
46062,10,2024-12-28,DIESEL,33822,20.284533,127607
46066,8,2024-12-28,DIESEL,33710,20.258671,127612
46067,8,2024-12-28,REGULAR,33789,19.169383,127613
46068,9,2024-12-28,DIESEL,30132,20.284533,127614
46071,9,2024-12-28,REGULAR,30260,19.195245,127615
46086,7,2024-12-30,DIESEL,10120,20.234533,127773
46087,7,2024-12-30,REGULAR,20311,19.145245,127774
46091,5,2024-12-30,REGULAR,10068,18.957314,127790
46093,5,2024-12-30,REGULAR,10061,18.957314,127791
46095,6,2024-12-30,REGULAR,36408,19.021434,127792
46096,6,2024-12-30,DIESEL,33574,20.284533,127795
46100,4,2024-12-30,DIESEL,10024,20.284533,127797
46101,4,2024-12-30,REGULAR,20174,19.021434,127798
46105,10,2024-12-30,PREMIUM,20128,19.246798,127807
46106,10,2024-12-30,DIESEL,30009,20.284533,127810
46107,10,2024-12-30,REGULAR,30033,19.021434,127811
46108,8,2024-12-30,REGULAR,33535,19.169383,127809
46121,5,2024-12-30,PREMIUM,10049,19.259667,127842
46123,5,2024-12-30,PREMIUM,10062,19.259667,127843
46127,9,2024-12-31,DIESEL,32691,20.552223,127883
46129,9,2024-12-31,REGULAR,33024,19.280110,127884
46146,2,2024-12-31,REGULAR,20316,19.280110,127906
46147,6,2024-12-31,REGULAR,36642,19.167675,127907
46148,1,2024-12-31,DIESEL,30298,20.552223,127909
46149,1,2024-12-31,REGULAR,30427,19.280110,127910
46151,10,2024-12-31,REGULAR,34008,19.167675,127911
46152,10,2024-12-31,REGULAR,33930,19.167675,127912
46153,2,2024-12-31,DIESEL,10032,20.552223,127919
46154,10,2024-12-31,PREMIUM,33938,19.393039,127922
46157,8,2024-12-31,DIESEL,30063,20.526361,127929
46158,8,2024-12-31,REGULAR,30148,19.254248,127930
46163,11,2024-12-31,DIESEL,30026,20.502223,127940
46165,11,2024-12-31,PREMIUM,10027,19.343039,127941
46166,11,2024-12-31,REGULAR,20040,19.117675,127942
46197,7,2025-01-02,DIESEL,10019,20.982851,128039
46198,7,2025-01-02,REGULAR,20092,19.513321,128040
46199,1,2025-01-02,REGULAR,33594,19.563321,128041
46205,10,2025-01-02,REGULAR,30139,19.530447,128042
46206,10,2025-01-02,PREMIUM,30117,19.756562,128043
46209,6,2025-01-02,REGULAR,36041,19.530447,128053
46211,12,2025-01-02,DIESEL,10008,21.032851,128054
46212,12,2025-01-02,REGULAR,20040,19.563321,128055
46213,2,2025-01-02,DIESEL,36059,21.032851,128036
46214,6,2025-01-02,PREMIUM,33595,19.756562,128058
46220,5,2025-01-03,REGULAR,10195,19.510919,128096
46222,5,2025-01-03,REGULAR,10188,19.510919,128097
46228,12,2025-01-03,PREMIUM,10195,19.992468,128112
46229,12,2025-01-03,REGULAR,20241,19.748850,128113
46234,3,2025-01-03,REGULAR,33978,19.530447,128125
46238,8,2025-01-03,DIESEL,33570,21.006989,128142
46239,8,2025-01-03,REGULAR,33678,19.722988,128143
46243,10,2025-01-03,DIESEL,30060,21.032851,128154
46244,10,2025-01-03,REGULAR,30093,19.530447,128155
46292,2,2025-01-03,REGULAR,36341,19.748850,128118
46273,93,2025-01-04,REGULAR,10140,19.529347,128218
46274,93,2025-01-04,DIESEL,20081,21.032851,128219
46275,6,2025-01-04,REGULAR,36555,19.529347,128220
46276,8,2025-01-04,REGULAR,33819,19.680860,128221
46278,1,2025-01-04,DIESEL,30108,21.032851,128225
46279,1,2025-01-04,REGULAR,30291,19.706722,128226
46280,9,2025-01-04,REGULAR,33813,19.706722,128227
46281,10,2025-01-04,PREMIUM,30325,19.970979,128234
46301,8,2025-01-06,REGULAR,33777,19.680860,128370
46302,6,2025-01-06,DIESEL,36133,21.032851,128376
46305,9,2025-01-06,DIESEL,30076,21.032851,128377
46308,10,2025-01-06,DIESEL,33587,21.032851,128379
46309,10,2025-01-06,REGULAR,33823,19.529347,128380
46310,7,2025-01-06,PREMIUM,10052,20.120693,128381
46311,7,2025-01-06,DIESEL,20049,20.982851,128382
46312,11,2025-01-06,DIESEL,30070,20.982851,128385
46316,11,2025-01-06,PREMIUM,10018,19.920979,128397
46317,11,2025-01-06,REGULAR,20033,19.479347,128398
46329,5,2025-01-06,DIESEL,10041,20.894920,128417
46331,5,2025-01-06,DIESEL,10043,20.894920,128418
46349,2,2025-01-06,DIESEL,30162,21.032851,128371
46342,5,2025-01-07,REGULAR,10080,19.364370,128464
46344,5,2025-01-07,REGULAR,10074,19.364370,128465
46352,6,2025-01-07,REGULAR,36360,19.395507,128477
46353,93,2025-01-07,REGULAR,33748,19.395507,128481
46355,1,2025-01-07,REGULAR,33646,19.602301,128485
46356,10,2025-01-07,DIESEL,30086,21.032841,128486
46357,10,2025-01-07,PREMIUM,30182,19.837139,128487
46359,9,2025-01-07,PREMIUM,30110,20.173646,128490
46360,9,2025-01-07,REGULAR,30137,19.602301,128491
46361,2,2025-01-07,REGULAR,10040,19.602301,128495
46362,2,2025-01-07,PREMIUM,20034,20.173646,128496
46367,12,2025-01-07,DIESEL,10009,21.032841,128504
46368,12,2025-01-07,REGULAR,20044,19.602301,128505
46387,4,2025-01-08,REGULAR,20157,19.395067,128582
46391,10,2025-01-08,REGULAR,33755,19.395067,128588
46392,10,2025-01-08,DIESEL,30054,21.032841,128594
46393,10,2025-01-08,DIESEL,30030,21.032841,128595
46394,8,2025-01-08,PREMIUM,33468,19.880397,128596
46396,8,2025-01-08,REGULAR,33574,19.533351,128597
46397,7,2025-01-08,REGULAR,30092,19.509213,128600
46401,5,2025-01-08,PREMIUM,9991,19.668328,128606
46403,5,2025-01-08,PREMIUM,9983,19.668328,128607
46405,6,2025-01-08,REGULAR,36021,19.395067,128609
46407,4,2025-01-08,DIESEL,10051,21.032841,128581
46419,2,2025-01-08,DIESEL,36219,21.032841,128576
46412,5,2025-01-09,REGULAR,10155,19.140183,128633
46414,5,2025-01-09,REGULAR,10158,19.140183,128634
46423,2,2025-01-09,REGULAR,36450,19.378114,128657
46424,11,2025-01-09,DIESEL,10084,20.982851,128659
46425,11,2025-01-09,DIESEL,20131,20.982851,128660
46433,3,2025-01-09,REGULAR,33775,19.354547,128677
46434,11,2025-01-09,DIESEL,36077,20.982851,128680
46435,1,2025-01-09,REGULAR,30200,19.378114,128681
46436,10,2025-01-09,PREMIUM,33615,19.796179,128682
46437,9,2025-01-09,DIESEL,30070,21.032851,128683
46438,9,2025-01-09,REGULAR,30165,19.378114,128684
46445,10,2025-01-09,DIESEL,30031,21.032851,128692
46461,5,2025-01-10,DIESEL,10058,20.894920,128720
46465,5,2025-01-10,DIESEL,10065,20.894920,128721
46477,6,2025-01-10,DIESEL,36131,21.032851,128750
46481,10,2025-01-10,DIESEL,30076,21.032851,128755
46482,93,2025-01-10,DIESEL,33584,21.032851,128756
46483,4,2025-01-10,REGULAR,30108,19.352017,128757
46484,12,2025-01-10,PREMIUM,10030,19.742497,128760
46485,12,2025-01-10,REGULAR,20096,19.485955,128761
46488,8,2025-01-10,DIESEL,33547,21.006989,128763
46489,8,2025-01-10,REGULAR,33605,19.460093,128764
46510,5,2025-01-10,REGULAR,10025,19.248024,128788
46512,5,2025-01-10,REGULAR,10023,19.248024,128789
46519,2,2025-01-11,DIESEL,36136,21.041711,128852
46520,1,2025-01-11,DIESEL,30112,21.041711,128856
46521,1,2025-01-11,REGULAR,30254,19.298444,128857
46523,9,2025-01-11,REGULAR,30131,19.298444,128869
46524,6,2025-01-11,REGULAR,36226,19.333574,128874
46525,10,2025-01-11,DIESEL,30079,21.041711,128876
46526,10,2025-01-11,REGULAR,30144,19.333574,128877
46547,2,2025-01-13,REGULAR,36532,19.298444,128971
46549,3,2025-01-13,PREMIUM,33792,19.775207,128977
46550,5,2025-01-13,REGULAR,10083,19.060513,128978
46552,5,2025-01-13,REGULAR,10070,19.060513,128979
46556,1,2025-01-13,PREMIUM,30096,19.874393,128983
46557,10,2025-01-13,DIESEL,33598,21.041711,128986
46558,10,2025-01-13,REGULAR,33746,19.333574,128987
46559,11,2025-01-13,DIESEL,30077,20.991711,128992
46560,11,2025-01-13,PREMIUM,10032,19.725207,128994
46561,11,2025-01-13,REGULAR,20093,19.283574,128995
46567,6,2025-01-13,REGULAR,36134,19.333574,128998
46572,7,2025-01-13,DIESEL,30042,20.991711,129005
46577,12,2025-01-14,DIESEL,10096,21.041711,129054
46578,12,2025-01-14,REGULAR,20345,19.233427,129055
46595,2,2025-01-14,DIESEL,36228,21.041711,129069
46596,1,2025-01-14,REGULAR,30430,19.233427,129072
46597,9,2025-01-14,DIESEL,33616,21.041711,129083
46598,9,2025-01-14,REGULAR,30221,19.233427,129084
46599,3,2025-01-14,REGULAR,33815,19.410243,129090
46601,6,2025-01-14,REGULAR,36369,19.410243,129092
46602,5,2025-01-14,DIESEL,10026,20.903780,129095
46604,5,2025-01-14,DIESEL,10020,20.903780,129096
46606,8,2025-01-14,DIESEL,30073,21.015849,129099
46607,8,2025-01-14,REGULAR,30138,19.207565,129100
46623,5,2025-01-15,REGULAR,10161,19.260944,129166
46625,5,2025-01-15,REGULAR,10166,19.260944,129167
46629,7,2025-01-15,PREMIUM,10131,20.245054,129175
46630,7,2025-01-15,REGULAR,20245,19.448875,129176
46632,2,2025-01-15,REGULAR,36352,19.498875,129179
46634,3,2025-01-15,DIESEL,33612,21.041711,129185
46637,10,2025-01-15,PREMIUM,30144,20.284251,129193
46638,10,2025-01-15,REGULAR,30236,19.325377,129194
46639,8,2025-01-15,REGULAR,33669,19.473013,129195
46640,4,2025-01-15,DIESEL,10022,21.041711,129196
46641,4,2025-01-15,REGULAR,20176,19.325377,129197
46643,10,2025-01-15,DIESEL,30072,21.041711,129199
46644,10,2025-01-15,DIESEL,30066,21.041711,129200
46645,6,2025-01-15,DIESEL,36062,21.041711,129201
46660,5,2025-01-15,PREMIUM,10013,20.057123,129234
46664,5,2025-01-15,PREMIUM,10024,20.057123,129235
46681,2,2025-01-16,DIESEL,36217,21.041709,129280
46682,9,2025-01-16,DIESEL,30090,21.041709,129283
46684,1,2025-01-16,REGULAR,30307,19.466474,129285
46685,10,2025-01-16,DIESEL,33614,21.041709,129286
46686,10,2025-01-16,REGULAR,33797,19.434497,129287
46687,11,2025-01-16,REGULAR,10095,19.384497,129290
46688,11,2025-01-16,DIESEL,20048,20.991709,129291
46689,6,2025-01-16,REGULAR,36329,19.434497,129292
46712,6,2025-01-17,REGULAR,36494,19.401517,129355
46713,3,2025-01-17,REGULAR,34011,19.401517,129357
46714,8,2025-01-17,REGULAR,33943,19.439177,129358
46715,10,2025-01-17,PREMIUM,30437,20.360390,129363
46716,10,2025-01-17,REGULAR,30418,19.401517,129364
46717,10,2025-01-17,DIESEL,30281,21.041709,129365
46718,11,2025-01-17,DIESEL,30252,20.991709,129366
46721,5,2025-01-17,REGULAR,10097,19.227108,129374
46723,5,2025-01-17,REGULAR,10084,19.227108,129375
46743,1,2025-01-17,DIESEL,9985,21.041709,129408
46744,1,2025-01-17,DIESEL,19973,21.041709,129409
46750,93,2025-01-18,DIESEL,10036,21.041709,129442
46751,93,2025-01-18,REGULAR,20107,19.295525,129443
46752,8,2025-01-18,DIESEL,33664,21.015847,129460
46753,9,2025-01-18,PREMIUM,30195,20.376750,129461
46754,9,2025-01-18,REGULAR,30240,19.258134,129462
46755,2,2025-01-18,DIESEL,36169,21.041709,129463
46756,6,2025-01-18,PREMIUM,33788,20.469586,129471
46757,10,2025-01-18,REGULAR,36335,19.295525,129472
46758,10,2025-01-18,DIESEL,30153,21.041709,129473
46759,1,2025-01-18,REGULAR,30273,19.258134,129474
46776,11,2025-01-20,PREMIUM,10120,20.419586,129596
46778,11,2025-01-20,PREMIUM,10106,20.419586,129597
46788,7,2025-01-20,PREMIUM,10118,20.326750,129613
46789,7,2025-01-20,DIESEL,20073,20.991709,129614
46790,1,2025-01-20,DIESEL,33585,21.041709,129616
46791,8,2025-01-20,REGULAR,30200,19.232272,129617
46792,6,2025-01-20,DIESEL,36062,21.041709,129618
46794,11,2025-01-20,REGULAR,30044,19.245525,129624
46795,2,2025-01-20,PREMIUM,30001,20.376750,129625
46803,10,2025-01-20,DIESEL,33493,21.041709,129630
46804,10,2025-01-20,DIESEL,33479,21.041709,129631
46805,12,2025-01-20,PREMIUM,10017,20.376750,129634
46806,12,2025-01-20,REGULAR,19988,19.258134,129635
46821,2,2025-01-21,REGULAR,10154,19.085280,129693
46822,2,2025-01-21,REGULAR,20276,19.085280,129694
46823,5,2025-01-21,REGULAR,10116,18.847349,129703
46825,5,2025-01-21,REGULAR,10106,18.847349,129704
46830,4,2025-01-21,DIESEL,10090,21.041709,129716
46832,4,2025-01-21,REGULAR,20310,19.111997,129717
46833,2,2025-01-21,DIESEL,36158,21.041709,129721
46835,3,2025-01-21,REGULAR,33767,19.111997,129736
46837,11,2025-01-21,DIESEL,33584,20.991709,129737
46838,8,2025-01-21,PREMIUM,33666,20.265868,129738
46839,6,2025-01-21,REGULAR,36208,19.111997,129739
46840,9,2025-01-21,DIESEL,30073,21.041709,129740
46841,9,2025-01-21,REGULAR,30166,19.085280,129741
46849,10,2025-01-21,PREMIUM,30143,20.444642,129751
46850,10,2025-01-21,PREMIUM,30077,20.444642,129752
46855,5,2025-01-21,DIESEL,10027,20.903778,129789
46857,5,2025-01-21,DIESEL,10032,20.903778,129790
46879,1,2025-01-22,REGULAR,33918,18.878370,129853
46880,8,2025-01-22,DIESEL,33584,20.513424,129859
46881,8,2025-01-22,REGULAR,33749,18.852508,129860
46884,10,2025-01-22,DIESEL,30055,20.539286,129871
46885,10,2025-01-22,REGULAR,30251,19.008548,129872
46887,6,2025-01-22,REGULAR,36062,19.008548,129885
46888,5,2025-01-22,PREMIUM,10000,19.899497,129886
46890,5,2025-01-22,PREMIUM,9990,19.899497,129887
46903,7,2025-01-22,REGULAR,9989,18.828370,129900
46904,7,2025-01-22,REGULAR,19988,18.828370,129901
46909,93,2025-01-22,PREMIUM,10013,20.384297,129924
46910,93,2025-01-22,REGULAR,20041,19.008548,129925
46912,12,2025-01-23,DIESEL,10043,20.539286,129952
46914,12,2025-01-23,REGULAR,20216,18.869811,129953
46915,5,2025-01-23,REGULAR,10138,18.631880,129960
46917,5,2025-01-23,REGULAR,10142,18.631880,129961
46923,2,2025-01-23,DIESEL,36145,20.539286,129983
46929,1,2025-01-23,DIESEL,33560,20.539286,130007
46930,11,2025-01-23,DIESEL,30056,20.489286,130008
46931,10,2025-01-23,PREMIUM,33710,20.290433,130012
46932,10,2025-01-23,DIESEL,30057,20.539286,130013
46933,10,2025-01-23,REGULAR,30114,18.929913,130014
46934,6,2025-01-23,REGULAR,36103,18.929913,130017
46957,5,2025-01-24,DIESEL,10048,20.401355,130099
46959,5,2025-01-24,DIESEL,10045,20.401355,130100
46969,2,2025-01-24,REGULAR,36406,18.760745,130144
46970,3,2025-01-24,REGULAR,33850,18.858158,130150
46971,9,2025-01-24,DIESEL,30066,20.539286,130151
46972,9,2025-01-24,REGULAR,30160,18.760745,130152
46973,8,2025-01-24,DIESEL,30072,20.513424,130153
46974,8,2025-01-24,REGULAR,30165,18.734883,130154
46975,4,2025-01-24,REGULAR,10098,18.858158,130157
46976,4,2025-01-24,DIESEL,20049,20.539286,130158
46985,6,2025-01-24,REGULAR,36118,18.858158,130176
47039,5,2025-01-24,REGULAR,10086,18.522814,130212
47041,5,2025-01-24,REGULAR,10085,18.522814,130213
47014,93,2025-01-25,DIESEL,10035,20.539286,130280
47015,93,2025-01-25,REGULAR,20364,18.889545,130281
47020,2,2025-01-25,DIESEL,36086,20.539286,130291
47021,10,2025-01-25,REGULAR,33796,18.889545,130299
47022,1,2025-01-25,REGULAR,30264,18.778481,130302
47023,1,2025-01-25,REGULAR,30211,18.778481,130303
47024,6,2025-01-25,DIESEL,36058,20.539286,130306
47026,10,2025-01-25,DIESEL,33570,20.539286,130308
47027,10,2025-01-25,DIESEL,30057,20.539286,130309
47046,2,2025-01-27,DIESEL,36106,20.539286,130460
47047,12,2025-01-27,REGULAR,10089,18.778481,130461
47048,12,2025-01-27,REGULAR,20163,18.778481,130462
47049,10,2025-01-27,DIESEL,33606,20.539286,130463
47050,10,2025-01-27,REGULAR,33926,18.889545,130464
47052,4,2025-01-27,REGULAR,33831,18.889545,130472
47059,5,2025-01-27,REGULAR,10067,18.540550,130473
47061,5,2025-01-27,REGULAR,10060,18.540550,130474
47063,9,2025-01-27,DIESEL,30075,20.539286,130475
47064,9,2025-01-27,REGULAR,30183,18.778481,130476
47065,11,2025-01-27,DIESEL,30053,20.489286,130482
47066,8,2025-01-27,REGULAR,30118,18.752619,130483
47071,6,2025-01-27,REGULAR,36066,18.889545,130488
47087,1,2025-01-28,PREMIUM,10107,19.760068,130539
47088,1,2025-01-28,PREMIUM,20235,19.760068,130540
47097,2,2025-01-28,REGULAR,36343,18.588825,130594
47102,1,2025-01-28,DIESEL,30075,20.349631,130606
47103,1,2025-01-28,REGULAR,30129,18.588825,130607
47104,10,2025-01-28,DIESEL,30072,20.349631,130610
47105,10,2025-01-28,DIESEL,30066,20.349631,130611
47106,93,2025-01-28,REGULAR,33687,18.717131,130612
47107,8,2025-01-28,DIESEL,33577,20.323769,130616
47108,10,2025-01-28,PREMIUM,33636,19.924417,130617
47119,5,2025-01-28,DIESEL,10005,20.211700,130654
47121,5,2025-01-28,DIESEL,10015,20.211700,130655
47141,6,2025-01-29,REGULAR,36370,18.862233,130753
47145,9,2025-01-29,DIESEL,30076,20.478941,130755
47146,9,2025-01-29,REGULAR,30323,18.777204,130756
47147,10,2025-01-29,DIESEL,33548,20.478941,130758
47148,8,2025-01-29,REGULAR,30058,18.751342,130762
47158,11,2025-01-29,DIESEL,33490,20.428941,130783
47159,4,2025-01-29,DIESEL,10004,20.478941,130784
47160,4,2025-01-29,REGULAR,19966,18.862233,130785
47168,5,2025-01-29,REGULAR,9969,18.539273,130798
47170,5,2025-01-29,REGULAR,9978,18.539273,130799
47182,93,2025-01-30,PREMIUM,10147,20.148555,130859
47192,2,2025-01-30,DIESEL,36084,20.280665,130876
47194,1,2025-01-30,REGULAR,33690,18.561687,130881
47195,8,2025-01-30,DIESEL,33570,20.254803,130889
47196,8,2025-01-30,PREMIUM,33574,19.903152,130890
47197,5,2025-01-30,PREMIUM,9998,19.691083,130892
47199,5,2025-01-30,PREMIUM,9995,19.691083,130893
47206,6,2025-01-30,DIESEL,36051,20.280665,130902
47211,3,2025-01-30,REGULAR,33488,18.801888,130903
47212,10,2025-01-30,DIESEL,30013,20.280665,130912
47213,10,2025-01-30,REGULAR,29921,18.801888,130913
47277,93,2025-01-30,DIESEL,6938,20.280665,130860
47370,8,2025-01-30,DIESEL,13126,20.254803,130860
47231,2,2025-01-31,REGULAR,36338,18.448709,131021
47233,5,2025-01-31,REGULAR,10072,18.210778,131023
47235,5,2025-01-31,REGULAR,10061,18.210778,131024
47238,6,2025-01-31,PREMIUM,30159,20.133155,131027
47239,8,2025-01-31,REGULAR,33627,18.422847,131030
47240,10,2025-01-31,DIESEL,30054,19.828401,131031
47241,10,2025-01-31,REGULAR,30211,18.780402,131032
47242,9,2025-01-31,PREMIUM,30038,19.913305,131033
47243,9,2025-01-31,REGULAR,30090,18.448709,131034
47244,6,2025-01-31,REGULAR,36257,18.780402,131035
47256,11,2025-01-31,REGULAR,10020,18.730402,131041
47257,11,2025-01-31,DIESEL,19993,19.778401,131042
47299,5,2025-02-01,DIESEL,10075,20.293919,131144
47301,5,2025-02-01,DIESEL,10070,20.293919,131145
47307,2,2025-02-01,DIESEL,20086,20.431850,131152
47320,11,2025-02-01,DIESEL,30061,20.381850,131202
47388,7,2025-02-01,PREMIUM,10095,20.035718,131151
47389,7,2025-02-01,DIESEL,30069,20.381850,131173
47390,12,2025-02-01,REGULAR,20033,18.621123,131199
47391,1,2025-02-01,REGULAR,30158,18.621123,131167
47393,8,2025-02-01,REGULAR,33547,18.595261,131189
47394,7,2025-02-01,REGULAR,30120,18.571123,131174
47395,12,2025-02-01,PREMIUM,9984,20.085718,131198
47399,10,2025-02-01,DIESEL,30073,20.431850,131175
47400,10,2025-02-01,DIESEL,30067,20.431850,131176
47401,10,2025-02-01,REGULAR,33781,19.013161,131177
47402,10,2025-02-01,PREMIUM,33710,20.046948,131178
47329,11,2025-02-03,PREMIUM,10124,19.996948,131305
47330,11,2025-02-03,REGULAR,20253,18.963161,131306
47331,11,2025-02-03,DIESEL,30156,20.381850,131310
47333,6,2025-02-03,REGULAR,36567,19.013161,131319
47336,5,2025-02-03,REGULAR,10090,18.383192,131346
47338,5,2025-02-03,REGULAR,10080,18.383192,131347
47392,1,2025-02-03,DIESEL,33701,20.431850,131304
47396,8,2025-02-03,DIESEL,33701,20.405988,131307
47397,8,2025-02-03,REGULAR,33930,18.595261,131308
47403,10,2025-02-03,REGULAR,30391,19.013161,131309
47348,5,2025-02-04,PREMIUM,10128,19.761580,131415
47350,5,2025-02-04,PREMIUM,10086,19.761580,131416
47355,2,2025-02-04,DIESEL,36177,20.774909,131426
47359,3,2025-02-04,REGULAR,33749,19.089527,131436
47360,9,2025-02-04,DIESEL,30080,20.774909,131437
47361,9,2025-02-04,REGULAR,30120,18.793537,131438
47363,4,2025-02-04,DIESEL,10020,20.774909,131439
47364,4,2025-02-04,REGULAR,20139,19.089527,131440
47368,6,2025-02-04,REGULAR,36118,19.089527,131455
47398,1,2025-02-04,REGULAR,33636,18.793537,131434
47404,10,2025-02-04,PREMIUM,30199,20.071130,131435
47406,6,2025-02-05,DIESEL,36104,20.774909,131536
47409,10,2025-02-05,DIESEL,30078,20.774909,131539
47410,10,2025-02-05,REGULAR,30279,19.089527,131540
47413,8,2025-02-05,REGULAR,33624,18.793537,131542
47416,11,2025-02-05,DIESEL,30051,20.724909,131548
47418,8,2025-02-05,DIESEL,33586,20.749047,131541
47423,12,2025-02-05,DIESEL,10015,20.774909,131569
47424,12,2025-02-05,REGULAR,19990,18.819399,131570
47426,5,2025-02-05,REGULAR,9981,18.581468,131578
47428,5,2025-02-05,REGULAR,9989,18.581468,131579
47439,2,2025-02-06,REGULAR,10170,18.819399,131622
47440,2,2025-02-06,PREMIUM,20334,19.896063,131623
47453,2,2025-02-06,DIESEL,33599,20.544614,131651
47454,6,2025-02-06,REGULAR,36373,19.286143,131652
47456,1,2025-02-06,DIESEL,30065,20.544614,131659
47457,1,2025-02-06,REGULAR,30101,18.819399,131660
47463,9,2025-02-06,REGULAR,33512,18.819399,131667
47464,10,2025-02-06,DIESEL,33587,20.544614,131657
47465,10,2025-02-06,DIESEL,33588,20.544614,131658
47466,10,2025-02-06,PREMIUM,30270,20.133133,131653
47471,5,2025-02-06,DIESEL,9991,20.406683,131689
47473,5,2025-02-06,DIESEL,9994,20.406683,131690
47488,2,2025-02-07,REGULAR,36342,18.819399,131762
47491,10,2025-02-07,REGULAR,30311,19.153977,131765
47492,10,2025-02-07,REGULAR,30297,19.153977,131766
47493,10,2025-02-07,DIESEL,33590,20.544614,131772
47497,8,2025-02-07,REGULAR,30135,18.793537,131776
47498,8,2025-02-07,REGULAR,30104,18.793537,131777
47499,6,2025-02-07,REGULAR,36113,19.153977,131783
47501,5,2025-02-07,REGULAR,10022,18.581468,131785
47503,5,2025-02-07,REGULAR,10023,18.581468,131786
47516,11,2025-02-07,REGULAR,9972,19.103977,131813
47517,11,2025-02-07,PREMIUM,19913,20.083133,131814
47522,2,2025-02-08,REGULAR,10099,18.922847,131860
47523,7,2025-02-08,PREMIUM,20233,19.878210,131861
47541,4,2025-02-08,REGULAR,36586,19.130467,131886
47542,7,2025-02-08,DIESEL,30156,20.740411,131887
47543,7,2025-02-08,REGULAR,30357,18.872847,131888
47547,10,2025-02-08,DIESEL,30049,20.790411,131908
47548,10,2025-02-08,DIESEL,30073,20.790411,131909
47549,10,2025-02-08,PREMIUM,33490,20.195746,131910
47550,9,2025-02-08,DIESEL,30060,20.790411,131911
47551,9,2025-02-08,REGULAR,30012,18.922847,131912
47567,3,2025-02-08,PREMIUM,33572,20.195746,131905
47572,6,2025-02-10,DIESEL,33627,20.790411,132039
47573,2,2025-02-10,DIESEL,36104,20.790411,132042
47576,93,2025-02-10,REGULAR,30230,19.130467,132044
47579,5,2025-02-10,PREMIUM,10000,19.690279,132060
47581,5,2025-02-10,PREMIUM,9999,19.690279,132061
47585,10,2025-02-10,DIESEL,33557,20.790411,132066
47586,10,2025-02-10,REGULAR,33517,19.130467,132067
47587,12,2025-02-10,PREMIUM,9992,19.928210,132070
47588,12,2025-02-10,REGULAR,19978,18.922847,132071
47589,6,2025-02-10,REGULAR,35966,19.130467,132072
47611,2,2025-02-11,REGULAR,36376,19.009054,132154
47616,1,2025-02-11,DIESEL,30097,20.876618,132156
47617,3,2025-02-11,REGULAR,33838,19.311609,132159
47622,6,2025-02-11,REGULAR,36257,19.311609,132162
47624,9,2025-02-11,PREMIUM,30129,20.014417,132168
47625,9,2025-02-11,REGULAR,30042,19.009054,132169
47628,10,2025-02-11,PREMIUM,30038,20.281953,132171
47632,8,2025-02-11,DIESEL,33573,20.850756,132174
47633,8,2025-02-11,REGULAR,33490,18.983192,132175
47635,5,2025-02-11,REGULAR,9985,18.771123,132177
47637,5,2025-02-11,REGULAR,9988,18.771123,132178
47640,4,2025-02-11,REGULAR,9982,19.311609,132190
47641,4,2025-02-11,DIESEL,19960,20.876618,132191
47664,10,2025-02-12,REGULAR,33707,19.322687,132262
47665,11,2025-02-12,DIESEL,30038,21.085850,132265
47666,11,2025-02-12,PREMIUM,10032,20.203739,132272
47667,11,2025-02-12,REGULAR,20109,19.272687,132273
47668,1,2025-02-12,REGULAR,30075,19.257600,132266
47672,8,2025-02-12,PREMIUM,36022,20.009796,132274
47676,10,2025-02-12,DIESEL,29957,21.135850,132285
47677,10,2025-02-12,DIESEL,29967,21.135850,132286
47679,5,2025-02-12,DIESEL,9985,20.997919,132290
47681,5,2025-02-12,DIESEL,9984,20.997919,132291
47695,8,2025-02-13,REGULAR,33865,19.140715,132352
47696,2,2025-02-13,DIESEL,36171,21.223509,132353
47697,1,2025-02-13,REGULAR,30285,19.166577,132355
47698,1,2025-02-13,PREMIUM,30299,20.017002,132356
47702,9,2025-02-13,DIESEL,29995,21.223509,132368
47703,9,2025-02-13,REGULAR,30039,19.166577,132369
47704,10,2025-02-13,DIESEL,33481,21.223509,132370
47705,10,2025-02-13,PREMIUM,33683,20.613920,132371
47706,12,2025-02-13,DIESEL,9994,21.223509,132372
47707,12,2025-02-13,REGULAR,20009,19.166577,132373
47708,6,2025-02-13,REGULAR,36150,19.572467,132374
47718,5,2025-02-13,REGULAR,9992,18.928646,132378
47720,5,2025-02-13,REGULAR,9985,18.928646,132379
47735,2,2025-02-14,REGULAR,36236,19.098040,132440
47736,3,2025-02-14,REGULAR,33666,19.220737,132447
47738,10,2025-02-14,DIESEL,33531,21.147506,132449
47739,10,2025-02-14,REGULAR,30113,19.220737,132450
47740,11,2025-02-14,DIESEL,29994,21.097506,132451
47742,6,2025-02-14,DIESEL,35968,21.147506,132454
47745,5,2025-02-14,REGULAR,9993,18.860109,132462
47747,5,2025-02-14,REGULAR,9984,18.860109,132463
47777,2,2025-02-15,DIESEL,36137,20.726555,132539
47780,6,2025-02-15,REGULAR,36201,19.077769,132556
47782,1,2025-02-15,REGULAR,33584,18.947875,132560
47783,9,2025-02-15,DIESEL,29994,20.726555,132565
47784,9,2025-02-15,REGULAR,29994,18.947875,132566
47785,8,2025-02-15,DIESEL,33477,20.700693,132567
47786,8,2025-02-15,REGULAR,33486,18.922013,132568
47787,10,2025-02-15,REGULAR,30027,19.077769,132581
47788,10,2025-02-15,PREMIUM,29986,20.216459,132582
47790,6,2025-02-15,PREMIUM,33472,20.216459,132589
47823,5,2025-02-17,PREMIUM,10032,19.676215,132696
47825,5,2025-02-17,PREMIUM,10026,19.676215,132697
47827,1,2025-02-17,REGULAR,36007,18.947875,132698
47829,4,2025-02-17,REGULAR,33540,19.077769,132709
47830,1,2025-02-17,DIESEL,29983,20.726555,132710
47831,10,2025-02-17,DIESEL,33469,20.726555,132716
47832,8,2025-02-17,REGULAR,33447,18.922013,132717
47835,6,2025-02-17,REGULAR,35975,19.077769,132727
47836,2,2025-02-17,PREMIUM,9994,19.914146,132731
47837,2,2025-02-17,PREMIUM,19989,19.914146,132732
47840,9,2025-02-17,REGULAR,29954,18.947875,132735
47843,3,2025-02-17,DIESEL,9986,20.726555,132748
47844,3,2025-02-17,DIESEL,19980,20.726555,132749
47867,2,2025-02-18,DIESEL,36011,20.663046,132839
47870,7,2025-02-18,DIESEL,30002,20.613046,132849
47874,6,2025-02-18,DIESEL,35961,20.663046,132851
47876,10,2025-02-18,REGULAR,33523,19.001237,132855
47877,11,2025-02-18,DIESEL,29943,20.613046,132860
47878,5,2025-02-18,REGULAR,9991,18.569464,132862
47880,5,2025-02-18,REGULAR,9982,18.569464,132863
47891,12,2025-02-18,PREMIUM,9997,19.778314,132877
47892,12,2025-02-18,REGULAR,19976,18.807395,132878
47898,10,2025-02-18,DIESEL,30045,20.663046,132884
47899,10,2025-02-18,DIESEL,30016,20.663046,132885
47903,3,2025-02-19,REGULAR,33854,18.997810,132945
47909,7,2025-02-19,REGULAR,30236,18.756201,132946
47910,2,2025-02-19,REGULAR,36270,18.806201,132948
47913,8,2025-02-19,DIESEL,33573,20.517051,132949
47914,8,2025-02-19,REGULAR,33696,18.780339,132950
47915,6,2025-02-19,REGULAR,36290,18.997810,132957
47916,9,2025-02-19,DIESEL,30040,20.542913,132958
47917,9,2025-02-19,REGULAR,30135,18.806201,132959
47918,10,2025-02-19,PREMIUM,30184,20.038677,132960
47919,11,2025-02-19,DIESEL,10015,20.492913,132963
47920,11,2025-02-19,REGULAR,20119,18.947810,132964
47921,5,2025-02-19,DIESEL,10022,20.404982,132967
47923,5,2025-02-19,DIESEL,10016,20.404982,132968
47928,5,2025-02-20,REGULAR,10082,18.562781,133003
47930,5,2025-02-20,REGULAR,10076,18.562781,133004
47946,1,2025-02-20,REGULAR,30200,18.800712,133032
47948,2,2025-02-20,DIESEL,36049,20.515058,133046
47949,10,2025-02-20,DIESEL,30027,20.515058,133050
47950,10,2025-02-20,REGULAR,30192,18.997810,133051
47955,93,2025-02-20,PREMIUM,10010,20.021436,133058
47956,93,2025-02-20,REGULAR,20032,18.997810,133059
47958,6,2025-02-20,REGULAR,36016,18.997810,133063
47970,5,2025-02-20,REGULAR,9999,18.562781,133078
47972,5,2025-02-20,REGULAR,9999,18.562781,133079
47987,11,2025-02-21,DIESEL,30024,20.693340,133158
47988,2,2025-02-21,REGULAR,36120,18.932553,133159
47997,6,2025-02-21,REGULAR,36166,19.120867,133170
47998,8,2025-02-21,DIESEL,33450,20.717478,133179
47999,8,2025-02-21,REGULAR,33488,18.906691,133180
48000,10,2025-02-21,DIESEL,29972,20.743340,133181
48001,10,2025-02-21,REGULAR,30052,19.120867,133182
48018,12,2025-02-21,DIESEL,9999,20.743340,133200
48019,12,2025-02-21,REGULAR,20053,18.932553,133201
48027,4,2025-02-22,PREMIUM,10116,20.169889,133285
48028,4,2025-02-22,DIESEL,20020,20.743340,133286
48039,2,2025-02-22,DIESEL,33529,20.743340,133294
48040,1,2025-02-22,DIESEL,30008,20.743340,133303
48041,1,2025-02-22,REGULAR,30090,18.908199,133304
48042,9,2025-02-22,DIESEL,29997,20.743340,133305
48043,9,2025-02-22,REGULAR,30094,18.908199,133306
48044,10,2025-02-22,REGULAR,33744,19.119223,133307
48045,10,2025-02-22,PREMIUM,33610,20.169889,133308
48047,6,2025-02-22,DIESEL,33430,20.743340,133316
48048,10,2025-02-22,DIESEL,29949,20.743340,133320
48049,5,2025-02-22,DIESEL,9986,20.605409,133323
48051,5,2025-02-22,DIESEL,9984,20.605409,133324
48069,6,2025-02-24,REGULAR,36318,19.119223,133464
48075,3,2025-02-24,REGULAR,33675,19.119223,133476
48078,10,2025-02-24,DIESEL,29992,20.743340,133477
48079,10,2025-02-24,DIESEL,29958,20.743340,133478
48080,9,2025-02-24,PREMIUM,30042,19.779630,133479
48081,9,2025-02-24,REGULAR,30025,18.908199,133480
48091,8,2025-02-24,REGULAR,33422,18.882337,133491
48092,11,2025-02-24,DIESEL,33422,20.693340,133492
48098,7,2025-02-24,PREMIUM,9995,19.729630,133513
48099,2,2025-02-24,REGULAR,19982,18.908199,133514
48100,5,2025-02-24,PREMIUM,10022,19.541699,133523
48102,5,2025-02-24,PREMIUM,10034,19.541699,133524
48104,10,2025-02-24,PREMIUM,10047,20.169889,133530
48105,10,2025-02-24,PREMIUM,20086,20.169889,133531
48122,4,2025-02-25,REGULAR,30196,18.912059,133591
48125,10,2025-02-25,REGULAR,33619,18.912059,133594
48126,1,2025-02-25,DIESEL,30036,20.633971,133602
48127,1,2025-02-25,REGULAR,30140,18.855444,133603
48128,12,2025-02-25,REGULAR,36108,18.855444,133606
48138,2,2025-02-25,DIESEL,9968,20.633971,133627
48139,2,2025-02-25,DIESEL,19937,20.633971,133628
48147,6,2025-02-25,REGULAR,35821,18.912059,133639
48157,5,2025-02-26,REGULAR,10123,18.545539,133704
48159,5,2025-02-26,REGULAR,10108,18.545539,133705
48164,11,2025-02-26,DIESEL,33498,20.484893,133741
48165,6,2025-02-26,DIESEL,35995,20.534893,133742
48166,8,2025-02-26,DIESEL,33490,20.509031,133745
48167,8,2025-02-26,REGULAR,33540,18.757608,133746
48173,9,2025-02-26,DIESEL,29931,20.534893,133757
48174,9,2025-02-26,REGULAR,29894,18.783470,133758
48180,10,2025-02-26,DIESEL,29965,20.534893,133762
48181,10,2025-02-26,DIESEL,29979,20.534893,133763
48187,8,2025-02-26,PREMIUM,9939,19.492557,133771
48188,8,2025-02-26,PREMIUM,19874,19.492557,133772
48189,5,2025-02-26,DIESEL,9980,20.396962,133774
48191,5,2025-02-26,DIESEL,9985,20.396962,133775
48199,2,2025-02-27,DIESEL,36097,20.293513,133852
48202,1,2025-02-27,REGULAR,30037,18.481746,133860
48203,5,2025-02-27,REGULAR,10016,18.243815,133863
48205,5,2025-02-27,REGULAR,9998,18.243815,133864
48208,93,2025-02-27,REGULAR,30094,18.666593,133865
48209,6,2025-02-27,REGULAR,36097,18.666593,133866
48210,3,2025-02-27,REGULAR,33630,18.666593,133858
48211,1,2025-02-27,DIESEL,30015,20.293513,133859
48214,10,2025-02-27,DIESEL,33460,20.293513,133876
48215,10,2025-02-27,REGULAR,33484,18.666593,133877
48231,11,2025-02-27,PREMIUM,9932,19.508183,133907
48232,11,2025-02-27,REGULAR,19924,18.616593,133908
48246,5,2025-02-28,PREMIUM,10098,18.845361,133976
48248,5,2025-02-28,PREMIUM,10101,18.845361,133977
48250,10,2025-02-28,REGULAR,10115,18.425763,133980
48251,10,2025-02-28,REGULAR,20252,18.425763,133981
48252,9,2025-02-28,DIESEL,31319,20.325757,133962
48257,2,2025-02-28,REGULAR,33850,18.451990,133998
48258,10,2025-02-28,DIESEL,30081,20.325757,134012
48259,10,2025-02-28,DIESEL,30039,20.325757,134013
48260,9,2025-02-28,REGULAR,30192,18.451990,134014
48261,8,2025-02-28,DIESEL,33549,20.299895,134016
48262,8,2025-02-28,REGULAR,33683,18.426128,134017
48264,4,2025-02-28,DIESEL,33512,20.325757,134019
48278,5,2025-02-28,REGULAR,9947,18.214059,134056
48280,5,2025-02-28,REGULAR,9954,18.214059,134055
48309,2,2025-03-01,DIESEL,36012,20.596076,134165
48310,7,2025-03-01,DIESEL,29950,20.546076,134177
48311,7,2025-03-01,REGULAR,30051,18.680741,134178
48313,1,2025-03-01,REGULAR,29982,18.730741,134180
48314,6,2025-03-01,PREMIUM,33556,19.440878,134181
48315,10,2025-03-01,REGULAR,30082,18.818432,134182
48316,10,2025-03-01,PREMIUM,29974,19.440878,134183
48317,6,2025-03-01,REGULAR,36043,18.818432,134184
48318,10,2025-03-01,DIESEL,9964,20.596076,134191
48319,10,2025-03-01,DIESEL,19910,20.596076,134192
48344,9,2025-03-03,REGULAR,31345,18.730741,134339
48348,6,2025-03-03,DIESEL,35950,20.596076,134344
48349,1,2025-03-03,PREMIUM,33522,19.341912,134346
48350,3,2025-03-03,PREMIUM,9999,19.440878,134349
48352,7,2025-03-03,PREMIUM,29973,19.291912,134355
48356,10,2025-03-03,DIESEL,29914,20.596076,134357
48357,11,2025-03-03,DIESEL,29911,20.546076,134358
48358,4,2025-03-03,REGULAR,33403,18.818432,134363
48364,3,2025-03-03,PREMIUM,19908,19.440878,134369
48365,5,2025-03-03,DIESEL,9966,20.458145,134378
48367,5,2025-03-03,DIESEL,9970,20.458145,134379
48369,8,2025-03-03,REGULAR,33231,18.704879,134380
48382,2,2025-03-04,DIESEL,35965,20.552973,134448
48386,5,2025-03-04,REGULAR,9999,18.492810,134460
48388,5,2025-03-04,REGULAR,9989,18.492810,134461
48390,10,2025-03-04,REGULAR,33508,18.814747,134462
48391,1,2025-03-04,DIESEL,29936,20.552973,134465
48392,1,2025-03-04,REGULAR,29922,18.730741,134466
48396,6,2025-03-04,REGULAR,35979,18.814747,134467
48400,10,2025-03-04,DIESEL,33403,20.552973,134471
48401,10,2025-03-04,PREMIUM,33353,19.440878,134472
48407,12,2025-03-04,DIESEL,9963,20.552973,134485
48408,12,2025-03-04,REGULAR,19865,18.730741,134486
48436,6,2025-03-05,REGULAR,36212,18.852812,134578
48438,10,2025-03-05,DIESEL,29978,20.417620,134582
48439,10,2025-03-05,PREMIUM,30107,19.650118,134583
48440,11,2025-03-05,PREMIUM,9999,19.600118,134584
48441,11,2025-03-05,REGULAR,20107,18.802812,134585
48442,2,2025-03-05,REGULAR,33459,18.773844,134586
48445,5,2025-03-05,REGULAR,9987,18.535913,134590
48447,5,2025-03-05,REGULAR,9968,18.535913,134591
48449,9,2025-03-05,DIESEL,29940,20.417620,134592
48450,9,2025-03-05,REGULAR,29913,18.773844,134593
48451,8,2025-03-05,DIESEL,33426,20.391758,134594
48452,8,2025-03-05,REGULAR,33380,18.747982,134595
48475,2,2025-03-06,DIESEL,33446,20.584142,134706
48476,6,2025-03-06,REGULAR,36123,19.012415,134707
48477,1,2025-03-06,REGULAR,29952,18.919557,134712
48478,7,2025-03-06,REGULAR,29939,18.869557,134713
48481,5,2025-03-06,PREMIUM,9978,19.398359,134723
48483,5,2025-03-06,PREMIUM,9972,19.398359,134724
48485,10,2025-03-06,DIESEL,33445,20.584142,134725
48486,10,2025-03-06,REGULAR,33542,19.012415,134726
48487,12,2025-03-06,PREMIUM,9978,19.636290,134727
48488,12,2025-03-06,REGULAR,19928,18.919557,134728
48489,2,2025-03-06,PREMIUM,29927,19.636290,134729
48494,3,2025-03-06,REGULAR,33322,19.012415,134731
48495,11,2025-03-06,DIESEL,29862,20.534142,134737
48518,4,2025-03-07,DIESEL,9995,20.087851,134806
48519,4,2025-03-07,REGULAR,20117,18.844849,134807
48520,6,2025-03-07,DIESEL,35957,20.087851,134808
48523,2,2025-03-07,REGULAR,33550,18.773062,134812
48529,8,2025-03-07,REGULAR,33516,18.747200,134818
48530,8,2025-03-07,REGULAR,33413,18.747200,134819
48531,10,2025-03-07,DIESEL,29937,20.087851,134820
48532,10,2025-03-07,DIESEL,29950,20.087851,134821
48533,9,2025-03-07,DIESEL,29938,20.087851,134826
48534,9,2025-03-07,REGULAR,29882,18.773062,134827
48561,5,2025-03-07,DIESEL,9972,19.949920,134862
48563,5,2025-03-07,DIESEL,9968,19.949920,134863
48566,5,2025-03-08,REGULAR,10127,18.664441,134933
48568,5,2025-03-08,REGULAR,10131,18.664441,134934
48573,6,2025-03-08,REGULAR,36357,18.793125,134955
48575,2,2025-03-08,DIESEL,36150,20.260265,134938
48578,1,2025-03-08,DIESEL,29907,20.260265,134971
48579,1,2025-03-08,REGULAR,29811,18.902372,134972
48580,8,2025-03-08,PREMIUM,29824,19.267248,134973
48581,7,2025-03-08,DIESEL,29902,20.210265,134974
48582,10,2025-03-08,PREMIUM,33325,19.497341,134978
48583,10,2025-03-08,REGULAR,33344,18.793125,134979
48584,93,2025-03-08,REGULAR,9950,18.793125,134980
48585,93,2025-03-08,DIESEL,19918,20.260265,134981
48586,10,2025-03-08,DIESEL,33366,20.260265,134982
48590,5,2025-03-10,REGULAR,10022,18.664441,135062
48596,5,2025-03-10,REGULAR,10041,18.664441,135063
48607,11,2025-03-10,PREMIUM,10066,19.447341,135092
48608,11,2025-03-10,REGULAR,20109,18.743125,135093
48609,10,2025-03-10,REGULAR,33685,18.793125,135094
48615,8,2025-03-10,DIESEL,33426,20.234403,135105
48616,8,2025-03-10,REGULAR,33399,18.876510,135106
48618,10,2025-03-10,DIESEL,29935,20.260265,135108
48619,11,2025-03-10,DIESEL,29931,20.210265,135109
48621,6,2025-03-10,REGULAR,35901,18.793125,135117
48624,9,2025-03-10,PREMIUM,29866,19.293110,135122
48625,9,2025-03-10,REGULAR,29838,18.902372,135123
48635,2,2025-03-11,REGULAR,36176,18.902372,135222
48637,1,2025-03-11,DIESEL,30093,20.260265,135223
48640,1,2025-03-11,REGULAR,30143,18.902372,135224
48641,3,2025-03-11,REGULAR,33857,18.793125,135232
48643,6,2025-03-11,REGULAR,36392,18.793125,135233
48644,10,2025-03-11,PREMIUM,30238,19.497341,135234
48645,10,2025-03-11,REGULAR,30319,18.793125,135235
48646,10,2025-03-11,DIESEL,33624,20.260265,135236
48649,10,2025-03-11,DIESEL,33607,20.260265,135237
48650,5,2025-03-11,DIESEL,10038,20.122334,135242
48652,5,2025-03-11,DIESEL,10037,20.122334,135243
48654,12,2025-03-11,REGULAR,10071,18.902372,135246
48655,12,2025-03-11,REGULAR,20117,18.902372,135247
48681,3,2025-03-12,DIESEL,33712,20.120366,135326
48682,5,2025-03-12,REGULAR,10068,18.638901,135329
48684,5,2025-03-12,REGULAR,10050,18.638901,135330
48688,8,2025-03-12,REGULAR,33457,18.850970,135350
48689,2,2025-03-12,DIESEL,35990,20.120366,135351
48690,7,2025-03-12,REGULAR,29910,18.826832,135352
48691,9,2025-03-12,DIESEL,29996,20.120366,135353
48692,9,2025-03-12,REGULAR,29901,18.876832,135354
48696,6,2025-03-12,DIESEL,35946,20.120366,135368
48697,11,2025-03-12,DIESEL,30009,20.070366,135376
48699,4,2025-03-12,PREMIUM,9926,19.391915,135377
48700,4,2025-03-12,REGULAR,19888,18.793125,135378
48726,10,2025-03-13,PREMIUM,30022,19.521226,135493
48731,1,2025-03-13,REGULAR,30031,18.963039,135494
48732,93,2025-03-13,PREMIUM,10071,19.521226,135495
48733,2,2025-03-13,DIESEL,35969,20.292780,135497
48736,10,2025-03-13,REGULAR,33506,18.793125,135502
48737,10,2025-03-13,DIESEL,33473,20.292780,135503
48743,5,2025-03-13,PREMIUM,9911,19.184489,135528
48745,5,2025-03-13,PREMIUM,9904,19.184489,135529
48871,93,2025-03-13,REGULAR,19997,18.793125,135504
48762,3,2025-03-14,REGULAR,33635,18.793125,135608
48764,12,2025-03-14,REGULAR,9982,18.876832,135611
48765,12,2025-03-14,DIESEL,19943,20.292780,135612
48766,2,2025-03-14,REGULAR,35865,18.876832,135614
48767,8,2025-03-14,DIESEL,33384,20.266918,135621
48768,8,2025-03-14,REGULAR,33330,18.850970,135622
48771,10,2025-03-14,DIESEL,29874,20.292780,135626
48772,10,2025-03-14,DIESEL,29863,20.292780,135627
48773,9,2025-03-14,REGULAR,29824,18.876832,135628
48774,5,2025-03-14,REGULAR,9938,18.638901,135635
48776,5,2025-03-14,REGULAR,9936,18.638901,135636
48783,6,2025-03-14,REGULAR,35765,18.793125,135645
48784,5,2025-03-14,DIESEL,31088,20.154849,135654
48813,11,2025-03-15,DIESEL,29935,20.173214,135745
48814,1,2025-03-15,DIESEL,29903,20.223214,135749
48815,1,2025-03-15,REGULAR,29868,18.874969,135750
48816,7,2025-03-15,DIESEL,29899,20.173214,135751
48817,10,2025-03-15,PREMIUM,33363,19.462108,135752
48818,10,2025-03-15,REGULAR,33495,18.793125,135753
48820,6,2025-03-15,REGULAR,33319,18.793125,135760
48833,5,2025-03-17,REGULAR,31317,18.637038,135884
48838,11,2025-03-17,DIESEL,20051,20.173214,135915
48839,6,2025-03-17,DIESEL,36010,20.223214,135920
48840,10,2025-03-17,REGULAR,30213,18.793125,135924
48841,10,2025-03-17,PREMIUM,30017,19.462108,135925
48847,8,2025-03-17,DIESEL,33416,20.197352,135933
48848,8,2025-03-17,REGULAR,33427,18.849107,135934
48849,9,2025-03-17,DIESEL,29919,20.223214,135935
48850,9,2025-03-17,REGULAR,29936,18.874969,135936
48855,6,2025-03-17,PREMIUM,33311,19.462108,135940
48872,12,2025-03-18,REGULAR,33884,18.976383,136016
48878,11,2025-03-18,REGULAR,20148,18.743125,136024
48879,4,2025-03-18,REGULAR,33689,18.793125,136025
48880,2,2025-03-18,DIESEL,35932,20.251946,136027
48881,3,2025-03-18,REGULAR,30207,18.793125,136028
48882,1,2025-03-18,REGULAR,29937,18.976383,136029
48883,10,2025-03-18,DIESEL,29975,20.251946,136030
48884,10,2025-03-18,REGULAR,30044,18.793125,136031
48892,6,2025-03-18,REGULAR,35798,18.793125,136051
48898,11,2025-03-18,PREMIUM,24841,19.609259,136088
48900,5,2025-03-19,REGULAR,31195,18.721997,136110
48902,5,2025-03-19,PREMIUM,31563,18.975515,136120
48908,9,2025-03-19,REGULAR,30005,18.959928,136159
48909,2,2025-03-19,REGULAR,35920,18.959928,136160
48910,11,2025-03-19,DIESEL,19956,20.162362,136161
48911,8,2025-03-19,PREMIUM,33372,19.187584,136162
48912,8,2025-03-19,REGULAR,33414,18.934066,136163
48913,10,2025-03-19,DIESEL,29914,20.212362,136167
48914,10,2025-03-19,DIESEL,29934,20.212362,136168
48925,6,2025-03-19,REGULAR,35929,18.793125,136174
48926,4,2025-03-19,DIESEL,33356,20.212362,136188
48944,5,2025-03-20,DIESEL,31299,20.212362,136242
48950,93,2025-03-20,REGULAR,20198,18.793125,136272
48952,2,2025-03-20,DIESEL,36047,20.350293,136277
48965,1,2025-03-20,PREMIUM,29943,19.299653,136309
48966,1,2025-03-20,REGULAR,29996,18.968549,136310
48969,6,2025-03-20,REGULAR,36077,18.793125,136319
48970,10,2025-03-20,PREMIUM,33441,19.635945,136321
48971,10,2025-03-20,REGULAR,33508,18.793125,136322
49395,7,2025-03-20,REGULAR,33416,18.918549,136318
48989,5,2025-03-21,REGULAR,31459,18.736007,136372
49004,4,2025-03-21,REGULAR,20098,18.793125,136405
49006,2,2025-03-21,REGULAR,36037,18.973938,136410
49007,10,2025-03-21,DIESEL,29977,20.519597,136411
49008,10,2025-03-21,DIESEL,29946,20.519597,136412
49013,8,2025-03-21,DIESEL,33445,20.493735,136415
49015,9,2025-03-21,DIESEL,29948,20.519597,136423
49016,9,2025-03-21,REGULAR,29925,18.973938,136424
49020,3,2025-03-21,PREMIUM,33378,19.812925,136433
49076,8,2025-03-21,REGULAR,33457,18.948076,136416
49033,6,2025-03-22,DIESEL,36133,20.605804,136528
49034,10,2025-03-22,REGULAR,30305,18.793125,136534
49035,11,2025-03-22,DIESEL,30012,20.555804,136535
49049,2,2025-03-22,DIESEL,19976,20.605804,136550
49050,1,2025-03-22,DIESEL,33456,20.605804,136565
49051,1,2025-03-22,REGULAR,33498,18.965317,136566
49052,9,2025-03-22,PREMIUM,29950,19.589631,136568
49054,2,2025-03-22,PREMIUM,19954,19.589631,136573
49055,6,2025-03-22,REGULAR,33541,18.793125,136581
49084,6,2025-03-24,REGULAR,36007,18.793125,136747
49093,11,2025-03-24,DIESEL,29895,20.555804,136755
49095,8,2025-03-24,REGULAR,29908,18.939455,136754
49097,9,2025-03-24,DIESEL,29904,20.605804,136757
49098,9,2025-03-24,REGULAR,29902,18.965317,136758
49099,10,2025-03-24,DIESEL,33399,20.605804,136759
49100,10,2025-03-24,REGULAR,33427,18.793125,136760
49111,3,2025-03-24,REGULAR,31085,18.793125,136778
49115,12,2025-03-24,PREMIUM,29777,19.589631,136781
49121,5,2025-03-25,REGULAR,31457,18.727386,136819
49123,11,2025-03-25,REGULAR,10042,18.743125,136820
49125,11,2025-03-25,REGULAR,10044,18.743125,136821
49131,2,2025-03-25,DIESEL,33436,20.692011,136877
49132,10,2025-03-25,PREMIUM,35954,19.942235,136878
49133,10,2025-03-25,PREMIUM,29958,19.942235,136884
49134,10,2025-03-25,DIESEL,29936,20.692011,136886
49135,10,2025-03-25,DIESEL,29942,20.692011,136887
49136,1,2025-03-25,DIESEL,33443,20.692011,136879
49137,1,2025-03-25,REGULAR,33442,18.965317,136880
49138,11,2025-03-25,DIESEL,29937,20.642011,136885
49141,2,2025-03-25,REGULAR,33318,18.965317,136908
49148,8,2025-03-25,DIESEL,33410,20.666149,136923
49149,8,2025-03-25,REGULAR,33299,18.939455,136924
49151,12,2025-03-25,REGULAR,33330,18.965317,136927
49161,6,2025-03-25,REGULAR,35783,18.793125,136934
49169,9,2025-03-25,REGULAR,30049,18.965317,136954
49170,9,2025-03-25,REGULAR,30066,18.965317,136955
49177,5,2025-03-26,PREMIUM,31209,19.415374,136984
49181,2,2025-03-26,DIESEL,33548,20.728661,136995
49182,4,2025-03-26,REGULAR,36282,18.793125,136998
49183,5,2025-03-26,DIESEL,31283,20.590730,136999
49196,2,2025-03-26,REGULAR,33542,18.962917,137005
49197,12,2025-03-26,DIESEL,9999,20.728661,137010
49199,12,2025-03-26,DIESEL,9990,20.728661,137011
49201,93,2025-03-26,REGULAR,30106,18.793125,137017
49202,10,2025-03-26,DIESEL,33443,20.728661,137022
49203,10,2025-03-26,REGULAR,33596,18.793125,137023
49205,4,2025-03-26,PREMIUM,33491,19.943079,137027
49208,11,2025-03-26,DIESEL,29890,20.678661,137050
49209,3,2025-03-26,REGULAR,29794,18.793125,137064
49210,6,2025-03-26,DIESEL,35907,20.728661,137069
49396,7,2025-03-26,PREMIUM,30167,19.603305,137003
49397,7,2025-03-26,REGULAR,30037,18.912917,137004
49244,1,2025-03-27,REGULAR,33708,18.964630,137166
49247,6,2025-03-27,REGULAR,35971,18.793125,137178
49249,7,2025-03-27,DIESEL,29914,20.680611,137180
49250,1,2025-03-27,DIESEL,33413,20.730611,137181
49251,8,2025-03-27,DIESEL,33410,20.704749,137182
49252,8,2025-03-27,REGULAR,33398,18.938768,137183
49255,10,2025-03-27,DIESEL,29940,20.730611,137188
49256,10,2025-03-27,REGULAR,29915,18.793125,137189
49264,2,2025-03-27,DIESEL,33393,20.730611,137206
49277,5,2025-03-27,REGULAR,30801,18.726699,137217
49279,11,2025-03-27,REGULAR,9953,18.743125,137226
49281,11,2025-03-27,PREMIUM,9949,19.893079,137227
49294,2,2025-03-27,DIESEL,29927,20.730611,137179
49296,4,2025-03-28,DIESEL,29936,20.743850,137321
49298,4,2025-03-28,REGULAR,33482,18.793125,137325
49299,10,2025-03-28,REGULAR,33438,18.793125,137328
49300,10,2025-03-28,DIESEL,29928,20.743850,137330
49301,10,2025-03-28,DIESEL,29924,20.743850,137331
49308,6,2025-03-29,PREMIUM,33717,20.128937,137447
49309,6,2025-03-29,REGULAR,36144,18.793125,137455
49310,10,2025-03-29,PREMIUM,30033,20.128937,137456
49311,1,2025-03-29,REGULAR,33444,18.961632,137457
49312,10,2025-03-29,DIESEL,29952,20.770543,137460
49313,10,2025-03-29,REGULAR,30145,18.793125,137461
49379,10,2025-03-31,PREMIUM,33665,20.128937,137634
49380,5,2025-03-31,REGULAR,31041,18.723701,137635
49387,6,2025-03-31,REGULAR,35994,18.793125,137645
49388,8,2025-03-31,PREMIUM,33423,19.927717,137646
49389,8,2025-03-31,REGULAR,33311,18.935770,137647
49406,5,2025-04-01,DIESEL,31354,20.569219,137711
49413,1,2025-04-01,REGULAR,29941,18.835044,137762
49421,12,2025-04-01,REGULAR,33248,18.605044,137792
49422,6,2025-04-01,DIESEL,35906,20.767150,137795
49427,11,2025-04-01,DIESEL,31135,20.717150,137817
49429,3,2025-04-01,REGULAR,33465,18.647748,137769
49430,2,2025-04-01,DIESEL,35922,20.867150,137777
49431,10,2025-04-01,DIESEL,29909,20.767150,137778
49432,10,2025-04-01,REGULAR,29910,18.647748,137779
49458,6,2025-04-02,REGULAR,33551,18.647748,137913
49462,2,2025-04-02,REGULAR,35832,18.835044,137921
49464,10,2025-04-02,DIESEL,29895,20.886088,137923
49465,10,2025-04-02,DIESEL,29897,20.886088,137924
49466,8,2025-04-02,DIESEL,33400,20.800226,137925
49467,8,2025-04-02,REGULAR,33319,18.579182,137926
49479,11,2025-04-02,REGULAR,9889,18.597748,137954
49481,11,2025-04-02,REGULAR,9885,18.597748,137955
49488,5,2025-04-03,REGULAR,31279,18.467113,138001
49504,1,2025-04-03,REGULAR,29984,18.835044,138043
49506,3,2025-04-03,REGULAR,33459,18.647748,138053
49507,10,2025-04-03,REGULAR,29978,18.647748,138056
49508,11,2025-04-03,DIESEL,29938,20.748386,138057
49509,2,2025-04-03,DIESEL,35917,20.898386,138058
49516,6,2025-04-03,REGULAR,35739,18.647748,138067
49549,2,2025-04-04,REGULAR,35868,18.835044,138202
49550,6,2025-04-04,REGULAR,33502,18.647748,138203
49552,10,2025-04-04,PREMIUM,33414,19.826224,138207
49553,8,2025-04-04,REGULAR,33327,18.579182,138208
49554,10,2025-04-04,DIESEL,29907,20.643213,138209
49555,10,2025-04-04,DIESEL,29901,20.643213,138210
49569,11,2025-04-04,DIESEL,9953,20.593213,138264
49571,11,2025-04-04,DIESEL,9950,20.593213,138265
49575,5,2025-04-05,PREMIUM,30956,19.259227,138343
49587,6,2025-04-05,DIESEL,33392,19.742914,138352
49588,2,2025-04-05,DIESEL,35877,19.842914,138355
49589,8,2025-04-05,REGULAR,33295,18.406768,138360
49591,10,2025-04-05,DIESEL,29918,19.742914,138362
49592,10,2025-04-05,REGULAR,29845,18.475334,138363
49594,1,2025-04-05,REGULAR,29770,18.662630,138365
49595,2,2025-04-05,PREMIUM,29785,19.527158,138379
49601,1,2025-04-05,PREMIUM,29805,19.527158,138364
49630,1,2025-04-07,DIESEL,29931,19.842914,138584
49631,1,2025-04-07,REGULAR,29961,18.662630,138585
49636,6,2025-04-07,REGULAR,36021,18.475334,138592
49640,3,2025-04-07,DIESEL,33412,19.742914,138586
49642,8,2025-04-07,DIESEL,29910,19.657052,138599
49643,8,2025-04-07,REGULAR,29853,18.406768,138600
49644,10,2025-04-07,DIESEL,29853,19.742914,138617
49645,10,2025-04-07,REGULAR,29841,18.475334,138618
49666,11,2025-04-07,PREMIUM,10001,19.603810,138657
49668,11,2025-04-07,PREMIUM,9985,19.603810,138658
49681,5,2025-04-08,REGULAR,31337,18.294699,138708
49683,5,2025-04-08,DIESEL,31366,19.544983,138710
49694,12,2025-04-08,REGULAR,33635,18.432630,138743
49696,93,2025-04-08,REGULAR,30222,18.475334,138750
49697,2,2025-04-08,DIESEL,35938,19.842914,138753
49698,10,2025-04-08,DIESEL,29955,19.742914,138759
49699,10,2025-04-08,PREMIUM,30136,19.653810,138760
49701,6,2025-04-08,DIESEL,35919,19.742914,138785
49730,1,2025-04-09,REGULAR,33541,18.662630,138914
49732,2,2025-04-09,REGULAR,35957,18.662630,138918
49737,10,2025-04-09,REGULAR,30144,18.475334,138923
49738,11,2025-04-09,DIESEL,29937,19.670702,138924
49739,10,2025-04-09,DIESEL,29935,19.720702,138925
49740,10,2025-04-09,DIESEL,29943,19.720702,138926
49746,4,2025-04-09,REGULAR,33479,18.475334,138936
49748,6,2025-04-09,REGULAR,35827,18.475334,138946
49781,3,2025-04-10,REGULAR,33738,18.475334,139082
49787,2,2025-04-10,DIESEL,35942,19.600551,139088
49791,11,2025-04-10,REGULAR,30102,18.425334,139090
49793,10,2025-04-10,DIESEL,29947,19.500551,139091
49794,10,2025-04-10,PREMIUM,29996,19.653810,139092
49797,8,2025-04-10,DIESEL,33433,19.414689,139095
49798,8,2025-04-10,REGULAR,33409,18.406768,139096
49800,6,2025-04-10,REGULAR,35910,18.475334,139099
49804,5,2025-04-10,REGULAR,30839,18.294699,139120
49865,9,2025-04-10,DIESEL,29950,19.600551,139089
49838,93,2025-04-11,DIESEL,30014,19.775120,139186
49850,2,2025-04-11,REGULAR,36009,18.748837,139192
49851,1,2025-04-11,DIESEL,29976,19.875120,139194
49852,1,2025-04-11,REGULAR,29961,18.748837,139195
49853,11,2025-04-11,DIESEL,29995,19.725120,139197
49857,10,2025-04-11,DIESEL,33453,19.775120,139204
49858,10,2025-04-11,REGULAR,30082,18.561541,139205
49943,9,2025-04-11,REGULAR,29818,18.748837,139211
49892,6,2025-04-12,PREMIUM,33614,19.054230,139250
49894,11,2025-04-12,DIESEL,9998,19.341999,139252
49896,11,2025-04-12,PREMIUM,9992,19.004230,139253
49900,2,2025-04-12,DIESEL,35942,19.491999,139263
49902,8,2025-04-12,PREMIUM,33491,19.177709,139271
49903,8,2025-04-12,REGULAR,33420,18.492975,139272
49904,1,2025-04-12,DIESEL,29944,19.491999,139273
49905,1,2025-04-12,REGULAR,29932,18.748837,139274
49906,6,2025-04-12,DIESEL,29994,19.391999,139277
49907,10,2025-04-12,PREMIUM,29913,19.054230,139278
49910,6,2025-04-12,REGULAR,35853,18.561541,139290
49911,10,2025-04-12,DIESEL,29980,19.391999,139292
49912,10,2025-04-12,REGULAR,29876,18.561541,139293
49918,1,2025-04-13,REGULAR,34131,18.748837,139326
49919,6,2025-04-13,REGULAR,36627,18.561541,139327
49920,8,2025-04-13,DIESEL,33781,19.306137,139328
49921,8,2025-04-13,REGULAR,33987,18.492975,139329
49922,10,2025-04-13,REGULAR,30452,18.561541,139330
49923,10,2025-04-13,REGULAR,30359,18.561541,139331
49933,5,2025-04-14,REGULAR,31823,18.380906,139363
49944,4,2025-04-14,REGULAR,33763,18.561541,139380
49945,10,2025-04-14,REGULAR,30248,18.561541,139381
49946,11,2025-04-14,DIESEL,29979,19.341999,139382
49947,2,2025-04-14,DIESEL,35899,19.491999,139383
49949,9,2025-04-14,DIESEL,29912,19.491999,139386
49950,9,2025-04-14,REGULAR,29933,18.748837,139387
49951,10,2025-04-14,DIESEL,33377,19.391999,139389
49970,5,2025-04-14,DIESEL,31105,19.194068,139424
49978,5,2025-04-15,PREMIUM,31292,19.065640,139447
49987,93,2025-04-15,REGULAR,30147,18.647748,139478
49988,3,2025-04-15,REGULAR,33791,18.647748,139475
49989,1,2025-04-15,DIESEL,30024,19.469126,139479
49990,2,2025-04-15,REGULAR,35964,18.748837,139487
49994,10,2025-04-15,DIESEL,29920,19.369126,139492
49995,10,2025-04-15,PREMIUM,30038,19.054230,139493
49998,6,2025-04-15,REGULAR,35829,18.647748,139497
50025,10,2025-04-16,DIESEL,31237,19.380234,139550
50031,2,2025-04-16,DIESEL,35939,19.480234,139566
50032,12,2025-04-16,REGULAR,29882,18.518837,139572
50041,8,2025-04-16,DIESEL,33417,19.294372,139579
50042,8,2025-04-16,REGULAR,33356,18.492975,139580
50043,1,2025-04-16,REGULAR,29853,18.748837,139593
50058,9,2025-04-16,PREMIUM,29747,19.333572,139602
50061,5,2025-04-17,REGULAR,31520,18.380906,139617
50074,10,2025-04-17,PREMIUM,33593,19.054230,139650
50075,10,2025-04-17,REGULAR,33573,18.647748,139651
50076,10,2025-04-17,DIESEL,29982,19.242280,139653
50077,10,2025-04-17,DIESEL,29916,19.242280,139654
50078,12,2025-04-17,DIESEL,29962,19.182280,139652
50079,6,2025-04-17,REGULAR,36057,18.647748,139656
50082,11,2025-04-17,REGULAR,29911,18.597748,139662
50083,11,2025-04-17,DIESEL,29868,19.192280,139663
50108,4,2025-04-18,DIESEL,33564,19.374251,139725
50109,3,2025-04-18,REGULAR,33661,18.647748,139733
50110,2,2025-04-18,DIESEL,35922,19.474251,139734
50111,10,2025-04-18,REGULAR,30094,18.647748,139737
50112,8,2025-04-18,REGULAR,29983,18.492975,139738
50113,9,2025-04-18,DIESEL,29935,19.474251,139739
50114,9,2025-04-18,REGULAR,29906,18.748837,139740
50121,6,2025-04-18,DIESEL,35861,19.374251,139746
50137,4,2025-04-19,REGULAR,33573,18.647748,139799
50138,6,2025-04-19,REGULAR,36068,18.647748,139800
50139,10,2025-04-19,PREMIUM,30026,19.054230,139801
50140,10,2025-04-19,REGULAR,30002,18.647748,139802
50141,1,2025-04-19,REGULAR,29879,18.748837,139806
50172,3,2025-04-21,PREMIUM,33551,19.054230,139911
50174,2,2025-04-21,REGULAR,35897,18.748837,139914
50175,10,2025-04-21,PREMIUM,29951,19.054230,139915
50176,10,2025-04-21,REGULAR,30037,18.647748,139916
50177,10,2025-04-21,DIESEL,30039,19.374251,139917
50178,11,2025-04-21,DIESEL,29946,19.324251,139918
50179,8,2025-04-21,DIESEL,33519,19.288389,139919
50180,8,2025-04-21,REGULAR,33343,18.492975,139920
50185,6,2025-04-21,REGULAR,35870,18.647748,139927
50195,5,2025-04-21,REGULAR,30847,18.380906,139946
50206,2,2025-04-22,DIESEL,33490,19.474251,139990
50209,1,2025-04-22,REGULAR,29937,18.718375,139995
50210,1,2025-04-22,PREMIUM,30014,19.037569,139996
50213,9,2025-04-22,REGULAR,29931,18.718375,139999
50214,11,2025-04-22,DIESEL,29942,19.324251,140000
50215,12,2025-04-22,REGULAR,33350,18.488375,140006
50218,1,2025-04-22,DIESEL,29861,19.474251,140011
50245,5,2025-04-23,DIESEL,31270,18.996376,140066
50251,10,2025-04-23,PREMIUM,29992,18.878636,140085
50252,10,2025-04-23,REGULAR,30003,18.529101,140086
50255,6,2025-04-23,REGULAR,33569,18.529101,140078
50256,8,2025-04-23,PREMIUM,33389,18.881706,140089
50257,8,2025-04-23,REGULAR,33331,18.462513,140090
50262,11,2025-04-23,REGULAR,9967,18.479101,140092
50264,11,2025-04-23,PREMIUM,9960,18.828636,140093
50266,2,2025-04-23,REGULAR,35768,18.718375,140101
50267,10,2025-04-23,DIESEL,29839,19.194307,140110
50268,10,2025-04-23,DIESEL,29838,19.194307,140111
50293,5,2025-04-24,REGULAR,31187,18.350444,140149
50295,3,2025-04-24,REGULAR,33576,18.529101,140158
50297,9,2025-04-24,DIESEL,30008,19.391626,140160
50298,1,2025-04-24,REGULAR,29900,18.718375,140163
50299,2,2025-04-24,DIESEL,35929,19.391626,140164
50307,2,2025-04-24,PREMIUM,29788,19.037569,140181
50327,5,2025-04-25,PREMIUM,31376,18.769637,140220
50346,10,2025-04-25,REGULAR,29998,18.529101,140262
50347,10,2025-04-25,DIESEL,29955,19.200590,140263
50348,10,2025-04-25,DIESEL,29916,19.200590,140264
50349,8,2025-04-25,DIESEL,33405,19.114728,140265
50350,8,2025-04-25,REGULAR,33320,18.462513,140266
50351,6,2025-04-25,DIESEL,33411,19.200590,140267
50369,6,2025-04-26,PREMIUM,31277,18.958698,140334
50390,9,2025-04-26,REGULAR,29959,18.789036,140365
50391,93,2025-04-26,REGULAR,30161,18.623587,140366
50392,12,2025-04-26,REGULAR,9993,18.559036,140367
50394,12,2025-04-26,PREMIUM,10060,18.968291,140368
50396,2,2025-04-26,DIESEL,35950,19.371223,140371
50398,1,2025-04-26,DIESEL,29946,19.371223,140374
50399,1,2025-04-26,REGULAR,29883,18.789036,140375
50400,10,2025-04-26,PREMIUM,33553,18.958698,140376
50401,10,2025-04-26,REGULAR,33586,18.623587,140377
50404,10,2025-04-26,DIESEL,29841,19.271223,140391
50405,10,2025-04-26,DIESEL,29860,19.271223,140392
50422,6,2025-04-27,REGULAR,33825,18.623587,140433
50423,6,2025-04-27,REGULAR,30249,18.623587,140439
50446,8,2025-04-28,REGULAR,33584,18.533174,140516
50449,10,2025-04-28,REGULAR,29938,18.623587,140530
50450,11,2025-04-28,DIESEL,29923,19.221223,140531
50455,2,2025-04-28,REGULAR,35750,18.789036,140546
50456,5,2025-04-28,REGULAR,30792,18.421105,140549
50459,6,2025-04-28,REGULAR,35598,18.623587,140559
50493,9,2025-04-29,DIESEL,33464,19.396497,140648
50494,9,2025-04-29,PREMIUM,29867,19.098291,140660
50495,9,2025-04-29,REGULAR,29816,18.789036,140661
50497,2,2025-04-29,DIESEL,35924,19.396497,140652
50498,1,2025-04-29,DIESEL,33430,19.396497,140657
50499,1,2025-04-29,REGULAR,33299,18.789036,140658
50501,6,2025-04-29,DIESEL,35838,19.296497,140672
50502,8,2025-04-29,DIESEL,33323,19.210635,140678
50503,8,2025-04-29,REGULAR,33178,18.533174,140679
50504,10,2025-04-29,PREMIUM,33181,18.958698,140680
50505,11,2025-04-29,REGULAR,9898,18.573587,140683
50506,11,2025-04-29,PREMIUM,9954,18.908698,140684
50528,4,2025-04-30,REGULAR,33556,18.623587,140785
50529,2,2025-04-30,REGULAR,35880,18.789036,140786
50534,6,2025-04-30,REGULAR,35771,18.623587,140801
50538,5,2025-04-30,DIESEL,31105,19.034307,140813
50549,10,2025-04-30,REGULAR,29798,18.623587,140808
50550,10,2025-04-30,REGULAR,29780,18.623587,140809
50551,10,2025-04-30,DIESEL,30072,19.232238,140837
50552,10,2025-04-30,DIESEL,30093,19.232238,140838
50585,1,2025-05-01,REGULAR,33566,18.789036,140904
50586,2,2025-05-01,DIESEL,35973,19.180401,140921
50588,8,2025-05-01,DIESEL,29958,18.994539,140928
50589,8,2025-05-01,REGULAR,29873,18.533174,140929
50590,3,2025-05-01,REGULAR,29915,18.623587,140932
50607,11,2025-05-01,DIESEL,30845,19.030401,140961
51194,12,2025-05-01,REGULAR,29915,18.559036,140925
50613,5,2025-05-02,REGULAR,31088,18.421105,140991
50628,6,2025-05-02,REGULAR,35768,18.623587,141048
50630,4,2025-05-02,DIESEL,29907,18.731032,141043
50631,10,2025-05-02,REGULAR,29795,18.623587,141058
50632,10,2025-05-02,PREMIUM,29735,18.958698,141059
50633,10,2025-05-02,DIESEL,33359,18.731032,141060
50634,10,2025-05-02,DIESEL,33343,18.731032,141061
50635,12,2025-05-02,PREMIUM,9916,18.968291,141063
50637,12,2025-05-02,REGULAR,9920,18.559036,141064
50643,11,2025-05-02,DIESEL,31201,18.681032,141072
50669,8,2025-05-03,REGULAR,33309,18.426075,141167
50676,6,2025-05-03,DIESEL,35917,18.731032,141169
50677,1,2025-05-03,DIESEL,29928,18.831032,141170
50678,1,2025-05-03,REGULAR,29774,18.681937,141171
50679,10,2025-05-03,DIESEL,33450,18.731032,141176
50680,10,2025-05-03,REGULAR,33379,18.530721,141177
50691,9,2025-05-05,DIESEL,29952,18.831032,141350
50693,10,2025-05-05,PREMIUM,33727,18.864673,141352
50694,10,2025-05-05,REGULAR,33774,18.530721,141353
50699,5,2025-05-05,REGULAR,31124,18.314006,141375
50704,2,2025-05-05,REGULAR,35785,18.681937,141380
50708,6,2025-05-05,REGULAR,35757,18.530721,141395
50709,8,2025-05-05,PREMIUM,29759,18.845109,141397
50710,8,2025-05-05,REGULAR,29746,18.426075,141398
50712,11,2025-05-05,PREMIUM,9910,18.814673,141414
50713,11,2025-05-05,REGULAR,19810,18.480721,141415
51195,9,2025-05-05,REGULAR,30229,18.681937,141351
50745,3,2025-05-06,DIESEL,33322,18.681480,141515
50751,2,2025-05-06,DIESEL,35812,18.781480,141517
50753,1,2025-05-06,DIESEL,29835,18.781480,141518
50754,1,2025-05-06,REGULAR,29784,18.629794,141519
50755,8,2025-05-06,DIESEL,33336,18.595618,141525
50756,8,2025-05-06,REGULAR,33247,18.373932,141526
50762,6,2025-05-06,REGULAR,35690,18.410761,141543
50763,11,2025-05-06,DIESEL,29823,18.631480,141557
50764,12,2025-05-06,REGULAR,30980,18.399794,141560
50768,5,2025-05-06,PREMIUM,30780,18.733040,141566
50822,4,2025-05-07,REGULAR,33429,18.410761,141643
50824,10,2025-05-07,PREMIUM,29916,18.773342,141650
50825,10,2025-05-07,DIESEL,33269,18.547454,141651
50826,10,2025-05-07,DIESEL,33254,18.547454,141652
50858,5,2025-05-08,REGULAR,31408,18.261863,141701
50864,2,2025-05-08,DIESEL,36159,18.835306,141739
50870,6,2025-05-08,REGULAR,35998,18.410761,141748
50873,10,2025-05-08,REGULAR,29898,18.410761,141754
50874,11,2025-05-08,DIESEL,29821,18.685306,141755
50876,9,2025-05-08,REGULAR,29775,18.629794,141759
50882,1,2025-05-08,PREMIUM,29745,19.000972,141766
50887,3,2025-05-08,REGULAR,33166,18.410761,141784
51196,9,2025-05-08,REGULAR,29828,18.629794,141758
50926,2,2025-05-09,REGULAR,33332,18.629794,141864
50927,1,2025-05-09,REGULAR,29838,18.629794,141865
50928,1,2025-05-09,REGULAR,29808,18.629794,141866
50929,6,2025-05-09,DIESEL,35943,18.616701,141867
50930,10,2025-05-09,DIESEL,29911,18.616701,141868
50931,10,2025-05-09,DIESEL,29857,18.616701,141869
50933,2,2025-05-09,PREMIUM,29785,19.000972,141876
50949,8,2025-05-09,DIESEL,33292,18.530839,141894
50950,8,2025-05-09,REGULAR,33234,18.373932,141895
50956,5,2025-05-09,DIESEL,30851,18.418770,141906
50976,2,2025-05-10,DIESEL,36176,19.064145,141958
50979,10,2025-05-10,DIESEL,33575,18.964145,141971
50980,8,2025-05-10,REGULAR,33596,18.373951,141972
50981,10,2025-05-10,REGULAR,30066,18.374298,141973
50982,10,2025-05-10,PREMIUM,30054,18.693944,141974
50984,6,2025-05-10,REGULAR,36035,18.374298,141976
51024,2,2025-05-12,REGULAR,35896,18.629813,142120
51025,6,2025-05-12,PREMIUM,33629,18.693944,142123
51026,1,2025-05-12,DIESEL,29916,19.064145,142125
51027,1,2025-05-12,REGULAR,29891,18.629813,142126
51029,6,2025-05-12,REGULAR,35863,18.374298,142133
51031,10,2025-05-12,DIESEL,33360,18.964145,142134
51032,10,2025-05-12,REGULAR,33348,18.374298,142135
51033,11,2025-05-12,REGULAR,9954,18.324298,142136
51035,11,2025-05-12,PREMIUM,9935,18.643944,142137
51041,9,2025-05-12,PREMIUM,29760,19.052160,142150
51042,9,2025-05-12,REGULAR,29739,18.629813,142151
51043,5,2025-05-12,REGULAR,31030,18.261882,142154
51079,2,2025-05-13,DIESEL,36036,19.224940,142223
51084,2,2025-05-13,DIESEL,33413,19.224940,142230
51085,11,2025-05-13,DIESEL,29898,19.074940,142235
51086,4,2025-05-13,REGULAR,29944,18.374298,142239
51087,6,2025-05-13,DIESEL,35844,19.124940,142240
51098,12,2025-05-13,REGULAR,33225,18.399813,142251
51119,12,2025-05-14,DIESEL,10044,19.287762,142315
51121,12,2025-05-14,PREMIUM,10081,18.922160,142316
51125,6,2025-05-14,REGULAR,36092,18.374298,142330
51127,10,2025-05-14,DIESEL,33606,19.347762,142324
51128,10,2025-05-14,DIESEL,33518,19.347762,142325
51131,1,2025-05-14,DIESEL,29934,19.447762,142334
51132,1,2025-05-14,REGULAR,29925,18.629813,142335
51145,10,2025-05-14,PREMIUM,33234,18.693944,142355
51148,8,2025-05-14,DIESEL,29807,19.261900,142358
51149,8,2025-05-14,REGULAR,29757,18.373951,142359
51153,10,2025-05-14,REGULAR,33147,18.374298,142371
51154,10,2025-05-14,REGULAR,33164,18.374298,142372
51166,5,2025-05-15,REGULAR,31290,18.261882,142432
51179,2,2025-05-15,DIESEL,35910,19.656630,142448
51180,9,2025-05-15,DIESEL,30030,19.656630,142449
51181,9,2025-05-15,REGULAR,29924,18.629813,142450
51182,8,2025-05-15,PREMIUM,33454,18.896297,142451
51183,11,2025-05-15,DIESEL,33394,19.506630,142452
51187,4,2025-05-15,DIESEL,33353,19.556630,142466
51188,6,2025-05-15,REGULAR,35868,18.374298,142467
51218,3,2025-05-15,REGULAR,29667,18.374298,142500
51245,8,2025-05-16,DIESEL,33450,19.536652,142580
51247,2,2025-05-16,REGULAR,35815,18.629813,142582
51249,10,2025-05-16,DIESEL,29874,19.622514,142587
51250,10,2025-05-16,PREMIUM,29829,18.693944,142588
51251,8,2025-05-16,REGULAR,33304,18.373951,142589
51252,8,2025-05-16,REGULAR,33275,18.373951,142590
51254,6,2025-05-16,DIESEL,35827,19.622514,142598
51255,5,2025-05-16,PREMIUM,30950,18.784228,142600
51271,5,2025-05-17,DIESEL,31003,19.348620,142661
51281,2,2025-05-17,DIESEL,35900,19.646551,142705
51296,1,2025-05-17,DIESEL,33501,19.646551,142689
51297,1,2025-05-17,REGULAR,33591,18.835044,142690
51298,10,2025-05-17,PREMIUM,33355,19.023939,142700
51299,10,2025-05-17,DIESEL,33398,19.546551,142711
51300,10,2025-05-17,REGULAR,33220,18.647748,142712
51301,6,2025-05-17,REGULAR,35625,18.647748,142717
51304,11,2025-05-17,REGULAR,9911,18.597748,142742
51308,11,2025-05-17,PREMIUM,9934,18.973939,142743
51342,10,2025-05-17,DIESEL,29925,19.546551,142701
51337,4,2025-05-19,REGULAR,33603,18.647748,142893
51339,2,2025-05-19,REGULAR,35832,18.835044,142896
51340,9,2025-05-19,REGULAR,29869,18.835044,142897
51341,9,2025-05-19,REGULAR,29837,18.835044,142898
51345,10,2025-05-19,DIESEL,33423,19.546551,142900
51346,10,2025-05-19,REGULAR,33393,18.647748,142901
51348,5,2025-05-19,REGULAR,31019,18.467113,142909
51365,10,2025-05-19,PREMIUM,29841,19.023939,142940
51366,11,2025-05-19,DIESEL,29789,19.496551,142941
51381,6,2025-05-19,REGULAR,35764,18.647748,142905
51385,2,2025-05-20,DIESEL,33406,19.492713,143025
51387,8,2025-05-20,DIESEL,33306,19.306851,143038
51388,8,2025-05-20,REGULAR,33324,18.579182,143039
51389,11,2025-05-20,DIESEL,9936,19.342713,143040
51391,11,2025-05-20,PREMIUM,9954,18.973939,143041
51394,11,2025-05-20,DIESEL,29785,19.342713,143045
51395,1,2025-05-20,REGULAR,29808,18.835044,143046
51397,12,2025-05-20,REGULAR,35892,18.605044,143033
51419,5,2025-05-21,REGULAR,31302,18.467113,143095
51432,6,2025-05-21,REGULAR,33447,18.647748,143158
51436,6,2025-05-21,DIESEL,35762,19.246801,143161
51437,10,2025-05-21,DIESEL,33260,19.246801,143162
51438,10,2025-05-21,DIESEL,33259,19.246801,143163
51440,10,2025-05-21,REGULAR,29866,18.647748,143166
51441,10,2025-05-21,REGULAR,29787,18.647748,143167
51443,11,2025-05-21,REGULAR,9926,18.597748,143169
51445,11,2025-05-21,REGULAR,9911,18.597748,143170
51458,11,2025-05-21,PREMIUM,9985,18.973939,143224
51460,11,2025-05-21,PREMIUM,9990,18.973939,143225
51467,12,2025-05-22,DIESEL,9999,19.122432,143271
51469,12,2025-05-22,PREMIUM,10052,19.306612,143272
51479,1,2025-05-22,DIESEL,33406,19.282432,143282
51480,1,2025-05-22,REGULAR,33602,18.835044,143283
51481,9,2025-05-22,DIESEL,29900,19.282432,143284
51482,9,2025-05-22,REGULAR,30070,18.835044,143285
51483,2,2025-05-22,DIESEL,35829,19.282432,143291
51484,1,2025-05-22,PREMIUM,29826,19.436612,143292
51488,11,2025-05-22,DIESEL,33291,19.132432,143314
51489,8,2025-05-22,REGULAR,33316,18.579182,143315
51490,6,2025-05-22,REGULAR,35738,18.647748,143316
51491,4,2025-05-22,REGULAR,33224,18.647748,143317
51515,5,2025-05-23,PREMIUM,31227,19.168680,143394
51531,2,2025-05-23,REGULAR,30070,18.835044,143408
51532,6,2025-05-23,PREMIUM,33603,19.023939,143409
51533,6,2025-05-23,DIESEL,29856,19.104845,143416
51535,10,2025-05-23,DIESEL,33344,19.104845,143417
51536,10,2025-05-23,DIESEL,33307,19.104845,143418
51537,3,2025-05-23,REGULAR,29876,18.647748,143431
51570,9,2025-05-24,PREMIUM,31358,19.490293,143516
51579,2,2025-05-24,DIESEL,35828,19.210959,143557
51580,5,2025-05-24,REGULAR,31155,18.467113,143558
51582,1,2025-05-24,DIESEL,29868,19.210959,143560
51583,1,2025-05-24,REGULAR,29898,18.835044,143561
51584,10,2025-05-24,PREMIUM,33536,19.018237,143564
51590,6,2025-05-24,REGULAR,35930,18.579885,143574
51591,10,2025-05-24,DIESEL,29825,19.110959,143580
51592,10,2025-05-24,REGULAR,29810,18.579885,143581
51593,8,2025-05-24,DIESEL,33299,19.025097,143582
51594,8,2025-05-24,REGULAR,33283,18.579182,143583
51630,2,2025-05-26,PREMIUM,29903,19.490293,143748
51632,8,2025-05-26,DIESEL,29891,19.025097,143754
51633,8,2025-05-26,REGULAR,29930,18.579182,143755
51634,6,2025-05-26,REGULAR,35871,18.579885,143756
51636,10,2025-05-26,DIESEL,33369,19.110959,143763
51637,10,2025-05-26,REGULAR,33295,18.579885,143764
51646,4,2025-05-26,DIESEL,33345,19.110959,143768
51651,5,2025-05-26,DIESEL,30853,18.913028,143780
51661,9,2025-05-26,DIESEL,29919,19.210959,143808
51662,9,2025-05-26,REGULAR,29926,18.835044,143809
51667,11,2025-05-26,REGULAR,10005,18.529885,143832
51669,11,2025-05-26,REGULAR,9982,18.529885,143833
51672,5,2025-05-27,REGULAR,31463,18.467113,143855
51679,12,2025-05-27,REGULAR,31122,18.605044,143874
51688,3,2025-05-27,REGULAR,33578,18.579885,143890
51689,2,2025-05-27,DIESEL,35899,19.166448,143891
51691,1,2025-05-27,DIESEL,33400,19.166448,143894
51692,1,2025-05-27,REGULAR,33411,18.835044,143895
51693,4,2025-05-27,PREMIUM,9991,19.018237,143903
51695,4,2025-05-27,PREMIUM,9978,19.018237,143904
51702,6,2025-05-27,REGULAR,35755,18.579885,143910
51706,8,2025-05-27,REGULAR,29800,18.579182,143922
51707,11,2025-05-27,DIESEL,29902,19.016448,143923
51708,10,2025-05-27,PREMIUM,33300,19.018237,143924
51709,10,2025-05-27,REGULAR,33268,18.579885,143925
51744,2,2025-05-28,REGULAR,33459,18.835044,144012
51747,12,2025-05-28,DIESEL,9951,19.006448,144017
51749,12,2025-05-28,REGULAR,9973,18.605044,144018
51751,6,2025-05-28,DIESEL,35796,19.066448,144026
51756,9,2025-05-28,REGULAR,29874,18.835044,144030
51757,9,2025-05-28,REGULAR,29869,18.835044,144031
51760,10,2025-05-28,DIESEL,33300,19.066448,144034
51761,10,2025-05-28,DIESEL,33285,19.066448,144035
51801,4,2025-05-29,REGULAR,33524,18.579885,144160
51802,2,2025-05-29,DIESEL,35817,18.993163,144161
51804,1,2025-05-29,DIESEL,29838,18.993163,144168
51805,1,2025-05-29,REGULAR,29964,18.835044,144169
51811,6,2025-05-29,REGULAR,35920,18.579885,144180
51812,3,2025-05-29,PREMIUM,29906,19.018237,144181
51813,11,2025-05-29,DIESEL,29825,18.843163,144182
51815,8,2025-05-29,PREMIUM,29881,19.334430,144188
51857,11,2025-05-30,DIESEL,9964,19.030611,144301
51859,11,2025-05-30,REGULAR,10036,18.529885,144302
51862,8,2025-05-30,REGULAR,33432,18.579182,144312
51868,2,2025-05-30,REGULAR,35877,18.835044,144315
51869,10,2025-05-30,REGULAR,29983,18.579885,144319
51870,10,2025-05-30,REGULAR,29869,18.579885,144320
51871,5,2025-05-30,REGULAR,31147,18.467113,144323
51873,10,2025-05-30,DIESEL,33317,19.080611,144324
51874,10,2025-05-30,DIESEL,33311,19.080611,144325
51877,8,2025-05-30,DIESEL,33302,18.994749,144330
51911,1,2025-05-31,REGULAR,33441,18.835044,144467
51912,2,2025-05-31,DIESEL,35824,19.015362,144474
51913,6,2025-05-31,DIESEL,29837,18.915362,144477
51915,10,2025-05-31,DIESEL,33332,18.915362,144479
51916,10,2025-05-31,PREMIUM,33391,18.764811,144480
51918,8,2025-05-31,REGULAR,33314,18.579182,144491
51919,6,2025-05-31,REGULAR,35743,18.325170,144502
51944,8,2025-06-02,REGULAR,33453,18.579182,144654
51947,2,2025-06-02,REGULAR,35913,18.835044,144656
51948,9,2025-06-02,DIESEL,29886,19.015362,144657
51949,9,2025-06-02,REGULAR,29916,18.835044,144658
51957,12,2025-06-02,REGULAR,9966,18.605044,144671
51959,12,2025-06-02,REGULAR,9958,18.605044,144672
51961,10,2025-06-02,DIESEL,33375,18.915362,144680
51962,11,2025-06-02,DIESEL,33370,18.865362,144681
51972,5,2025-06-03,PREMIUM,10071,19.067814,144734
51974,5,2025-06-03,PREMIUM,10062,19.067814,144735
51980,3,2025-06-03,REGULAR,33682,18.325170,144755
51982,2,2025-06-03,DIESEL,35867,18.901567,144768
51989,10,2025-06-03,PREMIUM,29882,18.764811,144774
51990,10,2025-06-03,REGULAR,29996,18.325170,144775
51992,1,2025-06-03,DIESEL,33363,18.901567,144780
51993,1,2025-06-03,REGULAR,33430,18.835044,144781
51998,6,2025-06-03,REGULAR,35880,18.325170,144789
52007,5,2025-06-03,DIESEL,9959,18.603636,144801
52009,5,2025-06-03,DIESEL,9954,18.603636,144802
52011,6,2025-06-03,REGULAR,33346,18.325170,144810
52012,8,2025-06-03,DIESEL,33355,18.715705,144813
52013,10,2025-06-03,DIESEL,29868,18.801567,144814
52034,4,2025-06-04,REGULAR,33504,18.325170,144891
52035,6,2025-06-04,DIESEL,35897,18.937228,144893
52036,10,2025-06-04,PREMIUM,29922,18.764811,144894
52037,10,2025-06-04,REGULAR,29906,18.325170,144895
52038,11,2025-06-04,DIESEL,33363,18.887228,144897
52039,8,2025-06-04,REGULAR,33428,18.579182,144896
52074,5,2025-06-04,REGULAR,31293,18.467113,144957
52087,1,2025-06-05,PREMIUM,30123,19.335745,145020
52088,1,2025-06-05,DIESEL,33405,19.344569,145021
52089,1,2025-06-05,REGULAR,33564,18.835044,145022
52093,9,2025-06-05,PREMIUM,30077,19.335745,145028
52094,9,2025-06-05,REGULAR,29984,18.835044,145029
52095,2,2025-06-05,DIESEL,35886,19.344569,145030
52102,10,2025-06-05,REGULAR,33408,18.325170,145041
52103,6,2025-06-05,REGULAR,35847,18.325170,145044
52104,10,2025-06-05,DIESEL,33343,19.244569,145054
52105,10,2025-06-05,DIESEL,33326,19.244569,145055
52140,11,2025-06-05,DIESEL,9967,19.194569,145034
52142,11,2025-06-05,REGULAR,9988,18.275170,145035
52136,12,2025-06-06,DIESEL,10021,18.961880,145146
52138,12,2025-06-06,REGULAR,10083,18.605044,145147
52153,6,2025-06-06,PREMIUM,29959,18.764811,145172
52154,10,2025-06-06,DIESEL,29908,19.021880,145175
52155,10,2025-06-06,PREMIUM,29881,18.764811,145176
52159,2,2025-06-06,REGULAR,35879,18.835044,145182
52161,8,2025-06-06,DIESEL,33384,18.936018,145185
52162,8,2025-06-06,REGULAR,33370,18.579182,145186
52172,5,2025-06-06,DIESEL,31168,18.823949,145199
52193,5,2025-06-06,PREMIUM,30974,19.067814,145239
52206,2,2025-06-07,DIESEL,35832,19.245843,145305
52207,1,2025-06-07,DIESEL,29899,19.245843,145306
52208,1,2025-06-07,REGULAR,29944,18.653607,145307
52209,10,2025-06-07,DIESEL,33352,19.145843,145311
52210,10,2025-06-07,REGULAR,33490,18.330517,145312
52211,8,2025-06-07,REGULAR,33370,18.397745,145313
52212,5,2025-06-07,REGULAR,31141,18.285676,145322
52214,6,2025-06-07,REGULAR,35824,18.330517,145331
52226,4,2025-06-07,DIESEL,30829,19.145843,145345
52238,11,2025-06-07,REGULAR,10010,18.280517,145406
52240,11,2025-06-07,PREMIUM,9999,18.663278,145407
52265,12,2025-06-09,REGULAR,33344,18.423607,145535
52268,6,2025-06-09,DIESEL,35814,19.145843,145544
52271,9,2025-06-09,DIESEL,29834,19.245843,145551
52272,9,2025-06-09,REGULAR,29765,18.653607,145552
52273,8,2025-06-09,PREMIUM,33217,19.029709,145553
52274,8,2025-06-09,REGULAR,33243,18.397745,145554
52275,5,2025-06-09,REGULAR,31060,18.285676,145557
52280,11,2025-06-09,DIESEL,9929,19.095843,145562
52282,11,2025-06-09,PREMIUM,9916,18.663278,145563
52294,10,2025-06-09,DIESEL,29883,19.145843,145585
52295,10,2025-06-09,REGULAR,29821,18.330517,145586
52322,6,2025-06-10,REGULAR,35912,18.330517,145662
52323,1,2025-06-10,REGULAR,33497,18.653607,145661
52324,10,2025-06-10,PREMIUM,29892,18.713278,145670
52325,11,2025-06-10,DIESEL,29859,19.218112,145671
52331,8,2025-06-10,DIESEL,33333,19.182250,145679
52332,8,2025-06-10,REGULAR,33344,18.397745,145680
52334,3,2025-06-10,REGULAR,33301,18.330517,145684
52353,11,2025-06-10,REGULAR,10005,18.280517,145729
52355,11,2025-06-10,REGULAR,10007,18.280517,145730
52374,10,2025-06-11,PREMIUM,29915,18.713278,145788
52375,10,2025-06-11,DIESEL,33359,19.327530,145795
52376,10,2025-06-11,REGULAR,33394,18.330517,145796
52377,6,2025-06-11,REGULAR,33406,18.330517,145801
52378,2,2025-06-11,REGULAR,35929,18.653607,145803
52387,11,2025-06-11,DIESEL,35788,19.277530,145819
52406,5,2025-06-11,REGULAR,31395,18.285676,145880
52419,2,2025-06-12,PREMIUM,29978,19.185571,145925
52420,2,2025-06-12,DIESEL,35880,19.377493,145926
52421,12,2025-06-12,DIESEL,9971,19.217493,145927
52423,12,2025-06-12,PREMIUM,9954,19.055571,145928
52426,1,2025-06-12,DIESEL,29901,19.377493,145932
52427,1,2025-06-12,REGULAR,29965,18.653607,145933
52429,3,2025-06-12,DIESEL,33345,19.277493,145941
52430,4,2025-06-12,REGULAR,33478,18.330517,145942
52431,6,2025-06-12,DIESEL,35849,19.277493,145943
52433,9,2025-06-12,DIESEL,29853,19.377493,145960
52434,9,2025-06-12,REGULAR,29769,18.653607,145961
52445,5,2025-06-12,DIESEL,31187,19.079562,145968
52457,2,2025-06-13,REGULAR,36265,18.653607,146026
52459,8,2025-06-13,DIESEL,30037,19.407887,146047
52460,8,2025-06-13,REGULAR,29998,18.397745,146048
52462,1,2025-06-13,DIESEL,33555,19.593749,146050
52463,1,2025-06-13,REGULAR,33497,18.653607,146051
52464,6,2025-06-13,REGULAR,36103,18.330517,146054
52478,10,2025-06-13,REGULAR,33412,18.330517,146083
52490,10,2025-06-13,DIESEL,33360,19.493749,146095
52491,10,2025-06-13,DIESEL,33373,19.493749,146096
52504,5,2025-06-14,REGULAR,31193,18.467113,146161
52509,1,2025-06-14,REGULAR,33413,18.835044,146191
52510,2,2025-06-14,DIESEL,35896,19.588392,146199
52511,9,2025-06-14,PREMIUM,30041,19.324032,146202
52512,9,2025-06-14,REGULAR,29867,18.835044,146203
52513,10,2025-06-14,DIESEL,33400,19.488392,146204
52514,10,2025-06-14,REGULAR,33498,18.672489,146205
52515,8,2025-06-14,REGULAR,33317,18.579182,146214
52546,6,2025-06-14,REGULAR,36044,18.672489,146224
52549,5,2025-06-14,PREMIUM,31222,19.056101,146229
52559,11,2025-06-16,DIESEL,33500,19.438392,146391
52561,6,2025-06-16,REGULAR,36165,18.672489,146393
52568,10,2025-06-16,DIESEL,33487,19.488392,146401
52569,8,2025-06-16,REGULAR,33493,18.579182,146402
52571,12,2025-06-16,REGULAR,30977,18.605044,146404
52573,10,2025-06-16,PREMIUM,29973,19.030849,146405
52574,10,2025-06-16,REGULAR,30055,18.672489,146406
52580,6,2025-06-16,DIESEL,31317,19.488392,146419
52590,4,2025-06-16,REGULAR,31136,18.672489,146442
52602,5,2025-06-17,REGULAR,31464,18.467113,146466
52619,1,2025-06-17,REGULAR,29986,18.835044,146505
52621,2,2025-06-17,DIESEL,35825,20.411623,146508
52628,10,2025-06-17,DIESEL,33319,20.311623,146519
52629,10,2025-06-17,REGULAR,33488,18.672489,146520
52631,3,2025-06-17,REGULAR,33464,18.672489,146521
52632,6,2025-06-17,PREMIUM,36004,19.030849,146525
52635,8,2025-06-17,DIESEL,29841,20.225761,146531
52636,8,2025-06-17,REGULAR,29893,18.579182,146532
52649,11,2025-06-17,REGULAR,10003,18.622489,146551
52651,11,2025-06-17,REGULAR,10002,18.622489,146552
52673,9,2025-06-18,REGULAR,29950,18.835044,146617
52674,9,2025-06-18,REGULAR,29925,18.835044,146618
52675,11,2025-06-18,DIESEL,33430,20.421698,146619
52676,6,2025-06-18,REGULAR,36068,18.672489,146620
52686,12,2025-06-18,DIESEL,9981,20.411698,146645
52688,12,2025-06-18,REGULAR,9992,18.605044,146646
52690,10,2025-06-18,DIESEL,29911,20.471698,146647
52691,10,2025-06-18,PREMIUM,29884,19.030849,146648
52714,4,2025-06-19,REGULAR,33534,18.672489,146729
52719,6,2025-06-19,DIESEL,35940,21.092809,146730
52721,3,2025-06-19,REGULAR,29968,18.672489,146737
52722,1,2025-06-19,PREMIUM,29959,19.324032,146740
52723,1,2025-06-19,REGULAR,29958,18.835044,146741
52729,11,2025-06-19,REGULAR,9975,18.622489,146753
52731,11,2025-06-19,PREMIUM,9961,18.980849,146754
52734,4,2025-06-19,DIESEL,29871,21.092809,146762
52751,5,2025-06-20,DIESEL,30954,20.963938,146817
52758,9,2025-06-20,DIESEL,29931,21.261869,146834
52759,9,2025-06-20,REGULAR,30042,18.835044,146835
52763,11,2025-06-20,DIESEL,29891,21.111869,146842
52764,2,2025-06-20,REGULAR,35917,18.835044,146849
52765,8,2025-06-20,DIESEL,33343,21.076007,146854
52766,8,2025-06-20,REGULAR,33414,18.579182,146855
52773,6,2025-06-20,REGULAR,35993,18.672489,146865
52806,10,2025-06-20,REGULAR,30036,18.672489,146873
52807,10,2025-06-20,PREMIUM,30029,19.030849,146874
52844,5,2025-06-20,REGULAR,31441,18.467113,146892
52816,2,2025-06-21,DIESEL,35941,21.261869,146936
52817,1,2025-06-21,DIESEL,29901,21.261869,146944
52818,1,2025-06-21,REGULAR,30022,18.835044,146945
52820,10,2025-06-21,DIESEL,29897,21.161869,146948
52821,10,2025-06-21,DIESEL,29905,21.161869,146949
52822,8,2025-06-21,REGULAR,33528,18.579182,146952
52827,6,2025-06-21,REGULAR,36164,18.672489,146956
52830,10,2025-06-21,PREMIUM,33593,19.427544,146967
52831,10,2025-06-21,REGULAR,33579,18.672489,146968
52833,8,2025-06-21,PREMIUM,30135,19.911686,146990
52849,5,2025-06-23,PREMIUM,31439,19.799617,147108
52862,2,2025-06-23,REGULAR,36115,18.835044,147119
52863,12,2025-06-23,REGULAR,33553,18.605044,147121
52865,1,2025-06-23,DIESEL,33469,21.261869,147127
52866,1,2025-06-23,REGULAR,33521,18.835044,147128
52871,6,2025-06-23,DIESEL,35880,21.161869,147136
52872,10,2025-06-23,DIESEL,29902,21.161869,147151
52873,10,2025-06-23,DIESEL,29900,21.161869,147152
52874,10,2025-06-23,REGULAR,33497,18.672489,147153
52881,11,2025-06-23,DIESEL,9997,21.111869,147162
52883,11,2025-06-23,PREMIUM,10016,19.377544,147163
52934,4,2025-06-23,PREMIUM,20447,19.427544,147156
52964,6,2025-06-23,PREMIUM,10578,19.427544,147156
52896,5,2025-06-24,REGULAR,31202,18.467113,147199
52899,11,2025-06-24,REGULAR,30259,18.622489,147211
52900,11,2025-06-24,PREMIUM,30229,19.377544,147212
52902,8,2025-06-24,REGULAR,33674,18.579182,147217
52903,2,2025-06-24,DIESEL,33570,21.284108,147220
52906,11,2025-06-24,DIESEL,33489,21.134108,147234
52907,6,2025-06-24,REGULAR,36249,18.672489,147240
52910,9,2025-06-24,PREMIUM,33693,20.067548,147216
52918,9,2025-06-24,DIESEL,30066,21.284108,147255
52919,9,2025-06-24,REGULAR,30161,18.835044,147256
52922,12,2025-06-24,PREMIUM,10059,19.937548,147265
52924,12,2025-06-24,REGULAR,10036,18.605044,147266
52957,1,2025-06-25,REGULAR,33488,18.835044,147357
52961,6,2025-06-25,REGULAR,36023,18.672489,147363
52962,10,2025-06-25,DIESEL,29937,20.413474,147366
52963,10,2025-06-25,DIESEL,29931,20.413474,147367
52965,10,2025-06-25,PREMIUM,33473,19.250820,147369
52966,10,2025-06-25,REGULAR,33478,18.672489,147370
52992,5,2025-06-26,REGULAR,31527,18.467113,147450
53006,2,2025-06-26,DIESEL,35942,19.923670,147483
53010,10,2025-06-26,DIESEL,29938,19.823670,147486
53011,11,2025-06-26,DIESEL,29933,19.773670,147487
53012,4,2025-06-26,REGULAR,33543,18.672489,147490
53014,8,2025-06-26,DIESEL,33420,19.737808,147495
53015,8,2025-06-26,REGULAR,33486,18.579182,147496
53016,6,2025-06-26,REGULAR,35831,18.672489,147498
53047,2,2025-06-27,REGULAR,33792,18.835044,147567
53048,6,2025-06-27,DIESEL,36080,19.793563,147571
53056,1,2025-06-27,REGULAR,30080,18.835044,147587
53059,9,2025-06-27,DIESEL,29947,19.893563,147601
53060,9,2025-06-27,REGULAR,29991,18.835044,147602
53061,1,2025-06-27,DIESEL,29946,19.893563,147603
53062,10,2025-06-27,DIESEL,33433,19.793563,147604
53063,10,2025-06-27,REGULAR,33504,18.672489,147605
53086,11,2025-06-28,REGULAR,10054,18.622489,147672
53088,11,2025-06-28,PREMIUM,10032,19.206159,147673
53104,6,2025-06-28,REGULAR,36108,18.672489,147706
53105,10,2025-06-28,DIESEL,29960,19.967443,147707
53106,10,2025-06-28,PREMIUM,30005,19.256159,147708
53108,8,2025-06-28,DIESEL,33444,19.881581,147716
53109,8,2025-06-28,REGULAR,33506,18.579182,147717
53139,6,2025-06-30,DIESEL,35969,19.967443,147892
53144,1,2025-06-30,REGULAR,30055,18.835044,147896
53147,10,2025-06-30,DIESEL,33487,19.967443,147899
53148,10,2025-06-30,REGULAR,33614,18.672489,147900
53150,11,2025-06-30,DIESEL,29953,19.917443,147913
53154,5,2025-06-30,REGULAR,30936,18.467113,147923
53172,5,2025-07-01,DIESEL,31180,19.514641,147998
53174,2,2025-07-01,DIESEL,35935,19.812572,148002
53177,12,2025-07-01,REGULAR,33440,18.605044,148007
53181,10,2025-07-01,PREMIUM,29919,19.256159,148012
53182,8,2025-07-01,DIESEL,33388,19.626710,148019
53183,8,2025-07-01,REGULAR,33364,18.579182,148020
53185,6,2025-07-01,REGULAR,35863,18.672489,148024
53217,10,2025-07-02,DIESEL,33539,19.906822,148110
53218,10,2025-07-02,DIESEL,33478,19.906822,148111
53219,9,2025-07-02,REGULAR,30001,18.835044,148112
53220,9,2025-07-02,REGULAR,29992,18.835044,148113
53222,2,2025-07-02,REGULAR,35982,18.835044,148115
53225,4,2025-07-02,REGULAR,33493,18.672489,148118
53228,6,2025-07-02,REGULAR,35887,18.672489,148132
53242,8,2025-07-02,PREMIUM,33580,19.715551,148160
53243,8,2025-07-02,REGULAR,33574,18.579182,148161
53244,10,2025-07-02,REGULAR,30042,18.672489,148162
53245,10,2025-07-02,REGULAR,30019,18.672489,148163
53247,11,2025-07-02,REGULAR,10016,18.622489,148170
53249,11,2025-07-02,REGULAR,10011,18.622489,148171
53263,5,2025-07-03,PREMIUM,31140,19.603482,148193
53269,6,2025-07-03,REGULAR,36102,18.672489,148236
53271,2,2025-07-03,PREMIUM,33448,19.871413,148238
53272,1,2025-07-03,PREMIUM,29919,19.871413,148240
53273,1,2025-07-03,REGULAR,30009,18.835044,148241
53274,6,2025-07-03,PREMIUM,30004,19.256159,148242
53275,11,2025-07-03,REGULAR,30006,18.622489,148243
53281,11,2025-07-03,DIESEL,29861,20.036616,148261
53282,11,2025-07-03,DIESEL,29908,20.036616,148262
53283,12,2025-07-03,DIESEL,9972,20.026616,148271
53285,12,2025-07-03,PREMIUM,9955,19.741413,148272
53289,3,2025-07-03,REGULAR,33272,18.672489,148252
53316,2,2025-07-04,REGULAR,36008,18.835044,148351
53317,1,2025-07-04,DIESEL,30026,20.575556,148352
53318,1,2025-07-04,REGULAR,29995,18.835044,148353
53319,9,2025-07-04,DIESEL,33490,20.575556,148354
53327,2,2025-07-04,DIESEL,33439,20.575556,148358
53328,10,2025-07-04,DIESEL,35912,20.475556,148367
53331,6,2025-07-04,DIESEL,33378,20.475556,148377
53338,10,2025-07-04,REGULAR,29791,18.456971,148384
53339,10,2025-07-04,PREMIUM,29802,19.083745,148385
53344,5,2025-07-04,REGULAR,31170,18.467113,148391
53357,2,2025-07-05,DIESEL,33550,20.328321,148477
53358,6,2025-07-05,REGULAR,35929,18.408458,148479
53365,10,2025-07-05,REGULAR,29916,18.408458,148482
53366,8,2025-07-05,REGULAR,29960,18.579182,148483
53367,10,2025-07-05,DIESEL,33473,20.228321,148484
53368,10,2025-07-05,DIESEL,33436,20.228321,148485
53369,9,2025-07-05,REGULAR,33392,18.835044,148492
53421,6,2025-07-07,DIESEL,35993,20.228321,148652
53424,4,2025-07-07,DIESEL,33478,20.228321,148658
53426,10,2025-07-07,DIESEL,33416,20.228321,148667
53427,10,2025-07-07,REGULAR,33480,18.408458,148668
53436,10,2025-07-07,PREMIUM,29961,19.100986,148675
53437,8,2025-07-07,REGULAR,29855,18.579182,148676
53447,11,2025-07-07,DIESEL,33591,20.178321,148698
53451,5,2025-07-07,REGULAR,31392,18.467113,148697
53470,6,2025-07-08,REGULAR,36329,18.408458,148746
53472,5,2025-07-08,DIESEL,31162,20.030390,148752
53483,12,2025-07-08,REGULAR,33545,18.605044,148765
53487,8,2025-07-08,DIESEL,33417,20.142459,148795
53488,8,2025-07-08,REGULAR,33332,18.579182,148796
53489,9,2025-07-08,PREMIUM,29883,19.888655,148797
53490,1,2025-07-08,REGULAR,29844,18.835044,148798
53505,5,2025-07-09,REGULAR,31587,18.467113,148838
53518,3,2025-07-09,PREMIUM,33445,19.230297,148904
53519,2,2025-07-09,REGULAR,35943,18.835044,148905
53520,10,2025-07-09,REGULAR,29968,18.408458,148909
53521,1,2025-07-09,DIESEL,33472,20.575745,148910
53522,1,2025-07-09,REGULAR,33449,18.835044,148911
53527,6,2025-07-09,REGULAR,35982,18.408458,148927
53537,10,2025-07-09,DIESEL,33464,20.475745,148943
53538,10,2025-07-09,DIESEL,33460,20.475745,148944
53558,2,2025-07-10,DIESEL,36041,20.715117,149009
53559,1,2025-07-10,DIESEL,33535,20.715117,149015
53560,1,2025-07-10,REGULAR,33606,18.835044,149016
53561,3,2025-07-10,REGULAR,33716,18.408458,149010
53562,9,2025-07-10,DIESEL,29988,20.715117,149017
53563,9,2025-07-10,REGULAR,30000,18.835044,149018
53565,12,2025-07-10,DIESEL,10001,20.555117,149020
53567,12,2025-07-10,REGULAR,9999,18.605044,149021
53569,6,2025-07-10,REGULAR,36022,18.408458,149031
53576,8,2025-07-10,DIESEL,33426,20.529255,149048
53577,8,2025-07-10,REGULAR,33331,18.579182,149049
53587,2,2025-07-11,REGULAR,33759,18.835044,149093
53588,4,2025-07-11,REGULAR,33787,18.408458,149102
53589,6,2025-07-11,DIESEL,36018,20.328673,149127
53590,11,2025-07-11,DIESEL,30054,20.278673,149128
53591,11,2025-07-11,DIESEL,29999,20.278673,149129
53592,10,2025-07-11,PREMIUM,33627,19.230297,149133
53593,10,2025-07-11,REGULAR,33545,18.408458,149134
53610,5,2025-07-11,PREMIUM,31099,19.577620,149147
53654,1,2025-07-12,REGULAR,33498,18.835044,149263
53655,2,2025-07-12,DIESEL,35960,20.316058,149274
53656,10,2025-07-12,DIESEL,33467,20.216058,149275
53657,10,2025-07-12,DIESEL,33467,20.216058,149276
53658,9,2025-07-12,REGULAR,29927,18.835044,149277
53659,9,2025-07-12,REGULAR,29930,18.835044,149278
53665,6,2025-07-12,REGULAR,36011,18.456971,149290
53666,10,2025-07-12,REGULAR,33494,18.456971,149291
53686,5,2025-07-13,REGULAR,31503,18.467113,149326
53706,10,2025-07-14,PREMIUM,33642,19.238785,149419
53707,6,2025-07-14,REGULAR,35984,18.456971,149424
53711,8,2025-07-14,DIESEL,29990,20.130196,149427
53712,8,2025-07-14,REGULAR,29929,18.579182,149428
53713,10,2025-07-14,DIESEL,33452,20.216058,149429
53714,10,2025-07-14,REGULAR,33411,18.456971,149430
53748,11,2025-07-15,REGULAR,30172,18.363868,149518
53749,11,2025-07-15,PREMIUM,30059,19.128441,149519
53755,1,2025-07-15,DIESEL,33641,20.457407,149520
53756,1,2025-07-15,REGULAR,33507,18.662630,149521
53759,12,2025-07-15,REGULAR,33444,18.432630,149535
53761,2,2025-07-15,DIESEL,35964,20.457407,149542
53763,6,2025-07-15,REGULAR,35931,18.413868,149552
53766,8,2025-07-15,PREMIUM,33366,19.648221,149553
53767,8,2025-07-15,REGULAR,33355,18.406768,149554
53777,10,2025-07-15,DIESEL,29991,20.357407,149570
53778,10,2025-07-15,PREMIUM,29930,19.178441,149571
53780,5,2025-07-15,DIESEL,31030,20.159476,149581
53783,5,2025-07-16,REGULAR,31456,18.294699,149604
53794,6,2025-07-16,DIESEL,36152,20.086949,149627
53796,9,2025-07-16,DIESEL,30115,20.186949,149628
53797,9,2025-07-16,REGULAR,30160,18.662630,149629
53804,11,2025-07-16,DIESEL,33449,20.036949,149661
53812,6,2025-07-16,PREMIUM,35759,19.178441,149687
53813,10,2025-07-16,DIESEL,33425,20.086949,149690
53814,10,2025-07-16,REGULAR,33318,18.413868,149691
53836,9,2025-07-17,PREMIUM,10061,19.804083,149746
53838,9,2025-07-17,PREMIUM,10053,19.804083,149747
53848,3,2025-07-17,REGULAR,33585,18.413868,149770
53851,10,2025-07-17,DIESEL,35972,20.178462,149783
53859,8,2025-07-17,DIESEL,33444,20.092600,149792
53860,8,2025-07-17,REGULAR,33390,18.406768,149793
53861,1,2025-07-17,REGULAR,29885,18.662630,149797
53862,1,2025-07-17,PREMIUM,29901,19.804083,149798
53870,12,2025-07-17,DIESEL,9981,20.118462,149805
53872,12,2025-07-17,PREMIUM,9965,19.674083,149806
53900,2,2025-07-18,REGULAR,33448,18.662630,149906
53910,6,2025-07-18,REGULAR,35974,18.413868,149915
53911,10,2025-07-18,PREMIUM,33442,19.178441,149916
53912,10,2025-07-18,REGULAR,33407,18.413868,149917
53913,1,2025-07-18,DIESEL,29960,20.274970,149920
53914,1,2025-07-18,REGULAR,29911,18.662630,149921
53915,4,2025-07-18,REGULAR,33396,18.413868,149922
53934,10,2025-07-18,DIESEL,29963,20.174970,149950
53935,11,2025-07-18,DIESEL,29963,20.124970,149951
53943,5,2025-07-19,REGULAR,31515,18.294699,149985
53947,2,2025-07-19,DIESEL,33647,20.686208,150011
53949,6,2025-07-19,DIESEL,33502,20.586208,150026
53951,6,2025-07-19,REGULAR,36141,18.413868,150033
53952,10,2025-07-19,REGULAR,33630,18.413868,150036
53953,8,2025-07-19,REGULAR,33505,18.406768,150037
53956,9,2025-07-19,REGULAR,29942,18.662630,150047
53997,10,2025-07-21,DIESEL,33521,20.586208,150197
53999,6,2025-07-21,REGULAR,36144,18.413868,150204
54000,5,2025-07-21,PREMIUM,30988,19.727226,150208
54008,10,2025-07-21,PREMIUM,33490,19.174413,150217
54009,10,2025-07-21,REGULAR,33408,18.413868,150218
54010,12,2025-07-21,REGULAR,31137,18.432630,150227
54012,8,2025-07-21,DIESEL,29936,20.500346,150230
54013,8,2025-07-21,REGULAR,29857,18.406768,150231
54032,5,2025-07-22,REGULAR,31407,18.294699,150307
54034,1,2025-07-22,DIESEL,30081,20.599987,150331
54035,1,2025-07-22,REGULAR,30197,18.662630,150332
54041,11,2025-07-22,DIESEL,33521,20.449987,150352
54042,11,2025-07-22,DIESEL,33502,20.449987,150353
54046,2,2025-07-22,DIESEL,35989,20.599987,150357
54047,4,2025-07-22,DIESEL,33447,20.499987,150358
54061,9,2025-07-22,DIESEL,29841,20.599987,150383
54062,9,2025-07-22,REGULAR,29888,18.662630,150384
54064,6,2025-07-22,REGULAR,35754,18.413868,150395
54089,5,2025-07-23,DIESEL,30917,20.481831,150450
54100,6,2025-07-23,DIESEL,35868,20.679762,150483
54103,2,2025-07-23,REGULAR,33446,18.662630,150486
54106,8,2025-07-23,REGULAR,33386,18.406768,150499
54107,10,2025-07-23,DIESEL,33322,20.679762,150504
54108,10,2025-07-23,DIESEL,33306,20.679762,150505
54115,10,2025-07-23,REGULAR,29872,18.413868,150516
54116,10,2025-07-23,PREMIUM,29808,19.174413,150517
54117,9,2025-07-23,PREMIUM,9950,19.736537,150520
54119,9,2025-07-23,PREMIUM,9947,19.736537,150521
54140,1,2025-07-24,REGULAR,33405,18.662630,150623
54141,2,2025-07-24,DIESEL,35839,20.487006,150624
54142,12,2025-07-24,DIESEL,9952,20.327006,150629
54144,12,2025-07-24,REGULAR,9967,18.432630,150630
54160,8,2025-07-24,DIESEL,33328,20.301144,150648
54162,6,2025-07-24,REGULAR,35773,18.413868,150665
54167,3,2025-07-24,REGULAR,33287,18.413868,150673
54168,10,2025-07-24,PREMIUM,29802,19.174413,150680
54169,11,2025-07-24,DIESEL,29930,20.337006,150681
54173,9,2025-07-24,REGULAR,33297,18.662630,150649
54182,5,2025-07-24,REGULAR,31486,18.294699,150721
54201,2,2025-07-25,PREMIUM,33451,19.736537,150783
54206,2,2025-07-25,REGULAR,35915,18.662630,150789
54209,1,2025-07-25,DIESEL,29929,20.435850,150800
54210,1,2025-07-25,REGULAR,29906,18.662630,150801
54211,4,2025-07-25,REGULAR,33564,18.413868,150802
54215,10,2025-07-25,REGULAR,35891,18.413868,150813
54221,10,2025-07-25,DIESEL,33403,20.335850,150838
54222,10,2025-07-25,DIESEL,33442,20.335850,150839
54243,2,2025-07-26,DIESEL,33614,20.244137,150914
54244,6,2025-07-26,DIESEL,33496,20.144137,150938
54250,6,2025-07-26,REGULAR,36027,18.335837,150961
54252,8,2025-07-26,REGULAR,33394,18.363664,150971
54253,10,2025-07-26,DIESEL,29970,20.144137,150975
54254,10,2025-07-26,REGULAR,29892,18.335837,150976
54257,12,2025-07-26,REGULAR,31217,18.389526,150893
54260,8,2025-07-26,DIESEL,33474,20.058275,151007
54310,3,2025-07-28,DIESEL,33496,20.144137,151160
54313,1,2025-07-28,DIESEL,29990,20.244137,151171
54314,1,2025-07-28,REGULAR,29934,18.619526,151172
54315,6,2025-07-28,REGULAR,35996,18.335837,151173
54318,10,2025-07-28,PREMIUM,33430,19.174413,151184
54319,10,2025-07-28,REGULAR,33421,18.335837,151185
54332,9,2025-07-28,DIESEL,29960,20.244137,151206
54333,9,2025-07-28,REGULAR,29859,18.619526,151207
54341,4,2025-07-28,PREMIUM,9977,19.174413,151208
54343,4,2025-07-28,PREMIUM,9961,19.174413,151209
54355,5,2025-07-28,REGULAR,31477,18.251595,151252
54364,6,2025-07-29,PREMIUM,33557,19.174413,151319
54367,10,2025-07-29,DIESEL,35993,20.142806,151321
54372,12,2025-07-29,PREMIUM,9989,19.558888,151326
54374,12,2025-07-29,REGULAR,9987,18.389526,151327
54376,8,2025-07-29,PREMIUM,33428,19.533026,151328
54377,8,2025-07-29,REGULAR,33424,18.363664,151329
54378,11,2025-07-29,REGULAR,30023,18.285837,151330
54379,11,2025-07-29,DIESEL,29979,20.092806,151331
54394,5,2025-07-29,DIESEL,9995,19.944875,151371
54396,5,2025-07-29,DIESEL,9991,19.944875,151372
54411,5,2025-07-30,PREMIUM,31567,19.420957,151418
54429,1,2025-07-30,REGULAR,36131,18.619526,151451
54430,10,2025-07-30,REGULAR,30123,18.422044,151452
54431,10,2025-07-30,PREMIUM,30099,19.174413,151453
54432,10,2025-07-30,DIESEL,33517,20.339462,151455
54433,8,2025-07-30,DIESEL,33527,20.253600,151454
54434,9,2025-07-30,PREMIUM,10024,19.688888,151458
54436,9,2025-07-30,PREMIUM,10006,19.688888,151459
54445,2,2025-07-30,REGULAR,33397,18.619526,151474
54449,6,2025-07-30,DIESEL,35954,20.339462,151480
54452,6,2025-07-30,REGULAR,33373,18.422044,151496
54489,1,2025-07-31,PREMIUM,33691,19.688888,151627
54490,2,2025-07-31,DIESEL,36011,20.652903,151628
54492,10,2025-07-31,REGULAR,30076,18.568595,151640
54493,11,2025-07-31,PREMIUM,29999,19.124413,151641
54494,10,2025-07-31,DIESEL,33504,20.552903,151645
54495,10,2025-07-31,DIESEL,33494,20.552903,151646
54502,6,2025-07-31,REGULAR,35983,18.568595,151651
54508,3,2025-07-31,REGULAR,33438,18.568595,151654
54553,11,2025-08-01,DIESEL,35996,20.311151,151783
54554,2,2025-08-01,REGULAR,33442,18.619526,151784
54555,1,2025-08-01,DIESEL,33510,20.461151,151785
54556,1,2025-08-01,REGULAR,33441,18.619526,151786
54557,9,2025-08-01,DIESEL,30006,20.461151,151787
54558,9,2025-08-01,REGULAR,29946,18.619526,151788
54568,4,2025-08-01,REGULAR,33483,18.568595,151804
54581,8,2025-08-01,REGULAR,33552,18.363664,151818
54582,8,2025-08-01,REGULAR,33591,18.363664,151819
54601,12,2025-08-01,DIESEL,10008,20.301151,151852
54603,12,2025-08-01,REGULAR,10033,18.389526,151853
54635,2,2025-08-02,DIESEL,36090,20.224856,151910
54636,6,2025-08-02,DIESEL,33497,20.124856,151922
54638,6,2025-08-02,REGULAR,36202,18.603523,151927
54642,10,2025-08-02,REGULAR,30071,18.603523,151939
54643,10,2025-08-02,PREMIUM,30082,19.234043,151940
54644,10,2025-08-02,DIESEL,33491,20.124856,151941
54645,10,2025-08-02,DIESEL,33479,20.124856,151942
54674,5,2025-08-02,DIESEL,31227,19.926925,151998
54678,5,2025-08-03,REGULAR,31249,18.174009,152036
54719,4,2025-08-04,DIESEL,33473,20.124856,152196
54720,6,2025-08-04,REGULAR,36166,18.603523,152207
54724,10,2025-08-04,PREMIUM,33422,19.234043,152210
54725,10,2025-08-04,REGULAR,33550,18.603523,152211
54726,8,2025-08-04,DIESEL,29987,20.038994,152212
54727,10,2025-08-04,DIESEL,29981,20.124856,152213
54773,5,2025-08-05,REGULAR,31451,18.174009,152313
54779,12,2025-08-05,PREMIUM,10109,19.677376,152358
54781,12,2025-08-05,REGULAR,10082,18.311940,152359
54790,1,2025-08-05,DIESEL,30049,20.016139,152384
54791,1,2025-08-05,REGULAR,30014,18.541940,152385
54792,2,2025-08-05,DIESEL,36008,20.016139,152387
54795,12,2025-08-05,REGULAR,33456,18.311940,152396
54797,8,2025-08-05,REGULAR,35871,18.265862,152404
54798,11,2025-08-05,REGULAR,33394,18.553523,152411
54799,11,2025-08-05,DIESEL,33417,19.866139,152412
54801,9,2025-08-05,DIESEL,29970,20.016139,152427
54802,9,2025-08-05,REGULAR,29875,18.541940,152428
54850,5,2025-08-06,DIESEL,31367,19.783063,152545
54860,9,2025-08-06,PREMIUM,10037,19.807376,152611
54862,9,2025-08-06,PREMIUM,10027,19.807376,152612
54864,8,2025-08-06,DIESEL,33493,19.874916,152613
54867,2,2025-08-06,REGULAR,35978,18.541940,152617
54870,10,2025-08-06,REGULAR,29998,18.603523,152628
54871,10,2025-08-06,PREMIUM,29978,19.234043,152629
54872,10,2025-08-06,DIESEL,33500,19.980994,152630
54873,10,2025-08-06,DIESEL,33493,19.980994,152631
54876,6,2025-08-06,REGULAR,35958,18.603523,152634
54930,1,2025-08-07,DIESEL,33410,19.751386,152814
54931,1,2025-08-07,REGULAR,33479,18.541940,152815
54932,8,2025-08-07,REGULAR,30018,18.265862,152818
54933,9,2025-08-07,REGULAR,29957,18.541940,152819
54937,3,2025-08-07,REGULAR,33521,18.603523,152823
54938,2,2025-08-07,DIESEL,35871,19.751386,152826
54944,12,2025-08-07,DIESEL,9971,19.591386,152838
54946,12,2025-08-07,PREMIUM,10007,19.677376,152839
54948,6,2025-08-07,DIESEL,35853,19.651386,152862
54954,10,2025-08-07,DIESEL,33366,19.651386,152869
54955,10,2025-08-07,REGULAR,33404,18.603523,152870
54990,5,2025-08-08,PREMIUM,31459,19.539445,152975
54994,5,2025-08-08,REGULAR,31174,18.174009,152981
55012,2,2025-08-08,REGULAR,33461,18.541940,153050
55015,8,2025-08-08,DIESEL,33388,19.493205,153062
55016,8,2025-08-08,REGULAR,33416,18.265862,153063
55020,4,2025-08-08,REGULAR,33386,18.603523,153084
55021,11,2025-08-08,DIESEL,29913,19.549283,153090
55022,11,2025-08-08,DIESEL,29931,19.549283,153091
55025,6,2025-08-08,REGULAR,35960,18.603523,153095
55059,1,2025-08-09,REGULAR,33640,18.541940,153230
55063,2,2025-08-09,DIESEL,35943,19.770955,153242
55064,10,2025-08-09,DIESEL,33423,19.670955,153264
55065,10,2025-08-09,DIESEL,33412,19.670955,153265
55066,6,2025-08-09,REGULAR,33551,18.603523,153266
55067,9,2025-08-09,REGULAR,29963,18.541940,153269
55077,10,2025-08-09,REGULAR,35944,18.603523,153274
55096,5,2025-08-09,REGULAR,31558,18.174009,153356
55140,6,2025-08-11,DIESEL,36018,19.670955,153491
55142,10,2025-08-11,REGULAR,30294,18.603523,153500
55143,10,2025-08-11,PREMIUM,30160,19.257734,153501
55144,10,2025-08-11,DIESEL,33400,19.670955,153502
55145,10,2025-08-11,DIESEL,33360,19.670955,153503
55157,6,2025-08-11,PREMIUM,33439,19.257734,153528
55167,9,2025-08-11,DIESEL,31123,19.770955,153540
55200,5,2025-08-12,DIESEL,31064,19.477066,153623
55206,2,2025-08-12,DIESEL,36080,19.774997,153645
55209,8,2025-08-12,PREMIUM,30240,19.641129,153646
55210,1,2025-08-12,REGULAR,30149,18.541940,153647
55211,8,2025-08-12,DIESEL,33522,19.568919,153648
55212,8,2025-08-12,REGULAR,33647,18.265862,153649
55230,6,2025-08-12,REGULAR,36197,18.603523,153665
55233,10,2025-08-12,REGULAR,33594,18.603523,153667
55237,12,2025-08-12,REGULAR,9965,18.311940,153688
55239,12,2025-08-12,REGULAR,9951,18.311940,153689
55241,11,2025-08-12,PREMIUM,33350,19.207734,153691
55242,11,2025-08-12,REGULAR,33348,18.553523,153692
55243,9,2025-08-12,REGULAR,31151,18.541940,153693
55249,11,2025-08-12,DIESEL,29866,19.624997,153699
55250,11,2025-08-12,DIESEL,29872,19.624997,153700
55274,5,2025-08-13,DIESEL,31516,19.591675,153769
55276,5,2025-08-13,REGULAR,31671,18.174009,153770
55283,1,2025-08-13,DIESEL,29946,19.889606,153777
55284,1,2025-08-13,REGULAR,30134,18.541940,153778
55286,10,2025-08-13,PREMIUM,33685,19.257734,153788
55287,10,2025-08-13,REGULAR,33706,18.603523,153789
55288,2,2025-08-13,PREMIUM,33542,19.817206,153790
55291,2,2025-08-13,REGULAR,36019,18.541940,153791
55300,10,2025-08-13,DIESEL,33394,19.789606,153802
55302,8,2025-08-13,REGULAR,29919,18.265862,153806
55303,6,2025-08-13,REGULAR,35922,18.603523,153808
55329,2,2025-08-14,DIESEL,33379,19.612443,153913
55336,6,2025-08-14,DIESEL,35824,19.512443,153919
55337,10,2025-08-14,REGULAR,30076,18.603523,153924
55338,10,2025-08-14,PREMIUM,30019,19.257734,153925
55339,10,2025-08-14,DIESEL,33333,19.512443,153928
55340,10,2025-08-14,DIESEL,33323,19.512443,153929
55345,3,2025-08-14,REGULAR,33457,18.603523,153931
55380,9,2025-08-14,DIESEL,29871,19.612443,153994
55381,9,2025-08-14,REGULAR,29926,18.541940,153995
55382,8,2025-08-14,DIESEL,33333,19.406365,153996
55383,8,2025-08-14,REGULAR,33407,18.265862,153997
55423,6,2025-08-15,REGULAR,35938,18.560420,154133
55425,1,2025-08-15,PREMIUM,33457,19.817206,154141
55426,1,2025-08-15,DIESEL,33346,19.626594,154146
55427,1,2025-08-15,REGULAR,33376,18.541940,154147
55429,11,2025-08-15,REGULAR,29939,18.510420,154155
55430,11,2025-08-15,DIESEL,29841,19.476594,154156
55440,4,2025-08-15,REGULAR,33336,18.560420,154171
55445,10,2025-08-15,DIESEL,33320,19.526594,154185
55446,10,2025-08-15,DIESEL,33325,19.526594,154186
55472,5,2025-08-15,PREMIUM,31137,19.549275,154241
55479,12,2025-08-16,REGULAR,10019,18.311940,154310
55483,12,2025-08-16,REGULAR,10019,18.311940,154311
55487,2,2025-08-16,REGULAR,33604,18.541940,154337
55491,6,2025-08-16,REGULAR,33585,18.397764,154356
55492,2,2025-08-16,DIESEL,35744,19.691714,154357
55493,10,2025-08-16,REGULAR,35784,18.397764,154392
55508,5,2025-08-16,REGULAR,31145,18.174009,154435
55530,5,2025-08-17,REGULAR,31543,18.174009,154597
55551,6,2025-08-18,REGULAR,36171,18.397764,154667
55554,4,2025-08-18,REGULAR,33633,18.397764,154678
55555,9,2025-08-18,PREMIUM,10000,19.664101,154679
55557,9,2025-08-18,PREMIUM,9983,19.664101,154680
55560,10,2025-08-18,DIESEL,29829,19.591714,154686
55561,8,2025-08-18,REGULAR,29891,18.265862,154687
55564,1,2025-08-18,DIESEL,33289,19.691714,154692
55565,1,2025-08-18,REGULAR,33346,18.541940,154693
55575,10,2025-08-18,PREMIUM,33254,19.257734,154725
55576,10,2025-08-18,REGULAR,33293,18.397764,154726
55584,12,2025-08-18,DIESEL,9948,19.531714,154762
55586,12,2025-08-18,REGULAR,9967,18.311940,154763
55624,2,2025-08-19,DIESEL,35853,19.607221,154893
55625,2,2025-08-19,REGULAR,29939,18.498837,154894
55627,9,2025-08-19,REGULAR,29903,18.498837,154900
55628,10,2025-08-19,DIESEL,33339,19.507221,154901
55629,10,2025-08-19,REGULAR,33396,18.354660,154902
55637,6,2025-08-19,DIESEL,35784,19.507221,154921
55638,4,2025-08-19,DIESEL,33285,19.507221,154922
55679,9,2025-08-20,DIESEL,31156,19.705629,155128
55681,6,2025-08-20,REGULAR,35890,18.406384,155149
55682,11,2025-08-20,DIESEL,29831,19.555629,155152
55683,11,2025-08-20,DIESEL,29825,19.555629,155153
55684,8,2025-08-20,DIESEL,33327,19.499551,155154
55685,8,2025-08-20,REGULAR,33300,18.222759,155155
55701,3,2025-08-20,REGULAR,33316,18.406384,155172
55733,5,2025-08-21,DIESEL,30842,19.477775,155359
55748,3,2025-08-21,PREMIUM,29891,19.309458,155389
55749,1,2025-08-21,DIESEL,29796,19.775706,155397
55750,1,2025-08-21,REGULAR,29802,18.559182,155398
55751,10,2025-08-21,DIESEL,33269,19.675706,155413
55752,10,2025-08-21,DIESEL,33254,19.675706,155414
55756,2,2025-08-21,DIESEL,35752,19.775706,155420
55758,10,2025-08-21,DIESEL,29782,19.675706,155428
55759,10,2025-08-21,REGULAR,29933,18.406384,155429
55760,12,2025-08-21,REGULAR,9936,18.329182,155433
55762,12,2025-08-21,REGULAR,9911,18.329182,155434
55764,10,2025-08-21,PREMIUM,35790,19.309458,155435
55775,9,2025-08-21,PREMIUM,10012,19.319273,155503
55777,9,2025-08-21,PREMIUM,10005,19.319273,155504
55802,6,2025-08-22,PREMIUM,30086,19.309458,155606
55803,5,2025-08-22,REGULAR,31233,18.191251,155609
55820,2,2025-08-22,DIESEL,35780,19.919806,155650
55821,3,2025-08-22,DIESEL,33283,19.819806,155651
55829,8,2025-08-22,DIESEL,33276,19.713728,155657
55830,8,2025-08-22,REGULAR,33250,18.283104,155658
55837,8,2025-08-22,PREMIUM,29826,19.090144,155662
55838,9,2025-08-22,REGULAR,29774,18.559182,155663
55844,6,2025-08-22,REGULAR,35791,18.406384,155673
55877,12,2025-08-23,DIESEL,9956,19.930733,155816
55879,12,2025-08-23,REGULAR,10045,18.329182,155817
55881,6,2025-08-23,DIESEL,33319,19.990733,155853
55882,1,2025-08-23,DIESEL,33307,20.090733,155857
55883,1,2025-08-23,REGULAR,33355,18.559182,155858
55887,2,2025-08-23,REGULAR,33349,18.559182,155860
55900,10,2025-08-23,REGULAR,29892,18.620764,155890
55901,11,2025-08-23,DIESEL,29805,19.940733,155891
55903,8,2025-08-23,REGULAR,35728,18.283104,155896
55904,10,2025-08-23,DIESEL,33265,19.990733,155897
55905,10,2025-08-23,DIESEL,33261,19.990733,155898
55928,5,2025-08-23,PREMIUM,31390,19.179486,155983
55945,9,2025-08-24,REGULAR,35739,18.559182,156108
55963,1,2025-08-25,DIESEL,29904,20.090733,156224
55964,1,2025-08-25,REGULAR,29891,18.559182,156225
55965,6,2025-08-25,REGULAR,35970,18.620764,156226
55968,9,2025-08-25,DIESEL,33388,20.090733,156229
55973,12,2025-08-25,PREMIUM,9969,19.317417,156232
55975,12,2025-08-25,REGULAR,9967,18.329182,156233
55977,8,2025-08-25,DIESEL,33380,19.884655,156239
55978,8,2025-08-25,REGULAR,33328,18.283104,156240
55988,10,2025-08-25,PREMIUM,29805,19.415876,156276
55989,10,2025-08-25,PREMIUM,29978,19.415876,156277
55994,10,2025-08-25,DIESEL,33416,19.990733,156299
55995,10,2025-08-25,REGULAR,33501,18.620764,156300
56012,5,2025-08-25,REGULAR,31214,18.191251,156344
56014,5,2025-08-26,DIESEL,30988,19.583754,156359
56044,2,2025-08-26,DIESEL,35852,19.881685,156461
56045,9,2025-08-26,REGULAR,29882,18.559182,156469
56047,11,2025-08-26,DIESEL,33344,19.731685,156471
56053,4,2025-08-26,REGULAR,33403,18.620764,156479
56054,6,2025-08-26,REGULAR,35850,18.620764,156482
56068,10,2025-08-26,DIESEL,33343,19.781685,156470
56092,6,2025-08-27,DIESEL,35881,19.952481,156639
56096,2,2025-08-27,REGULAR,33425,18.559182,156653
56097,8,2025-08-27,DIESEL,29880,19.846403,156667
56098,8,2025-08-27,REGULAR,29892,18.283104,156668
56100,10,2025-08-27,DIESEL,33367,19.952481,156675
56101,10,2025-08-27,REGULAR,33494,18.620764,156676
56104,3,2025-08-27,REGULAR,33438,18.620764,156687
56132,4,2025-08-27,PREMIUM,20542,19.415876,156788
56153,5,2025-08-28,REGULAR,31257,18.191251,156815
56169,2,2025-08-28,DIESEL,35744,19.775503,156888
56170,1,2025-08-28,REGULAR,33404,18.559182,156892
56174,10,2025-08-28,DIESEL,29757,19.675503,156907
56175,10,2025-08-28,DIESEL,29748,19.675503,156908
56176,10,2025-08-28,PREMIUM,33399,19.415876,156909
56177,10,2025-08-28,REGULAR,33382,18.577661,156910
56178,6,2025-08-28,REGULAR,35851,18.577661,156911
56182,12,2025-08-28,REGULAR,33301,18.329182,156921
56235,2,2025-08-29,DIESEL,33297,19.848987,157097
56236,11,2025-08-29,PREMIUM,30156,19.365876,157100
56237,11,2025-08-29,REGULAR,29989,18.527661,157101
56238,6,2025-08-29,REGULAR,35921,18.577661,157103
56239,8,2025-08-29,DIESEL,33300,19.642909,157108
56240,8,2025-08-29,REGULAR,33386,18.283104,157109
56247,11,2025-08-29,DIESEL,33269,19.698987,157138
56290,6,2025-08-30,PREMIUM,18131,19.493462,157272
56293,2,2025-08-30,REGULAR,30070,18.800561,157276
56294,5,2025-08-30,REGULAR,31455,18.432630,157236
56296,12,2025-08-30,DIESEL,9981,19.816661,157262
56298,12,2025-08-30,PREMIUM,10090,19.578273,157263
56303,1,2025-08-30,PREMIUM,33586,19.708273,157281
56304,1,2025-08-30,DIESEL,29854,19.976661,157285
56305,1,2025-08-30,REGULAR,29996,18.800561,157286
56308,6,2025-08-30,DIESEL,33330,19.876661,157290
56309,6,2025-08-30,REGULAR,35951,18.663868,157299
56310,10,2025-08-30,DIESEL,33313,19.876661,157303
56311,10,2025-08-30,REGULAR,33416,18.663868,157304
56313,9,2025-08-30,DIESEL,29820,19.976661,157311
56314,9,2025-08-30,REGULAR,29849,18.800561,157312
56328,9,2025-08-30,PREMIUM,18000,19.708273,157347
56384,6,2025-09-01,REGULAR,35973,18.663868,157472
56385,8,2025-09-01,REGULAR,33373,18.524483,157474
56409,10,2025-09-01,REGULAR,29940,18.663868,157477
56410,10,2025-09-01,PREMIUM,29929,19.493462,157478
56417,10,2025-09-01,DIESEL,33446,19.876661,157496
56420,10,2025-09-01,DIESEL,33312,19.876661,157497
56469,5,2025-09-01,PREMIUM,31072,19.440342,157548
56481,5,2025-09-01,DIESEL,29899,19.678730,157562
56491,5,2025-09-01,REGULAR,29945,18.432630,157563
56503,11,2025-09-02,DIESEL,29828,19.640079,157620
56505,11,2025-09-02,DIESEL,29820,19.640079,157621
56506,1,2025-09-02,DIESEL,33276,19.790079,157630
56507,1,2025-09-02,DIESEL,33256,19.790079,157631
56508,4,2025-09-02,REGULAR,33550,18.663868,157634
56523,2,2025-09-02,DIESEL,35759,19.790079,157649
56524,4,2025-09-02,DIESEL,33271,19.690079,157672
56525,6,2025-09-02,DIESEL,33279,19.690079,157673
56557,6,2025-09-03,REGULAR,36125,18.663868,157767
56564,2,2025-09-03,PREMIUM,30059,19.751376,157770
56565,9,2025-09-03,DIESEL,29862,19.790079,157776
56566,9,2025-09-03,REGULAR,29912,18.800561,157777
56577,8,2025-09-03,DIESEL,33319,19.584001,157781
56578,8,2025-09-03,REGULAR,33383,18.524483,157782
56579,12,2025-09-03,REGULAR,33376,18.570561,157788
56586,10,2025-09-03,REGULAR,35847,18.663868,157807
56622,2,2025-09-04,DIESEL,35755,20.260232,157912
56623,1,2025-09-04,DIESEL,29809,20.260232,157913
56631,10,2025-09-04,REGULAR,33553,18.663868,157918
56632,8,2025-09-04,PREMIUM,33462,19.575299,157919
56633,1,2025-09-04,REGULAR,29948,18.800561,157914
56637,10,2025-09-04,PREMIUM,35926,19.493462,157929
56638,3,2025-09-04,REGULAR,33393,18.663868,157942
56639,10,2025-09-04,DIESEL,29784,20.160232,157943
56640,10,2025-09-04,DIESEL,29783,20.160232,157944
56675,6,2025-09-04,REGULAR,31083,18.663868,157971
56702,5,2025-09-05,DIESEL,31379,19.964103,158060
56704,5,2025-09-05,REGULAR,31629,18.432630,158061
56712,2,2025-09-05,REGULAR,35945,18.800561,158080
56721,10,2025-09-05,DIESEL,29810,20.162034,158093
56722,10,2025-09-05,DIESEL,29815,20.162034,158094
56723,8,2025-09-05,DIESEL,33286,20.055956,158095
56724,8,2025-09-05,REGULAR,33363,18.524483,158096
56730,6,2025-09-05,REGULAR,35919,18.663868,158104
56740,11,2025-09-05,DIESEL,32322,20.112034,158154
56741,10,2025-09-05,REGULAR,32398,18.663868,158153
56749,1,2025-09-06,REGULAR,32298,18.800561,158256
56750,2,2025-09-06,DIESEL,35815,20.164243,158257
56751,10,2025-09-06,PREMIUM,29858,19.506393,158263
56752,9,2025-09-06,REGULAR,29795,18.800561,158264
56755,10,2025-09-06,DIESEL,33344,20.064243,158265
56756,6,2025-09-06,DIESEL,35731,20.064243,158270
56758,8,2025-09-06,REGULAR,32211,18.524483,158272
56759,6,2025-09-06,PREMIUM,31003,19.506393,158271
56846,5,2025-09-08,REGULAR,31846,18.432630,158444
56848,5,2025-09-08,PREMIUM,31834,19.432443,158445
56867,9,2025-09-08,PREMIUM,10007,19.700374,158465
56869,9,2025-09-08,PREMIUM,9981,19.700374,158466
56871,6,2025-09-08,REGULAR,36138,18.663868,158469
56873,10,2025-09-08,REGULAR,32532,18.663868,158473
56877,8,2025-09-08,DIESEL,33302,19.958165,158482
56878,8,2025-09-08,REGULAR,33296,18.524483,158483
56880,10,2025-09-08,DIESEL,29822,20.064243,158487
56881,10,2025-09-08,PREMIUM,29862,19.506393,158488
56909,12,2025-09-08,DIESEL,9950,20.004243,158532
56911,12,2025-09-08,REGULAR,9964,18.570561,158533
56934,4,2025-09-09,REGULAR,32578,18.663868,158611
56937,1,2025-09-09,DIESEL,29844,19.915204,158612
56938,1,2025-09-09,REGULAR,29851,18.800561,158613
56939,2,2025-09-09,DIESEL,35813,19.915204,158622
56943,10,2025-09-09,DIESEL,33329,19.815204,158626
56944,10,2025-09-09,REGULAR,33369,18.663868,158627
56945,6,2025-09-09,REGULAR,33333,18.663868,158635
56952,9,2025-09-09,DIESEL,29843,19.915204,158642
56953,9,2025-09-09,REGULAR,29769,18.800561,158643
56999,2,2025-09-10,REGULAR,32390,18.800561,158732
57004,11,2025-09-10,DIESEL,35849,19.919693,158745
57014,10,2025-09-10,DIESEL,29799,19.969693,158751
57015,10,2025-09-10,DIESEL,29796,19.969693,158752
57016,8,2025-09-10,DIESEL,33254,19.863615,158756
57017,8,2025-09-10,REGULAR,33326,18.524483,158757
57155,11,2025-09-10,REGULAR,32515,18.613868,158750
57060,2,2025-09-11,DIESEL,35797,20.098416,158889
57061,1,2025-09-11,DIESEL,29831,20.098416,158890
57062,1,2025-09-11,REGULAR,30015,18.800561,158891
57063,10,2025-09-11,PREMIUM,33605,19.532255,158892
57064,10,2025-09-11,REGULAR,33582,18.663868,158893
57069,12,2025-09-11,REGULAR,32411,18.570561,158901
57070,6,2025-09-11,DIESEL,35809,19.998416,158902
57073,5,2025-09-11,REGULAR,31468,18.432630,158828
57076,9,2025-09-11,REGULAR,29859,18.800561,158915
57121,11,2025-09-12,DIESEL,33400,19.999759,159028
57122,11,2025-09-12,DIESEL,33336,19.999759,159029
57123,4,2025-09-12,REGULAR,30202,18.663868,159022
57146,2,2025-09-12,REGULAR,35874,18.800561,159046
57148,1,2025-09-12,PREMIUM,29891,19.769339,159065
57154,6,2025-09-12,REGULAR,35985,18.663868,159087
57156,10,2025-09-12,REGULAR,29977,18.663868,159102
57157,10,2025-09-12,PREMIUM,29957,19.515014,159103
57158,10,2025-09-12,DIESEL,33339,20.049759,159104
57159,10,2025-09-12,DIESEL,33337,20.049759,159105
57160,4,2025-09-12,REGULAR,33434,18.663868,159110
57186,5,2025-09-12,DIESEL,31101,19.851828,159151
57205,1,2025-09-13,REGULAR,29951,18.800561,159219
57206,1,2025-09-13,DIESEL,33370,20.111725,159220
57207,1,2025-09-13,REGULAR,33419,18.800561,159221
57208,9,2025-09-13,DIESEL,29884,20.111725,159222
57209,9,2025-09-13,REGULAR,29920,18.800561,159223
57211,2,2025-09-13,DIESEL,35844,20.111725,159227
57212,5,2025-09-13,REGULAR,30883,18.432630,159229
57219,10,2025-09-13,DIESEL,33330,20.011725,159233
57220,6,2025-09-13,REGULAR,35952,18.663868,159236
57222,8,2025-09-13,DIESEL,33322,19.905647,159239
57223,8,2025-09-13,REGULAR,33310,18.524483,159240
57275,6,2025-09-15,DIESEL,35930,20.011725,159461
57276,6,2025-09-15,REGULAR,33554,18.663868,159464
57281,9,2025-09-15,PREMIUM,9997,19.849339,159474
57285,8,2025-09-15,REGULAR,33368,18.524483,159481
57286,10,2025-09-15,DIESEL,33342,20.011725,159480
57287,10,2025-09-15,PREMIUM,30032,19.595014,159479
57288,10,2025-09-15,REGULAR,29979,18.663868,159478
57289,9,2025-09-15,PREMIUM,9982,19.849339,159475
57311,12,2025-09-15,REGULAR,9961,18.570561,159522
57313,12,2025-09-15,PREMIUM,9977,19.719339,159523
57328,4,2025-09-16,DIESEL,31354,20.023129,159577
57330,3,2025-09-16,REGULAR,33523,18.663868,159592
57331,2,2025-09-16,REGULAR,35877,18.800561,159596
57332,8,2025-09-16,PREMIUM,29990,19.673262,159597
57333,9,2025-09-16,REGULAR,29894,18.800561,159598
57334,1,2025-09-16,DIESEL,33365,20.123129,159601
57335,1,2025-09-16,REGULAR,33381,18.800561,159602
57350,6,2025-09-16,REGULAR,35908,18.663868,159614
57351,5,2025-09-16,PREMIUM,31256,19.581408,159561
57364,10,2025-09-16,DIESEL,33329,20.023129,159625
57365,10,2025-09-16,REGULAR,33350,18.663868,159626
57394,6,2025-09-17,PREMIUM,33547,19.595014,159719
57395,6,2025-09-17,REGULAR,33568,18.663868,159720
57398,12,2025-09-17,DIESEL,10007,20.087618,159685
57400,12,2025-09-17,DIESEL,10001,20.087618,159686
57408,11,2025-09-17,DIESEL,35857,20.097618,159728
57413,10,2025-09-17,REGULAR,29984,18.663868,159731
57414,10,2025-09-17,PREMIUM,29918,19.595014,159732
57426,4,2025-09-17,REGULAR,10002,18.663868,159779
57428,4,2025-09-17,PREMIUM,10002,19.595014,159780
57486,5,2025-09-17,REGULAR,31358,18.432630,159784
57452,1,2025-09-18,DIESEL,30072,20.247618,159840
57453,1,2025-09-18,REGULAR,30042,18.714354,159841
57464,2,2025-09-18,DIESEL,35881,20.247618,159856
57478,11,2025-09-18,PREMIUM,29976,19.545014,159866
57479,11,2025-09-18,DIESEL,29871,20.097618,159867
57484,12,2025-09-18,REGULAR,33293,18.484354,159878
57485,6,2025-09-18,DIESEL,35840,20.147618,159879
57488,10,2025-09-18,DIESEL,33339,20.147618,159889
57489,10,2025-09-18,DIESEL,33356,20.147618,159890
57542,2,2025-09-19,PREMIUM,29941,19.849339,160030
57543,2,2025-09-19,REGULAR,35940,18.714354,160031
57545,9,2025-09-19,DIESEL,29823,20.333581,160033
57546,9,2025-09-19,REGULAR,29908,18.714354,160034
57547,10,2025-09-19,REGULAR,33627,18.577661,160036
57548,11,2025-09-19,REGULAR,33603,18.527661,160037
57551,3,2025-09-19,REGULAR,33451,18.577661,160048
57554,6,2025-09-19,REGULAR,35869,18.577661,160066
57586,5,2025-09-19,DIESEL,30960,20.035650,159978
57609,2,2025-09-20,DIESEL,33312,20.303781,160190
57611,10,2025-09-20,REGULAR,30127,18.577661,160208
57612,10,2025-09-20,PREMIUM,30010,19.595014,160209
57613,10,2025-09-20,DIESEL,35777,20.203781,160214
57614,8,2025-09-20,DIESEL,33302,20.097703,160204
57615,8,2025-09-20,REGULAR,33451,18.438276,160205
57616,11,2025-09-20,DIESEL,33302,20.153781,160217
57617,5,2025-09-20,REGULAR,31231,18.346423,160218
57674,12,2025-09-22,REGULAR,10058,18.484354,160412
57676,12,2025-09-22,PREMIUM,10092,19.653725,160413
57682,3,2025-09-22,DIESEL,33400,20.203781,160443
57685,9,2025-09-22,PREMIUM,9977,19.783725,160461
57687,9,2025-09-22,PREMIUM,9959,19.783725,160462
57690,10,2025-09-22,DIESEL,29851,20.203781,160473
57691,10,2025-09-22,PREMIUM,29802,19.595014,160474
57692,6,2025-09-22,REGULAR,35781,18.577661,160475
57693,8,2025-09-22,DIESEL,33337,20.097703,160483
57694,8,2025-09-22,REGULAR,33252,18.438276,160484
57758,10,2025-09-23,REGULAR,33549,18.491454,160625
57763,2,2025-09-23,DIESEL,35803,20.109801,160629
57767,1,2025-09-23,DIESEL,29826,20.109801,160641
57768,1,2025-09-23,REGULAR,29867,18.628147,160642
57769,10,2025-09-23,DIESEL,33306,20.009801,160645
57770,11,2025-09-23,DIESEL,33306,19.959801,160646
57774,6,2025-09-23,DIESEL,35785,20.009801,160656
57782,9,2025-09-23,DIESEL,29811,20.109801,160676
57783,9,2025-09-23,REGULAR,29787,18.628147,160677
57784,5,2025-09-23,DIESEL,30806,19.811870,160682
57786,5,2025-09-23,REGULAR,31159,18.260216,160689
57829,2,2025-09-24,REGULAR,36089,18.602285,160769
57831,3,2025-09-24,REGULAR,33614,18.439730,160767
57836,6,2025-09-24,REGULAR,35975,18.439730,160784
57849,8,2025-09-24,DIESEL,33312,19.895680,160798
57850,8,2025-09-24,REGULAR,33324,18.326207,160799
57852,10,2025-09-24,DIESEL,29838,20.001758,160802
57853,10,2025-09-24,REGULAR,29891,18.439730,160803
57894,5,2025-09-25,PREMIUM,31344,19.429587,160895
57906,12,2025-09-25,REGULAR,33357,18.372285,160991
57911,2,2025-09-25,DIESEL,35809,20.215981,160995
57917,1,2025-09-25,DIESEL,33346,20.215981,161000
57918,1,2025-09-25,REGULAR,33334,18.602285,161001
57919,9,2025-09-25,REGULAR,29839,18.602285,161004
57920,1,2025-09-25,PREMIUM,29785,19.697518,161005
57924,6,2025-09-25,REGULAR,35868,18.439730,161016
57931,11,2025-09-25,REGULAR,33333,18.389730,161036
57932,11,2025-09-25,DIESEL,33338,20.065981,161037
57975,10,2025-09-26,DIESEL,29895,20.416676,161175
57976,10,2025-09-26,DIESEL,29869,20.416676,161176
57977,4,2025-09-26,REGULAR,33622,18.439730,161178
57978,8,2025-09-26,DIESEL,33366,20.310598,161179
57979,8,2025-09-26,REGULAR,33378,18.326207,161180
57980,6,2025-09-26,DIESEL,33359,20.416676,161181
58005,10,2025-09-26,DIESEL,33387,20.416676,161240
58006,8,2025-09-26,PREMIUM,33401,19.521441,161241
58009,10,2025-09-26,PREMIUM,30011,19.508807,161251
58010,10,2025-09-26,REGULAR,30030,18.439730,161252
58029,5,2025-09-27,DIESEL,29825,20.392111,161309
58031,5,2025-09-27,REGULAR,29964,18.234354,161310
58046,1,2025-09-27,REGULAR,33442,18.602285,161358
58047,2,2025-09-27,DIESEL,35821,20.690042,161359
58068,10,2025-09-27,DIESEL,33330,20.590042,161373
58069,10,2025-09-27,REGULAR,33479,18.500075,161374
58073,6,2025-09-27,REGULAR,35940,18.500075,161389
58074,8,2025-09-27,REGULAR,33381,18.326207,161394
58075,9,2025-09-27,DIESEL,29836,20.690042,161405
58076,9,2025-09-27,REGULAR,29869,18.602285,161406
58139,8,2025-09-29,REGULAR,33382,18.326207,161599
58141,6,2025-09-29,REGULAR,35967,18.500075,161601
58146,10,2025-09-29,PREMIUM,29950,19.597290,161608
58147,10,2025-09-29,REGULAR,29916,18.500075,161609
58148,10,2025-09-29,DIESEL,33354,20.590042,161610
58149,10,2025-09-29,DIESEL,33340,20.590042,161611
58158,9,2025-09-29,PREMIUM,9929,19.568985,161653
58160,9,2025-09-29,PREMIUM,9923,19.568985,161654
58186,5,2025-09-30,REGULAR,31254,18.234354,161722
58215,1,2025-09-30,REGULAR,33410,18.602285,161764
58222,6,2025-09-30,REGULAR,36048,18.500075,161770
58234,6,2025-09-30,PREMIUM,33370,19.597290,161788
58243,11,2025-09-30,DIESEL,29913,20.449142,161822
58244,10,2025-09-30,DIESEL,33383,20.499142,161825
58245,10,2025-09-30,PREMIUM,33329,19.597290,161826
58260,2,2025-09-30,DIESEL,35784,20.599142,161847
58269,2,2025-10-01,REGULAR,33806,18.602285,161942
58270,5,2025-10-01,REGULAR,30127,18.234354,161949
58272,3,2025-10-01,REGULAR,33621,18.500075,161964
58273,9,2025-10-01,DIESEL,29874,20.249081,161973
58274,9,2025-10-01,REGULAR,30134,18.602285,161974
58275,8,2025-10-01,DIESEL,33363,20.043003,161975
58276,8,2025-10-01,REGULAR,33634,18.326207,161976
58277,11,2025-10-01,DIESEL,35745,20.099082,161916
58278,5,2025-10-01,DIESEL,29813,19.951151,161908
58311,12,2025-10-01,DIESEL,9945,20.089081,162013
58313,12,2025-10-01,REGULAR,9999,18.372285,162014
58346,2,2025-10-02,DIESEL,35914,20.076855,162132
58347,6,2025-10-02,REGULAR,36157,18.500075,162148
58348,1,2025-10-02,DIESEL,29955,20.076855,162175
58349,1,2025-10-02,REGULAR,30054,18.602285,162176
58350,6,2025-10-02,DIESEL,33431,19.976855,162177
58351,10,2025-10-02,DIESEL,33396,19.976855,162178
58357,12,2025-10-02,REGULAR,33532,18.372285,162179
58371,11,2025-10-02,REGULAR,30049,18.450075,162216
58372,11,2025-10-02,PREMIUM,30007,19.547290,162217
58385,4,2025-10-02,DIESEL,31037,19.976855,162264
58396,5,2025-10-02,PREMIUM,31418,19.301054,162292
58419,4,2025-10-03,REGULAR,33722,18.456971,162367
58423,10,2025-10-03,DIESEL,29920,19.899449,162370
58424,10,2025-10-03,DIESEL,29913,19.899449,162371
58426,3,2025-10-03,PREMIUM,10040,19.597290,162393
58427,3,2025-10-03,PREMIUM,20033,19.597290,162394
58440,2,2025-10-03,REGULAR,35917,18.645389,162406
58442,10,2025-10-03,DIESEL,35700,19.899449,162424
58455,8,2025-10-03,DIESEL,33270,19.793371,162450
58456,10,2025-10-03,REGULAR,29876,18.456971,162452
58457,10,2025-10-03,REGULAR,29878,18.456971,162453
58465,8,2025-10-03,REGULAR,33338,18.369310,162451
58523,1,2025-10-04,DIESEL,9978,19.801938,162545
58524,1,2025-10-04,DIESEL,19916,19.801938,162546
58535,1,2025-10-04,REGULAR,10038,18.645389,162566
58536,1,2025-10-04,REGULAR,20043,18.645388,162567
58539,2,2025-10-04,DIESEL,35795,19.801938,162589
58542,6,2025-10-04,DIESEL,9943,19.701938,162593
58543,6,2025-10-04,DIESEL,19864,19.701938,162594
58549,9,2025-10-04,DIESEL,29808,19.801938,162603
58550,9,2025-10-04,REGULAR,29924,18.645388,162604
58551,8,2025-10-04,DIESEL,33277,19.595860,162605
58552,10,2025-10-04,PREMIUM,33455,19.641272,162606
58553,6,2025-10-04,REGULAR,35997,18.413868,162614
58575,5,2025-10-05,REGULAR,31475,18.277457,162665
58629,10,2025-10-06,PREMIUM,30086,19.641273,162810
58630,10,2025-10-06,REGULAR,30077,18.413868,162811
58631,1,2025-10-06,REGULAR,29934,18.645389,162814
58632,2,2025-10-06,PREMIUM,29896,19.726965,162817
58634,6,2025-10-06,REGULAR,36040,18.413868,162818
58637,8,2025-10-06,REGULAR,33398,18.369310,162834
58646,10,2025-10-06,DIESEL,33373,19.701938,162851
58647,10,2025-10-06,DIESEL,33379,19.701938,162850
58691,5,2025-10-07,REGULAR,31428,18.277457,162939
58698,2,2025-10-07,DIESEL,35801,19.720369,162996
58699,9,2025-10-07,PREMIUM,29885,19.726965,163000
58700,9,2025-10-07,REGULAR,29841,18.645389,163001
58701,12,2025-10-07,PREMIUM,9964,19.596965,163002
58702,12,2025-10-07,REGULAR,19893,18.415388,163003
58708,6,2025-10-07,REGULAR,35842,18.413868,163021
58722,11,2025-10-07,DIESEL,33276,19.570369,163049
58723,11,2025-10-07,DIESEL,33273,19.570369,163050
58742,5,2025-10-07,DIESEL,31368,19.422438,163114
58750,8,2025-10-08,PREMIUM,30023,19.550888,163184
58751,8,2025-10-08,REGULAR,30048,18.257241,163185
58752,10,2025-10-08,REGULAR,33693,18.327661,163186
58753,10,2025-10-08,REGULAR,33670,18.327661,163187
58770,8,2025-10-08,DIESEL,35868,19.537908,163204
58771,4,2025-10-08,REGULAR,31274,18.327661,163208
58778,2,2025-10-08,REGULAR,9977,18.533320,163217
58779,2,2025-10-08,REGULAR,19945,18.533320,163218
58796,1,2025-10-08,PREMIUM,10043,19.726965,163241
58797,1,2025-10-08,PREMIUM,20079,19.726965,163242
58800,6,2025-10-08,DIESEL,36012,19.643986,163257
58801,10,2025-10-08,DIESEL,29924,19.643986,163261
58802,10,2025-10-08,PREMIUM,30050,19.641273,163262
58815,10,2025-10-08,DIESEL,33369,19.643986,163281
58816,10,2025-10-08,DIESEL,33387,19.643986,163282
58817,12,2025-10-09,REGULAR,10011,18.280216,163319
58818,12,2025-10-09,DIESEL,19922,19.713293,163320
58834,12,2025-10-09,PREMIUM,10043,19.573861,163381
58835,12,2025-10-09,REGULAR,20093,18.280216,163382
58843,2,2025-10-09,DIESEL,35958,19.873293,163385
58844,1,2025-10-09,REGULAR,33507,18.510216,163398
58846,9,2025-10-09,DIESEL,29912,19.873293,163404
58847,9,2025-10-09,REGULAR,29992,18.510216,163405
58855,6,2025-10-09,REGULAR,36058,18.304558,163449
58874,11,2025-10-09,REGULAR,33598,18.254557,163486
58875,11,2025-10-09,DIESEL,33427,19.723293,163487
58895,2,2025-10-10,REGULAR,33518,18.380906,163607
58910,10,2025-10-10,REGULAR,36005,18.261454,163620
58911,6,2025-10-10,PREMIUM,30023,19.575066,163624
58912,11,2025-10-10,PREMIUM,30024,19.525066,163625
58913,10,2025-10-10,DIESEL,33439,19.773393,163626
58914,10,2025-10-10,DIESEL,33446,19.773394,163627
58917,3,2025-10-10,REGULAR,33545,18.261454,163628
58921,5,2025-10-10,PREMIUM,29915,19.306620,163635
58923,5,2025-10-10,REGULAR,29876,18.012975,163636
58982,1,2025-10-11,DIESEL,29933,19.721187,163832
58983,1,2025-10-11,REGULAR,30064,18.208492,163833
58984,2,2025-10-11,DIESEL,35914,19.721188,163836
59001,8,2025-10-11,DIESEL,33430,19.515109,163854
59002,8,2025-10-11,REGULAR,33438,17.932414,163855
59003,9,2025-10-11,REGULAR,33401,18.208492,163868
59004,6,2025-10-11,REGULAR,35946,18.089040,163869
59005,10,2025-10-11,DIESEL,29858,19.621187,163896
59006,10,2025-10-11,PREMIUM,29951,19.442695,163897
59046,1,2025-10-13,REGULAR,35976,18.208492,164290
59060,9,2025-10-13,DIESEL,29874,19.721187,164308
59061,9,2025-10-13,REGULAR,29887,18.208492,164309
59063,10,2025-10-13,DIESEL,33353,19.621187,164310
59064,10,2025-10-13,REGULAR,33437,18.089040,164311
59065,3,2025-10-13,DIESEL,33366,19.621187,164314
59066,6,2025-10-13,REGULAR,35843,18.089040,164325
59073,5,2025-10-13,REGULAR,31185,17.840561,164354
59121,10,2025-10-14,DIESEL,30150,19.621187,164496
59122,10,2025-10-14,PREMIUM,30206,19.442695,164497
59127,8,2025-10-14,REGULAR,33816,17.932414,164500
59128,8,2025-10-14,REGULAR,33663,17.932414,164501
59132,5,2025-10-14,DIESEL,30988,19.423256,164504
59136,2,2025-10-14,DIESEL,33383,19.721187,164528
59138,6,2025-10-14,DIESEL,35807,19.621187,164537
59150,4,2025-10-14,REGULAR,33470,18.089040,164563
59176,10,2025-10-14,DIESEL,33320,19.621188,164624
59177,10,2025-10-14,DIESEL,33319,19.621187,164625
59178,10,2025-10-14,REGULAR,29957,18.089040,164652
59179,10,2025-10-14,REGULAR,29978,18.089040,164653
59215,2,2025-10-15,REGULAR,36005,18.208492,164792
59225,6,2025-10-15,REGULAR,35942,18.089040,164820
59226,3,2025-10-15,REGULAR,33442,18.089040,164827
59227,8,2025-10-15,DIESEL,33392,19.515109,164830
59228,11,2025-10-15,DIESEL,33386,19.571187,164831
59229,9,2025-10-15,DIESEL,29900,19.721187,164832
59230,9,2025-10-15,REGULAR,29939,18.208492,164833
59274,6,2025-10-16,REGULAR,36373,18.089040,165047
59304,1,2025-10-16,REGULAR,30022,18.208492,165085
59305,1,2025-10-16,REGULAR,29982,18.208492,165086
59321,2,2025-10-16,DIESEL,33424,19.721187,165107
59322,1,2025-10-16,DIESEL,29922,19.721187,165117
59323,1,2025-10-16,DIESEL,29918,19.721188,165118
59326,6,2025-10-16,DIESEL,35801,19.621187,165148
59333,10,2025-10-16,DIESEL,29842,19.621188,165158
59334,10,2025-10-16,PREMIUM,29892,19.442695,165159
59335,12,2025-10-16,REGULAR,33397,17.978492,165160
59341,10,2025-10-16,REGULAR,33353,18.089040,165186
59342,11,2025-10-16,DIESEL,33338,19.571188,165187
59353,5,2025-10-16,REGULAR,31514,17.840561,165277
59355,5,2025-10-16,PREMIUM,30764,18.866781,165278
59368,2,2025-10-17,DIESEL,33483,19.721187,165285
59369,2,2025-10-17,REGULAR,36151,18.208492,165295
59374,8,2025-10-17,DIESEL,29896,19.515109,165311
59375,8,2025-10-17,REGULAR,30086,17.932414,165312
59376,9,2025-10-17,REGULAR,30111,18.208492,165313
59377,9,2025-10-17,PREMIUM,30129,19.134712,165314
59378,4,2025-10-17,DIESEL,33447,19.621188,165315
59379,6,2025-10-17,REGULAR,36124,18.089040,165316
59393,10,2025-10-17,DIESEL,29869,19.621188,165393
59394,10,2025-10-17,DIESEL,29854,19.621187,165394
59515,5,2025-10-19,DIESEL,29815,19.415204,165916
59517,5,2025-10-19,REGULAR,30052,17.754354,165917
59523,9,2025-10-20,DIESEL,30006,19.713135,166070
59524,9,2025-10-20,REGULAR,30085,18.122285,166071
59525,10,2025-10-20,DIESEL,33514,19.613135,166072
59526,10,2025-10-20,REGULAR,33578,18.063316,166073
59534,2,2025-10-20,DIESEL,33410,19.713135,166112
59535,6,2025-10-20,REGULAR,35984,18.063316,166115
59541,6,2025-10-20,DIESEL,33389,19.613135,166131
59544,11,2025-10-20,DIESEL,29907,19.563135,166138
59545,11,2025-10-20,DIESEL,29886,19.563135,166139
59547,8,2025-10-20,PREMIUM,33337,18.816110,166163
59548,8,2025-10-20,REGULAR,33332,17.846207,166164
59556,1,2025-10-20,REGULAR,35812,18.122285,166181
59562,4,2025-10-20,REGULAR,33385,18.063316,166218
59566,10,2025-10-20,PREMIUM,35853,19.206475,166232
59609,5,2025-10-21,REGULAR,31090,17.754354,166394
59613,1,2025-10-21,PREMIUM,33438,18.992187,166417
59621,2,2025-10-21,REGULAR,35883,18.122285,166423
59633,6,2025-10-21,REGULAR,35843,18.063316,166449
59634,8,2025-10-21,DIESEL,33329,19.507057,166450
59635,10,2025-10-21,DIESEL,33335,19.613135,166454
59636,10,2025-10-21,DIESEL,33344,19.613135,166455
59641,10,2025-10-21,REGULAR,29857,18.063316,166468
59642,10,2025-10-21,PREMIUM,29869,19.206475,166469
59674,12,2025-10-22,DIESEL,29938,19.553135,166649
59675,9,2025-10-22,REGULAR,30003,18.122285,166650
59676,6,2025-10-22,PREMIUM,33460,19.206475,166651
59677,11,2025-10-22,REGULAR,33689,18.013316,166652
59710,2,2025-10-22,PREMIUM,33450,18.992187,166705
59711,7,2025-10-22,REGULAR,29993,17.962285,166712
59715,10,2025-10-22,DIESEL,35873,19.613135,166732
59724,12,2025-10-22,REGULAR,33342,17.892285,166752
59769,5,2025-10-23,DIESEL,31485,19.415204,166888
59771,5,2025-10-23,PREMIUM,30671,18.724256,166889
59781,5,2025-10-23,REGULAR,31276,17.754354,166927
59795,1,2025-10-23,DIESEL,35885,19.713135,166986
59800,2,2025-10-23,DIESEL,33358,19.713135,166992
59807,8,2025-10-23,DIESEL,33373,19.507057,167049
59808,8,2025-10-23,REGULAR,33412,17.846207,167050
59809,11,2025-10-23,DIESEL,29901,19.563135,167054
59810,10,2025-10-23,REGULAR,29936,18.063316,167053
59811,6,2025-10-23,REGULAR,36041,18.063316,167064
59812,3,2025-10-23,REGULAR,33595,18.063316,167076
59833,8,2025-10-24,REGULAR,36083,17.846207,167135
59847,10,2025-10-24,DIESEL,33461,19.919486,167143
59848,10,2025-10-24,DIESEL,33456,19.919486,167144
59849,1,2025-10-24,REGULAR,30036,18.122285,167145
59850,1,2025-10-24,REGULAR,30007,18.122285,167146
59851,9,2025-10-24,DIESEL,30007,20.019486,167168
59852,9,2025-10-24,REGULAR,30135,18.122285,167169
59879,6,2025-10-24,DIESEL,36011,19.919486,167191
59880,10,2025-10-24,DIESEL,33467,19.919486,167196
59881,10,2025-10-24,REGULAR,33490,18.063316,167197
59902,11,2025-10-24,DIESEL,33384,19.869486,167254
59927,2,2025-10-24,REGULAR,33325,18.122285,167244
59932,12,2025-10-25,PREMIUM,30140,18.896744,167302
59933,5,2025-10-25,DIESEL,29757,19.749695,167385
59935,5,2025-10-25,REGULAR,29712,17.788932,167386
59937,10,2025-10-25,DIESEL,29857,19.947625,167389
59938,10,2025-10-25,PREMIUM,30052,19.330548,167390
59939,2,2025-10-25,DIESEL,35828,20.047625,167382
59975,6,2025-10-25,REGULAR,35744,18.097216,167414
59981,8,2025-10-25,DIESEL,33308,19.841547,167437
59982,8,2025-10-25,REGULAR,33310,17.880785,167438
60023,2,2025-10-27,DIESEL,36119,20.047625,167667
60024,4,2025-10-27,REGULAR,33840,18.097216,167672
60031,1,2025-10-27,DIESEL,29883,20.047625,167691
60032,1,2025-10-27,REGULAR,29936,18.156863,167692
60035,10,2025-10-27,DIESEL,33339,19.947625,167701
60036,10,2025-10-27,REGULAR,33436,18.097216,167702
60037,6,2025-10-27,REGULAR,35902,18.097216,167703
60045,9,2025-10-27,PREMIUM,29839,19.026744,167774
60046,9,2025-10-27,DIESEL,29856,20.047625,167773
60091,6,2025-10-28,DIESEL,29975,19.956246,167889
60094,6,2025-10-28,REGULAR,36373,18.097216,167892
60095,9,2025-10-28,DIESEL,29912,20.056246,167893
60096,9,2025-10-28,REGULAR,30063,18.156863,167894
60098,1,2025-10-28,DIESEL,33397,20.056246,167901
60099,1,2025-10-28,REGULAR,33431,18.156863,167902
60117,8,2025-10-28,DIESEL,33343,19.850168,167941
60118,8,2025-10-28,REGULAR,33297,17.880785,167942
60119,10,2025-10-28,DIESEL,29856,19.956246,167954
60120,10,2025-10-28,REGULAR,29882,18.097216,167955
60168,7,2025-10-29,DIESEL,30126,19.898248,168056
60175,11,2025-10-29,DIESEL,30039,19.903248,168063
60176,11,2025-10-29,DIESEL,29927,19.903248,168064
60177,10,2025-10-29,DIESEL,33464,19.953248,168069
60178,10,2025-10-29,DIESEL,33420,19.953248,168070
60179,2,2025-10-29,DIESEL,35917,20.053248,168071
60186,4,2025-10-29,PREMIUM,30003,19.330548,168087
60187,12,2025-10-29,REGULAR,36010,17.926863,168088
60208,10,2025-10-29,REGULAR,29978,18.097216,168143
60209,10,2025-10-29,PREMIUM,33492,19.330548,168144
60210,10,2025-10-29,PREMIUM,33477,19.330548,168145
60223,5,2025-10-30,REGULAR,30126,17.788932,168194
60225,5,2025-10-30,PREMIUM,29985,18.758812,168195
60241,3,2025-10-30,REGULAR,33907,18.097216,168244
60242,2,2025-10-30,REGULAR,36058,18.156863,168245
60258,8,2025-10-30,DIESEL,33306,19.847170,168270
60259,8,2025-10-30,REGULAR,33441,17.880786,168271
60263,9,2025-10-30,REGULAR,29928,18.156863,168274
60264,6,2025-10-30,REGULAR,35996,18.097216,168275
60325,5,2025-10-31,DIESEL,29902,19.755317,168440
60332,4,2025-10-31,DIESEL,35863,19.953248,168451
60333,10,2025-10-31,DIESEL,29851,19.953248,168472
60334,10,2025-10-31,DIESEL,29847,19.953248,168473
60344,10,2025-10-31,REGULAR,33696,18.097216,168475
60345,8,2025-10-31,REGULAR,33464,17.880785,168476
60361,1,2025-10-31,REGULAR,33351,18.156863,168498
60364,6,2025-10-31,REGULAR,35886,18.097216,168525
60365,6,2025-10-31,PREMIUM,29887,19.330548,168528
60388,2,2025-11-01,DIESEL,36094,20.458009,168603
60389,6,2025-11-01,REGULAR,36406,18.097216,168611
60419,2,2025-11-01,REGULAR,33431,18.156863,168670
60420,11,2025-11-01,PREMIUM,33576,19.280548,168692
60421,11,2025-11-01,REGULAR,33419,18.047216,168693
60422,9,2025-11-01,DIESEL,29854,20.458009,168695
60423,9,2025-11-01,REGULAR,29920,18.156863,168696
60428,10,2025-11-01,DIESEL,33329,20.358009,168720
60459,1,2025-11-02,DIESEL,33451,20.458009,168865
60460,1,2025-11-02,REGULAR,33711,18.156863,168866
60461,7,2025-11-02,REGULAR,30215,17.996863,168867
60468,7,2025-11-02,PREMIUM,30176,18.853123,168868
60485,8,2025-11-02,PREMIUM,33808,18.842046,168890
60486,10,2025-11-02,REGULAR,33596,18.097216,168900
60487,10,2025-11-02,PREMIUM,33547,19.330548,168901
60490,10,2025-11-02,DIESEL,29941,20.358009,168904
60491,11,2025-11-02,DIESEL,29909,20.308009,168905
60508,5,2025-11-02,REGULAR,31575,17.788932,168999
60510,5,2025-11-02,REGULAR,31097,17.788932,169000
60556,5,2025-11-03,PREMIUM,31686,18.750192,169195
60558,5,2025-11-03,DIESEL,30607,20.160078,169196
60569,1,2025-11-04,PREMIUM,33860,19.121571,169273
60588,6,2025-11-04,REGULAR,36357,18.200665,169288
60589,10,2025-11-04,DIESEL,33605,20.358009,169295
60590,10,2025-11-04,DIESEL,33526,20.358009,169296
60602,8,2025-11-04,REGULAR,30044,17.984234,169312
60603,8,2025-11-04,REGULAR,30027,17.984234,169313
60611,4,2025-11-04,REGULAR,33553,18.200664,169326
60625,6,2025-11-04,DIESEL,33450,20.358009,169399
60626,2,2025-11-04,DIESEL,35961,20.458009,169381
60634,12,2025-11-04,REGULAR,35867,18.030312,169418
60637,10,2025-11-04,REGULAR,30018,18.200665,169459
60638,10,2025-11-04,PREMIUM,30124,19.433997,169460
60688,2,2025-11-05,DIESEL,33388,20.458420,169624
60689,2,2025-11-05,REGULAR,35922,18.346519,169630
60700,9,2025-11-05,DIESEL,29901,20.458420,169644
60701,9,2025-11-05,REGULAR,29913,18.346519,169645
60705,10,2025-11-05,DIESEL,33385,20.358420,169648
60706,10,2025-11-05,REGULAR,33430,18.286871,169649
60713,4,2025-11-05,REGULAR,33389,18.286871,169657
60717,6,2025-11-05,REGULAR,35862,18.286871,169673
60772,1,2025-11-06,DIESEL,33426,20.458420,169861
60773,1,2025-11-06,REGULAR,33516,18.389536,169862
60774,5,2025-11-06,REGULAR,30962,18.021605,169866
60776,2,2025-11-06,DIESEL,33416,20.458420,169867
60778,6,2025-11-06,REGULAR,36146,18.398564,169868
60788,11,2025-11-06,DIESEL,29920,20.308420,169893
60789,11,2025-11-06,DIESEL,29904,20.308420,169894
60803,5,2025-11-06,DIESEL,29776,20.160489,169906
60805,3,2025-11-06,DIESEL,33388,20.358420,169913
60806,8,2025-11-06,DIESEL,33394,20.252342,169919
60807,8,2025-11-06,REGULAR,33325,18.113458,169920
60838,6,2025-11-07,DIESEL,35913,20.407193,170083
60852,10,2025-11-07,DIESEL,29913,20.407193,170090
60853,9,2025-11-07,DIESEL,29909,20.507192,170091
60854,10,2025-11-07,DIESEL,33410,20.407193,170092
60855,10,2025-11-07,DIESEL,33414,20.407192,170093
60912,2,2025-11-08,DIESEL,35947,20.619262,170207
60919,1,2025-11-08,DIESEL,33433,20.619262,170239
60920,1,2025-11-08,REGULAR,33444,18.432639,170240
60927,6,2025-11-08,REGULAR,35910,18.442530,170262
60928,3,2025-11-08,PREMIUM,33383,19.744341,170277
60939,10,2025-11-08,REGULAR,33510,18.442530,170329
60940,10,2025-11-08,PREMIUM,33504,19.744342,170330
60947,2,2025-11-08,PREMIUM,30163,19.449157,170388
61048,9,2025-11-08,REGULAR,29885,18.432639,170274
61049,9,2025-11-08,PREMIUM,29921,19.449157,170273
60949,7,2025-11-09,REGULAR,33708,18.272639,170407
60950,8,2025-11-09,REGULAR,33811,18.156561,170426
60951,10,2025-11-09,REGULAR,36248,18.442530,170464
60952,10,2025-11-09,DIESEL,29931,20.519262,170470
60953,9,2025-11-09,REGULAR,30013,18.432639,170471
60954,11,2025-11-09,PREMIUM,33515,19.694342,170478
60955,11,2025-11-09,REGULAR,33515,18.392530,170479
60981,5,2025-11-09,REGULAR,30217,18.064708,170404
61040,5,2025-11-09,PREMIUM,30242,19.181226,170403
61002,11,2025-11-10,DIESEL,30069,20.469262,170650
61003,11,2025-11-10,DIESEL,30047,20.469261,170651
61004,10,2025-11-10,DIESEL,33550,20.519262,170653
61005,10,2025-11-10,DIESEL,33538,20.519262,170654
61006,1,2025-11-10,REGULAR,36145,18.432639,170657
61034,10,2025-11-10,DIESEL,35899,20.519262,170707
61035,4,2025-11-10,REGULAR,33584,18.442530,170708
61052,8,2025-11-10,DIESEL,33510,20.413184,170760
61053,8,2025-11-10,REGULAR,33816,18.156561,170761
61054,10,2025-11-10,REGULAR,30274,18.442530,170762
61055,10,2025-11-10,PREMIUM,30143,19.744342,170763
61081,2,2025-11-11,DIESEL,35953,20.645124,170884
61082,4,2025-11-11,DIESEL,33416,20.545124,170885
61096,12,2025-11-11,DIESEL,29974,20.485124,170896
61097,12,2025-11-11,REGULAR,30116,18.202639,170897
61098,2,2025-11-11,REGULAR,36064,18.432639,170898
61099,9,2025-11-11,DIESEL,33444,20.645124,170899
61100,9,2025-11-11,REGULAR,33556,18.432639,170900
61116,6,2025-11-11,REGULAR,35942,18.442530,170916
61117,6,2025-11-11,DIESEL,33404,20.545124,170930
61139,5,2025-11-11,REGULAR,30130,18.064708,170985
61141,5,2025-11-11,DIESEL,29976,20.347193,170986
61169,10,2025-11-12,REGULAR,36000,18.442530,171093
61187,3,2025-11-12,REGULAR,33450,18.442530,171098
61188,1,2025-11-12,DIESEL,30027,20.645124,171103
61189,1,2025-11-12,REGULAR,30009,18.432639,171104
61190,10,2025-11-12,DIESEL,33417,20.545124,171108
61193,10,2025-11-12,DIESEL,33395,20.545124,171109
61260,1,2025-11-13,REGULAR,33557,18.432639,171271
61267,2,2025-11-13,DIESEL,35713,20.645124,171277
61273,8,2025-11-13,DIESEL,33435,20.439046,171289
61274,8,2025-11-13,REGULAR,33446,18.156561,171290
61275,9,2025-11-13,REGULAR,29944,18.432639,171292
61276,10,2025-11-13,PREMIUM,30129,19.744342,171291
61277,6,2025-11-13,PREMIUM,30011,19.744341,171293
61280,6,2025-11-13,REGULAR,35894,18.442530,171302
61303,10,2025-11-13,REGULAR,35974,18.442530,171357
61314,5,2025-11-13,REGULAR,31650,18.064708,171369
61351,2,2025-11-14,REGULAR,33626,18.432639,171444
61358,11,2025-11-14,DIESEL,29961,20.495124,171455
61359,11,2025-11-14,DIESEL,29959,20.495124,171456
61370,10,2025-11-14,DIESEL,33460,20.545124,171466
61371,10,2025-11-14,DIESEL,33460,20.545124,171467
61374,6,2025-11-14,REGULAR,33520,18.442530,171472
61456,2,2025-11-15,DIESEL,33399,20.722710,171679
61457,1,2025-11-15,DIESEL,29920,20.722710,171687
61458,1,2025-11-15,REGULAR,29883,18.475743,171688
61465,6,2025-11-15,DIESEL,29918,20.622710,171704
61477,12,2025-11-15,REGULAR,29876,18.245743,171709
61480,9,2025-11-15,DIESEL,29920,20.722710,171722
61481,9,2025-11-15,REGULAR,29933,18.475743,171723
61485,5,2025-11-15,PREMIUM,31115,19.224330,171746
61493,8,2025-11-16,PREMIUM,33806,19.316184,171778
61494,8,2025-11-16,REGULAR,33788,18.199665,171779
61495,10,2025-11-16,PREMIUM,30194,19.787445,171780
61496,10,2025-11-16,REGULAR,30200,18.485633,171781
61535,9,2025-11-17,PREMIUM,33578,19.492261,171968
61538,10,2025-11-17,DIESEL,33459,20.622710,171985
61539,10,2025-11-17,DIESEL,33456,20.622710,171986
61543,2,2025-11-17,DIESEL,35932,20.722710,172001
61576,11,2025-11-17,REGULAR,29885,18.435633,172014
61577,11,2025-11-17,DIESEL,29935,20.572710,172015
61580,6,2025-11-17,REGULAR,35859,18.485633,172021
61587,5,2025-11-17,REGULAR,31203,18.107812,172037
61615,2,2025-11-18,REGULAR,33671,18.475743,172117
61622,4,2025-11-18,REGULAR,33498,18.485634,172130
61632,6,2025-11-18,REGULAR,35876,18.485633,172144
61648,1,2025-11-18,PREMIUM,29924,19.492261,172165
61649,1,2025-11-18,REGULAR,29914,18.475743,172166
61657,10,2025-11-18,REGULAR,33356,18.485633,172198
61658,8,2025-11-18,REGULAR,33432,18.199665,172199
61664,9,2025-11-18,DIESEL,29977,20.808917,172237
61665,9,2025-11-18,REGULAR,30002,18.475743,172238
61684,5,2025-11-18,DIESEL,31514,20.510986,172283
61686,5,2025-11-18,REGULAR,31053,18.107812,172284
61721,10,2025-11-19,DIESEL,33461,21.010641,172387
61722,10,2025-11-19,DIESEL,33464,21.010641,172386
61723,7,2025-11-19,DIESEL,33473,20.955641,172384
61725,10,2025-11-19,PREMIUM,29991,19.787445,172390
61726,10,2025-11-19,REGULAR,29976,18.485634,172389
61737,2,2025-11-19,DIESEL,35939,21.110641,172404
61750,6,2025-11-19,DIESEL,33422,21.010641,172434
61754,6,2025-11-19,REGULAR,35865,18.485634,172442
61802,1,2025-11-20,DIESEL,33511,20.942537,172596
61803,10,2025-11-20,PREMIUM,35896,19.787445,172604
61806,9,2025-11-20,REGULAR,29938,18.389535,172607
61807,10,2025-11-20,DIESEL,29988,20.842537,172606
61808,2,2025-11-20,DIESEL,33461,20.942537,172613
61809,8,2025-11-20,DIESEL,33464,20.736460,172653
61810,8,2025-11-20,REGULAR,33400,18.113458,172654
61811,3,2025-11-20,REGULAR,29927,18.356323,172659
61812,1,2025-11-20,REGULAR,33460,18.389536,172597
61877,10,2025-11-21,DIESEL,33394,20.653282,172831
61878,10,2025-11-21,DIESEL,33409,20.653282,172830
61879,11,2025-11-21,DIESEL,29908,20.603282,172835
61880,11,2025-11-21,DIESEL,29913,20.603282,172834
61881,2,2025-11-21,REGULAR,35900,18.389536,172838
61887,5,2025-11-21,PREMIUM,31930,19.051916,172844
61890,6,2025-11-21,REGULAR,35923,18.313274,172882
61899,10,2025-11-21,DIESEL,33450,20.653282,172942
61900,10,2025-11-21,REGULAR,33633,18.313274,172943
61901,8,2025-11-21,REGULAR,30091,18.113458,172947
61902,8,2025-11-21,REGULAR,30097,18.113458,172946
61903,4,2025-11-21,REGULAR,33587,18.313274,172976
61941,9,2025-11-21,DIESEL,33390,20.753282,172895
61931,2,2025-11-22,DIESEL,33484,20.753282,173028
61932,6,2025-11-22,PREMIUM,33762,19.744734,173048
61945,7,2025-11-22,REGULAR,35912,18.229536,173102
61947,12,2025-11-22,REGULAR,29932,18.159536,173106
61966,5,2025-11-22,REGULAR,31168,18.021605,173025
61993,6,2025-11-22,REGULAR,36000,18.313274,173161
62191,2,2025-11-22,DIESEL,29891,20.753282,173105
62001,12,2025-11-23,PREMIUM,36245,19.189847,173256
62005,6,2025-11-23,DIESEL,35914,20.653282,173358
62006,2,2025-11-23,PREMIUM,30062,19.319847,173342
62016,1,2025-11-23,REGULAR,29934,18.389536,173369
62017,1,2025-11-23,DIESEL,29919,20.753282,173368
62024,9,2025-11-23,REGULAR,33334,18.389536,173401
62025,10,2025-11-23,REGULAR,33366,18.313274,173400
62026,10,2025-11-23,PREMIUM,33409,19.744735,173372
62027,10,2025-11-23,DIESEL,29948,20.653282,173440
62028,10,2025-11-23,DIESEL,29943,20.653282,173439
62110,3,2025-11-25,REGULAR,33567,18.313274,173695
62118,9,2025-11-25,DIESEL,29955,20.753282,173719
62119,9,2025-11-25,REGULAR,29938,18.389535,173720
62120,10,2025-11-25,REGULAR,33396,18.313274,173718
62121,10,2025-11-25,DIESEL,33446,20.653282,173717
62122,2,2025-11-25,DIESEL,35939,20.753282,173721
62134,6,2025-11-25,REGULAR,35882,18.313274,173766
62137,4,2025-11-25,DIESEL,33468,20.653282,173786
62141,11,2025-11-25,PREMIUM,30096,19.694734,173799
62142,11,2025-11-25,REGULAR,30066,18.263274,173798
62143,8,2025-11-25,REGULAR,33504,18.113458,173810
62173,5,2025-11-25,DIESEL,31617,20.455351,173652
62175,5,2025-11-25,REGULAR,31888,18.021605,173653
62177,2,2025-11-26,REGULAR,36240,18.389536,173900
62181,1,2025-11-26,REGULAR,33587,18.389536,173910
62192,12,2025-11-26,REGULAR,36019,18.159536,173924
62193,10,2025-11-26,DIESEL,33406,20.523972,173938
62194,10,2025-11-26,PREMIUM,33523,19.744734,173939
62196,11,2025-11-26,DIESEL,29892,20.473972,173947
62197,11,2025-11-26,DIESEL,29899,20.473972,173946
62198,6,2025-11-26,REGULAR,33440,18.313274,173950
62250,7,2025-11-27,REGULAR,33617,18.229536,174152
62261,9,2025-11-27,PREMIUM,30128,19.319847,174175
62270,9,2025-11-27,REGULAR,30040,18.389536,174176
62271,4,2025-11-27,REGULAR,33446,18.270171,174197
62276,6,2025-11-27,DIESEL,33410,20.394661,174215
62315,5,2025-11-27,DIESEL,30923,20.196731,174309
62317,5,2025-11-27,REGULAR,31637,18.021605,174084
62320,8,2025-11-27,REGULAR,30078,18.113458,174280
62321,8,2025-11-27,DIESEL,29945,20.288584,174279
62322,2,2025-11-27,DIESEL,35893,20.494661,174180
62319,1,2025-11-28,REGULAR,33589,18.389536,174400
62325,2,2025-11-28,REGULAR,36055,18.389535,174406
62328,8,2025-11-28,PREMIUM,33539,19.143770,174414
62329,9,2025-11-28,DIESEL,33415,20.494661,174413
62330,10,2025-11-28,DIESEL,29929,20.394661,174415
62331,10,2025-11-28,DIESEL,29940,20.394661,174416
62332,3,2025-11-28,REGULAR,33591,18.270171,174427
62342,6,2025-11-28,REGULAR,36030,18.270171,174442
62359,10,2025-11-28,DIESEL,33436,20.394661,174501
62360,10,2025-11-28,DIESEL,33430,20.394661,174500
62365,10,2025-11-28,REGULAR,30204,18.270171,174521
62366,10,2025-11-28,PREMIUM,30207,19.658527,174520
62422,5,2025-11-28,REGULAR,31690,18.021605,174518
62424,5,2025-11-28,PREMIUM,31646,19.051916,174519
62391,2,2025-11-29,DIESEL,33442,20.494661,174654
62399,1,2025-11-29,DIESEL,33437,20.494661,174675
62401,1,2025-11-29,REGULAR,33512,18.389535,174676
62404,6,2025-11-29,REGULAR,36202,18.270171,174674
62413,9,2025-11-29,DIESEL,29952,20.494661,174679
62414,9,2025-11-29,REGULAR,30014,18.389536,174680
62415,8,2025-11-29,REGULAR,33490,18.113458,174690
62420,11,2025-11-29,DIESEL,33427,20.344662,174728
62421,11,2025-11-29,REGULAR,33438,18.220171,174727
62446,8,2025-11-30,DIESEL,33550,20.288584,174847
62448,10,2025-11-30,DIESEL,33465,20.394661,174866
62449,10,2025-11-30,DIESEL,33477,20.394661,174865
62450,10,2025-11-30,REGULAR,30007,18.270171,174885
62451,10,2025-11-30,PREMIUM,30181,19.658528,174884
62454,10,2025-11-30,REGULAR,36114,18.270171,174864
62473,6,2025-12-01,DIESEL,35914,20.394660,175050
62478,10,2025-12-01,DIESEL,33400,20.394660,175060
62479,8,2025-12-01,REGULAR,33467,18.113460,175057
62481,8,2025-12-01,DIESEL,33410,20.288580,175056
62489,1,2025-12-01,PREMIUM,30012,19.319850,175063
62490,1,2025-12-01,REGULAR,29968,18.389540,175064
62530,3,2025-12-02,DIESEL,33446,20.394660,175277
62533,2,2025-12-02,DIESEL,35920,20.494660,175285
62536,9,2025-12-02,REGULAR,33489,18.389540,175297
62537,10,2025-12-02,PREMIUM,30000,19.658530,175303
62538,10,2025-12-02,REGULAR,30033,18.270170,175302
62539,6,2025-12-02,REGULAR,35968,18.270170,175310
62551,5,2025-12-02,DIESEL,30890,20.196730,175351
62553,5,2025-12-02,REGULAR,30897,18.021610,175352
62603,8,2025-12-03,REGULAR,33757,18.113460,175533
62606,2,2025-12-03,REGULAR,36008,18.389540,175575
62624,12,2025-12-03,REGULAR,29924,18.159540,175609
62625,12,2025-12-03,DIESEL,29906,20.334660,175608
62631,11,2025-12-03,DIESEL,33402,20.344660,175611
62632,10,2025-12-03,DIESEL,33399,20.394660,175610
62634,6,2025-12-03,PREMIUM,29935,19.658530,175629
62646,6,2025-12-03,REGULAR,35940,18.270170,175646
62674,1,2025-12-04,REGULAR,33696,18.303330,175806
62685,2,2025-12-04,DIESEL,35967,20.322250,175835
62686,4,2025-12-04,REGULAR,33454,18.227070,175837
62687,9,2025-12-04,REGULAR,29903,18.303330,175841
62688,9,2025-12-04,DIESEL,29984,20.322250,175840
62691,11,2025-12-04,DIESEL,33469,20.172250,175862
62692,10,2025-12-04,DIESEL,33481,20.222250,175861
62754,10,2025-12-04,REGULAR,35883,18.227070,175886
62731,5,2025-12-05,REGULAR,31643,17.935400,175975
62737,6,2025-12-05,REGULAR,36285,18.227070,176065
62741,8,2025-12-05,REGULAR,30157,18.027250,176075
62742,8,2025-12-05,DIESEL,29870,20.116170,176074
62743,2,2025-12-05,REGULAR,33684,18.303330,176066
62744,1,2025-12-05,DIESEL,33343,20.322250,176081
62745,1,2025-12-05,DIESEL,33356,20.322250,176080
62753,4,2025-12-05,DIESEL,33336,20.222250,176126
62756,10,2025-12-05,DIESEL,33336,20.222250,176149
62757,10,2025-12-05,DIESEL,33337,20.222250,176148
62758,6,2025-12-05,DIESEL,35823,20.222250,176150
62760,10,2025-12-05,PREMIUM,29949,19.572320,176183
62761,10,2025-12-05,REGULAR,30014,18.227070,176182
62792,9,2025-12-06,PREMIUM,30018,19.276740,176327
62793,2,2025-12-06,DIESEL,33356,20.279140,176328
62794,1,2025-12-06,REGULAR,33474,18.260230,176332
62795,9,2025-12-06,REGULAR,33468,18.260230,176338
62796,9,2025-12-06,DIESEL,33356,20.279140,176337
62806,5,2025-12-06,PREMIUM,30922,19.008810,176340
62808,6,2025-12-06,REGULAR,35961,18.183960,176365
62865,8,2025-12-06,REGULAR,33417,17.984150,176360
62833,5,2025-12-07,REGULAR,30946,17.892290,176549
62835,5,2025-12-07,DIESEL,30873,19.981210,176548
62853,12,2025-12-08,REGULAR,33625,18.030230,176629
62854,7,2025-12-08,PREMIUM,30094,19.111740,176637
62855,7,2025-12-08,DIESEL,30029,20.124140,176636
62856,8,2025-12-08,REGULAR,33531,17.984150,176641
62857,8,2025-12-08,DIESEL,33514,20.073070,176640
62866,6,2025-12-08,REGULAR,36104,18.183960,176653
62872,9,2025-12-08,DIESEL,31447,20.279140,176673
62878,10,2025-12-08,REGULAR,30063,18.183960,176697
62879,10,2025-12-08,DIESEL,29911,20.179140,176696
62926,3,2025-12-09,REGULAR,33788,18.209830,176837
62933,9,2025-12-09,DIESEL,29899,20.279140,176867
62934,9,2025-12-09,REGULAR,30009,18.320570,176868
62935,10,2025-12-09,DIESEL,33399,20.179140,176853
62938,11,2025-12-09,DIESEL,33369,20.129140,176854
62950,6,2025-12-09,DIESEL,35861,20.179140,176897
62956,4,2025-12-09,PREMIUM,33399,19.443010,176913
62959,10,2025-12-09,PREMIUM,33493,19.443010,176938
62960,10,2025-12-09,REGULAR,33553,18.209830,176937
62988,10,2025-12-09,DIESEL,29958,20.179140,176953
63051,2,2025-12-09,DIESEL,35860,20.279140,176870
63052,10,2025-12-09,DIESEL,29949,20.179140,176952
63002,2,2025-12-10,REGULAR,33536,18.320570,177085
63011,4,2025-12-10,REGULAR,33544,18.209830,177107
63012,1,2025-12-10,REGULAR,35980,18.320570,177108
63018,10,2025-12-10,REGULAR,30008,18.209830,177130
63019,10,2025-12-10,DIESEL,29934,20.179140,177129
63020,8,2025-12-10,REGULAR,33450,18.044490,177132
63021,8,2025-12-10,PREMIUM,33431,19.100670,177131
63024,6,2025-12-10,REGULAR,36001,18.209830,177145
63040,5,2025-12-10,REGULAR,31502,17.952640,177156
63070,2,2025-12-11,PREMIUM,33857,19.276740,177283
63071,2,2025-12-11,DIESEL,35994,20.279140,177269
63075,10,2025-12-11,PREMIUM,36190,19.443010,177291
63078,1,2025-12-11,REGULAR,30107,18.320570,177303
63079,1,2025-12-11,DIESEL,29975,20.279140,177302
63080,2,2025-12-11,DIESEL,29971,20.279140,177305
63081,10,2025-12-11,REGULAR,33599,18.209830,177306
63093,9,2025-12-11,REGULAR,29976,18.320570,177340
63094,9,2025-12-11,DIESEL,29956,20.279140,177339
63095,10,2025-12-11,DIESEL,33435,20.179140,177342
63096,10,2025-12-11,DIESEL,33445,20.179140,177341
63111,5,2025-12-11,DIESEL,31456,19.981210,177379
63137,1,2025-12-12,PREMIUM,33697,19.276740,177481
63148,6,2025-12-12,REGULAR,36102,18.209830,177508
63156,11,2025-12-12,DIESEL,29884,20.129140,177527
63157,11,2025-12-12,REGULAR,30019,18.159830,177526
63158,8,2025-12-12,REGULAR,33509,18.044490,177525
63159,8,2025-12-12,DIESEL,33386,20.073070,177524
63171,3,2025-12-12,REGULAR,33423,18.209830,177561
63262,5,2025-12-12,REGULAR,31475,17.952640,177554
63264,5,2025-12-12,PREMIUM,31449,19.008810,177555
63179,9,2025-12-13,REGULAR,30275,18.148160,177710
63180,10,2025-12-13,DIESEL,29928,19.963630,177709
63181,8,2025-12-13,DIESEL,33421,19.857550,177711
63182,8,2025-12-13,REGULAR,33792,17.872080,177712
63208,10,2025-12-13,REGULAR,36382,18.037410,177722
63209,12,2025-12-13,REGULAR,20140,17.918160,177734
63210,12,2025-12-13,PREMIUM,10046,18.974330,177733
63211,2,2025-12-13,REGULAR,20189,18.148160,177700
63212,2,2025-12-13,REGULAR,10099,18.148160,177699
63213,2,2025-12-13,DIESEL,35951,20.063630,177696
63246,6,2025-12-13,DIESEL,31415,19.963630,177798
63252,6,2025-12-13,PREMIUM,31789,19.270600,177845
63268,1,2025-12-15,REGULAR,36106,18.148160,177947
63269,1,2025-12-15,DIESEL,33501,20.063630,177948
63270,10,2025-12-15,DIESEL,33457,19.963630,177952
63271,10,2025-12-15,DIESEL,33484,19.963630,177951
63279,10,2025-12-15,PREMIUM,33537,19.270600,177978
63280,6,2025-12-15,REGULAR,36125,18.037410,177979
63285,11,2025-12-15,DIESEL,29965,19.913630,177999
63286,11,2025-12-15,DIESEL,29953,19.913630,177998
63298,5,2025-12-16,REGULAR,31151,17.737120,178104
63307,7,2025-12-16,REGULAR,30108,17.945050,178145
63309,8,2025-12-16,REGULAR,30101,17.828980,178149
63312,8,2025-12-16,DIESEL,30042,19.771340,178148
63314,9,2025-12-16,DIESEL,33544,19.977420,178150
63315,9,2025-12-16,PREMIUM,33637,19.018120,178151
63327,3,2025-12-16,PREMIUM,33503,19.141290,178200
63331,6,2025-12-16,REGULAR,35983,17.994310,178217
63332,2,2025-12-16,DIESEL,35965,19.977420,178167
63338,10,2025-12-16,REGULAR,29991,17.994310,178227
63339,10,2025-12-16,DIESEL,29957,19.877420,178226
63341,9,2025-12-16,REGULAR,33488,18.105050,178231
63378,8,2025-12-17,DIESEL,33511,19.642030,178372
63379,8,2025-12-17,REGULAR,33615,17.656650,178373
63389,4,2025-12-17,REGULAR,33561,17.821900,178387
63390,10,2025-12-17,DIESEL,35976,19.748110,178414
63391,2,2025-12-17,REGULAR,36106,17.932730,178383
63392,1,2025-12-17,REGULAR,29968,17.932730,178428
63413,10,2025-12-17,DIESEL,33455,19.748110,178452
63414,10,2025-12-17,PREMIUM,33462,18.968870,178453
63419,11,2025-12-17,PREMIUM,30084,18.918870,178472
63420,11,2025-12-17,REGULAR,30077,17.771900,178473
63435,5,2025-12-17,DIESEL,31531,19.550180,178523
63437,5,2025-12-17,REGULAR,31631,17.564790,178524
63463,6,2025-12-18,DIESEL,35999,19.748110,178582
63468,9,2025-12-18,DIESEL,29972,19.848110,178606
63469,9,2025-12-18,REGULAR,30063,17.932730,178607
63470,10,2025-12-18,REGULAR,33593,17.821900,178609
63471,10,2025-12-18,REGULAR,33644,17.821900,178608
63476,6,2025-12-18,REGULAR,35963,17.821900,178652
63914,12,2025-12-18,REGULAR,33563,17.702730,178610
63532,11,2025-12-19,DIESEL,29947,19.698110,178825
63533,10,2025-12-19,DIESEL,29994,19.748110,178824
63534,10,2025-12-19,DIESEL,33426,19.748110,178829
63535,10,2025-12-19,DIESEL,33462,19.748110,178828
63547,4,2025-12-19,DIESEL,33422,19.748110,178839
63548,6,2025-12-19,REGULAR,35952,17.821900,178885
63554,2,2025-12-19,DIESEL,35927,19.848110,178858
63568,10,2025-12-19,REGULAR,30008,17.821900,178921
63569,8,2025-12-19,REGULAR,33553,17.656650,178931
63604,9,2025-12-20,REGULAR,30347,17.889620,179027
63605,9,2025-12-20,DIESEL,29971,19.718800,179026
63606,2,2025-12-20,REGULAR,34006,17.889620,179013
63607,1,2025-12-20,REGULAR,33835,17.889620,179029
63608,1,2025-12-20,DIESEL,33467,19.718800,179028
63613,10,2025-12-20,DIESEL,33451,19.618800,179038
63617,2,2025-12-20,DIESEL,35754,19.718800,179031
63626,8,2025-12-20,DIESEL,33440,19.512720,179050
63627,8,2025-12-20,REGULAR,33500,17.613540,179051
63640,5,2025-12-20,REGULAR,30048,17.521690,179092
63642,5,2025-12-20,PREMIUM,29975,18.663990,179093
63910,10,2025-12-20,PREMIUM,36089,19.055080,179046
63666,6,2025-12-22,REGULAR,36585,17.778790,179260
63676,9,2025-12-22,REGULAR,30178,17.889620,179269
63677,9,2025-12-22,DIESEL,30063,19.718800,179268
63678,12,2025-12-22,REGULAR,20084,17.659620,179274
63679,12,2025-12-22,PREMIUM,10073,18.801920,179273
63680,8,2025-12-22,REGULAR,33665,17.613540,179277
63682,8,2025-12-22,PREMIUM,33753,18.755840,179276
63696,6,2025-12-22,DIESEL,35996,19.618800,179305
63709,10,2025-12-22,REGULAR,33552,17.778790,179332
63711,11,2025-12-22,DIESEL,29994,19.568800,179334
63712,11,2025-12-22,DIESEL,29990,19.568800,179333
63719,6,2025-12-22,PREMIUM,31146,19.055080,179362
63911,10,2025-12-22,DIESEL,33497,19.618800,179331
63755,4,2025-12-23,REGULAR,33869,17.778790,179468
63758,1,2025-12-23,REGULAR,33668,17.889620,179474
63759,1,2025-12-23,DIESEL,33625,19.718800,179473
63760,11,2025-12-23,REGULAR,30274,17.728790,179477
63761,11,2025-12-23,PREMIUM,30201,18.875770,179478
63762,2,2025-12-23,DIESEL,35964,19.718800,179484
63769,5,2025-12-23,DIESEL,30970,19.420870,179493
63777,6,2025-12-23,REGULAR,36060,17.778790,179516
63781,10,2025-12-23,DIESEL,33446,19.618800,179526
63782,10,2025-12-23,DIESEL,33454,19.618800,179525
63783,3,2025-12-23,DIESEL,33447,19.618800,179531
63811,10,2025-12-24,PREMIUM,33577,18.875770,179610
63812,10,2025-12-24,PREMIUM,33718,18.875770,179609
63813,10,2025-12-24,REGULAR,30175,17.821900,179607
63814,10,2025-12-24,REGULAR,30211,17.821900,179606
63830,9,2025-12-24,DIESEL,30047,19.761900,179694
63831,8,2025-12-24,REGULAR,33832,17.656650,179684
63832,8,2025-12-24,DIESEL,33557,19.555830,179695
63836,9,2025-12-24,REGULAR,30306,17.932730,179685
63841,5,2025-12-24,REGULAR,31521,17.564790,179726
63843,1,2025-12-24,REGULAR,35988,17.932730,179740
63845,6,2025-12-24,REGULAR,36021,17.821900,179776
63850,3,2025-12-24,REGULAR,20014,17.821900,179775
63851,3,2025-12-24,REGULAR,9992,17.821900,179774
63875,12,2025-12-24,REGULAR,31009,17.702730,179727
63893,7,2025-12-24,REGULAR,20042,17.772730,179710
63894,7,2025-12-24,DIESEL,9997,19.606900,179709
63895,2,2025-12-24,REGULAR,36172,17.932730,179698
63898,6,2025-12-26,REGULAR,36133,17.821900,179934
63905,8,2025-12-26,REGULAR,33575,17.656650,179950
63906,10,2025-12-26,DIESEL,33528,19.661900,179949
63907,2,2025-12-26,DIESEL,20021,19.761900,179961
63908,2,2025-12-26,DIESEL,10016,19.761900,179960
63921,12,2025-12-26,DIESEL,20007,19.601900,179991
63922,12,2025-12-26,REGULAR,10003,17.702730,179990
63927,4,2025-12-26,REGULAR,34061,17.821900,179972
63946,10,2025-12-26,PREMIUM,33595,18.875770,180047
63947,10,2025-12-26,REGULAR,33644,17.821900,180046
63955,11,2025-12-26,DIESEL,30057,19.611900,180057
63956,11,2025-12-26,REGULAR,30195,17.771900,180056
63966,5,2025-12-26,PREMIUM,31740,18.717040,180082
63968,5,2025-12-26,REGULAR,31147,17.564790,180083
64091,6,2025-12-26,DIESEL,36032,19.661900,180004
64103,9,2025-12-26,PREMIUM,30219,18.975020,179947
64104,1,2025-12-26,PREMIUM,30109,18.975020,179948
63989,2,2025-12-27,DIESEL,36068,19.761900,180175
63990,2,2025-12-27,REGULAR,33607,17.872380,180178
63991,1,2025-12-27,REGULAR,30082,17.872380,180185
63992,1,2025-12-27,DIESEL,30010,19.761900,180184
63993,2,2025-12-27,PREMIUM,33572,18.975020,180186
63997,9,2025-12-27,REGULAR,33543,17.872380,180196
63999,10,2025-12-27,REGULAR,36054,17.778790,180197
64003,8,2025-12-27,REGULAR,33511,17.596300,180219
64013,10,2025-12-27,DIESEL,29949,19.661900,180229
64014,10,2025-12-27,DIESEL,29952,19.661900,180228
64098,10,2025-12-27,DIESEL,33445,19.661900,180218
64051,10,2025-12-28,REGULAR,30076,17.778790,180373
64052,10,2025-12-28,PREMIUM,30044,18.936110,180377
64053,10,2025-12-28,PREMIUM,30128,18.936110,180376
64092,3,2025-12-29,REGULAR,33614,17.778790,180509
64093,6,2025-12-29,REGULAR,36055,17.778790,180517
64099,10,2025-12-29,REGULAR,33523,17.778790,180531
64100,10,2025-12-29,DIESEL,33483,19.661900,180530
64101,9,2025-12-29,REGULAR,29986,17.872380,180533
64102,8,2025-12-29,REGULAR,30024,17.596300,180532
64168,12,2025-12-30,REGULAR,20091,17.625140,180718
64169,12,2025-12-30,PREMIUM,10063,18.845020,180717
64172,2,2025-12-30,DIESEL,36132,19.701560,180735
64173,5,2025-12-30,REGULAR,31100,17.487210,180734
64175,1,2025-12-30,REGULAR,30075,17.855140,180742
64176,1,2025-12-30,REGULAR,30100,17.855140,180741
64181,10,2025-12-30,PREMIUM,33657,18.936110,180755
64182,10,2025-12-30,DIESEL,33525,19.601560,180754
64193,6,2025-12-30,DIESEL,30016,19.601560,180773
64200,11,2025-12-30,DIESEL,30030,19.551560,180783
64253,8,2025-12-31,DIESEL,33533,19.495480,180887
64254,8,2025-12-31,PREMIUM,30214,18.798940,180888
64259,10,2025-12-31,REGULAR,33588,17.761550,180901
64260,6,2025-12-31,REGULAR,36076,17.761550,180904
64264,9,2025-12-31,DIESEL,30003,19.701560,180929
64265,9,2025-12-31,REGULAR,30046,17.855140,180930
64266,5,2025-12-31,DIESEL,31580,19.403630,180879
64330,9,2026-01-02,REGULAR,30050,17.858117,181184
64331,8,2026-01-02,REGULAR,30042,17.582040,181183
64332,10,2026-01-02,PREMIUM,33610,18.939748,181186
64333,10,2026-01-02,REGULAR,33532,17.764529,181185
64334,2,2026-01-02,REGULAR,36025,17.858118,181193
64335,7,2026-01-02,REGULAR,33524,17.698117,181191
64338,6,2026-01-02,REGULAR,35958,17.764529,181210
64348,12,2026-01-02,REGULAR,29958,17.628118,181214
64367,11,2026-01-02,PREMIUM,30197,18.889748,181260
64369,11,2026-01-02,REGULAR,30145,17.714529,181259
64370,10,2026-01-02,DIESEL,33570,19.604030,181263
64371,10,2026-01-02,REGULAR,33676,17.764529,181264
64372,4,2026-01-02,DIESEL,31100,19.604030,181271
64374,6,2026-01-02,PREMIUM,31772,18.939749,181276
64391,2,2026-01-03,DIESEL,33590,19.704030,181355
64393,6,2026-01-03,REGULAR,36157,17.764529,181362
64394,10,2026-01-03,PREMIUM,30163,18.939748,181371
64395,10,2026-01-03,DIESEL,30035,19.604030,181370
64396,1,2026-01-03,DIESEL,30029,19.704030,181373
64397,8,2026-01-03,DIESEL,33544,19.497952,181372
64401,11,2026-01-03,DIESEL,33526,19.554030,181379
64415,9,2026-01-03,DIESEL,30997,19.704030,181436
64431,5,2026-01-04,REGULAR,30991,17.490187,181574
64445,7,2026-01-05,PREMIUM,30189,18.813654,181637
64446,6,2026-01-05,REGULAR,36438,17.764529,181640
64452,9,2026-01-05,DIESEL,29991,19.704030,181651
64453,9,2026-01-05,PREMIUM,33533,18.978654,181650
64454,9,2026-01-05,REGULAR,33619,17.858118,181649
64459,8,2026-01-05,REGULAR,30011,17.582040,181655
64460,8,2026-01-05,REGULAR,30000,17.582040,181656
64471,1,2026-01-05,REGULAR,35967,17.858118,181690
64512,10,2026-01-05,PREMIUM,31014,18.939749,181683
64501,5,2026-01-06,REGULAR,31725,17.533290,181789
64503,5,2026-01-06,PREMIUM,31385,18.720671,181803
64510,10,2026-01-06,DIESEL,29992,19.604030,181826
64511,10,2026-01-06,DIESEL,30049,19.604030,181825
64514,2,2026-01-06,DIESEL,35986,19.704030,181831
64515,10,2026-01-06,REGULAR,33821,17.807632,181830
64516,10,2026-01-06,REGULAR,33804,17.807632,181829
64518,1,2026-01-06,PREMIUM,30140,18.978654,181835
64543,6,2026-01-06,DIESEL,33432,19.604030,181864
64544,6,2026-01-06,REGULAR,35954,17.807632,181859
64594,8,2026-01-07,DIESEL,33520,19.497952,182002
64595,8,2026-01-07,REGULAR,33678,17.625143,182003
64596,9,2026-01-07,REGULAR,30144,17.901221,182006
64597,11,2026-01-07,DIESEL,29991,19.554030,182005
64599,1,2026-01-07,REGULAR,36039,17.901221,182014
64605,3,2026-01-07,REGULAR,33692,17.807632,182031
64616,12,2026-01-07,REGULAR,35892,17.671221,182041
64646,2,2026-01-07,REGULAR,33634,17.901221,182007
64649,1,2026-01-08,REGULAR,33906,17.944325,182140
64650,2,2026-01-08,DIESEL,36036,19.704030,182147
64661,10,2026-01-08,DIESEL,33494,19.604030,182162
64664,10,2026-01-08,DIESEL,33537,19.604030,182161
64665,9,2026-01-08,DIESEL,29991,19.704030,182160
64666,11,2026-01-08,DIESEL,30026,19.554030,182159
64674,4,2026-01-08,REGULAR,33785,17.850736,182165
64686,5,2026-01-08,DIESEL,30932,19.406099,182201
64692,5,2026-01-08,REGULAR,30895,17.576393,182202
64706,2,2026-01-09,REGULAR,33919,18.004669,182270
64711,6,2026-01-09,REGULAR,36501,17.928322,182284
64712,1,2026-01-09,REGULAR,30189,18.004669,182286
64713,1,2026-01-09,DIESEL,29993,19.755754,182285
64714,8,2026-01-09,REGULAR,33694,17.728592,182291
64715,10,2026-01-09,REGULAR,33963,17.928322,182290
64719,10,2026-01-09,PREMIUM,33887,19.060438,182293
64724,10,2026-01-09,DIESEL,29945,19.655754,182312
64725,10,2026-01-09,DIESEL,29936,19.655754,182311
64759,6,2026-01-10,DIESEL,33665,19.655754,182402
64769,9,2026-01-10,REGULAR,30195,18.004669,182417
64770,9,2026-01-10,DIESEL,30024,19.755754,182416
64771,2,2026-01-10,DIESEL,35989,19.755754,182425
64786,8,2026-01-10,DIESEL,33491,19.549677,182431
64787,6,2026-01-10,REGULAR,36019,17.928322,182449
64808,5,2026-01-11,REGULAR,31530,17.636738,182549
64829,2,2026-01-12,PREMIUM,30356,18.935551,182639
64833,1,2026-01-12,DIESEL,33622,19.755754,182642
64834,1,2026-01-12,REGULAR,33761,18.004669,182643
64835,9,2026-01-12,DIESEL,30044,19.755754,182650
64836,9,2026-01-12,REGULAR,30122,18.004669,182651
64837,10,2026-01-12,REGULAR,36331,17.928322,182652
64846,10,2026-01-12,REGULAR,33684,17.928322,182663
64851,8,2026-01-12,PREMIUM,33555,18.759473,182674
64852,8,2026-01-12,REGULAR,33486,17.728592,182675
64892,12,2026-01-13,REGULAR,33842,17.774669,182783
64893,7,2026-01-13,REGULAR,30285,17.844669,182785
64894,7,2026-01-13,DIESEL,30115,19.600754,182784
64895,2,2026-01-13,DIESEL,36113,19.755754,182786
64899,11,2026-01-13,DIESEL,33584,19.605754,182790
64900,4,2026-01-13,REGULAR,33935,17.928322,182789
64910,6,2026-01-13,REGULAR,36034,17.928322,182817
64919,10,2026-01-13,DIESEL,30048,19.655754,182826
65041,10,2026-01-13,PREMIUM,30044,19.060438,182827
64974,2,2026-01-14,REGULAR,33628,18.133980,182950
64979,6,2026-01-14,DIESEL,35990,19.741961,182951
64980,9,2026-01-14,REGULAR,30098,18.133980,182952
64981,8,2026-01-14,REGULAR,33603,17.857902,182956
64982,8,2026-01-14,DIESEL,33483,19.635883,182955
64994,3,2026-01-14,REGULAR,33565,18.057632,182973
64998,10,2026-01-14,DIESEL,29976,19.741961,182990
65012,5,2026-01-14,PREMIUM,31223,18.849982,183016
65014,5,2026-01-14,REGULAR,31222,17.766049,183017
65024,9,2026-01-15,PREMIUM,31871,19.194171,183054
65033,5,2026-01-15,DIESEL,31161,19.716444,183068
65044,1,2026-01-15,REGULAR,20169,18.220186,183093
65045,1,2026-01-15,REGULAR,10100,18.220186,183092
65046,2,2026-01-15,DIESEL,36044,20.014375,183096
65047,11,2026-01-15,DIESEL,30027,19.864375,183102
65048,10,2026-01-15,PREMIUM,30384,19.275955,183101
65050,10,2026-01-15,REGULAR,33886,18.143839,183106
65051,10,2026-01-15,DIESEL,33519,19.914375,183105
65056,9,2026-01-15,DIESEL,31510,20.014374,183123
65062,12,2026-01-15,PREMIUM,20065,19.064171,183142
65065,6,2026-01-15,REGULAR,36078,18.143839,183143
65069,12,2026-01-15,REGULAR,10032,17.990186,183141
65102,6,2026-01-16,PREMIUM,33877,19.275955,183269
65105,2,2026-01-16,REGULAR,36216,18.220187,183270
65106,11,2026-01-16,DIESEL,30069,19.950582,183272
65107,11,2026-01-16,REGULAR,30218,18.093839,183271
65108,8,2026-01-16,REGULAR,33617,17.944109,183275
65109,10,2026-01-16,DIESEL,33555,20.000582,183274
65112,6,2026-01-16,REGULAR,36087,18.143839,183282
65153,6,2026-01-17,DIESEL,31109,20.000581,183384
65170,2,2026-01-17,DIESEL,33566,20.100582,183417
65171,9,2026-01-17,REGULAR,33650,18.220187,183418
65172,8,2026-01-17,REGULAR,30115,17.944109,183420
65173,8,2026-01-17,DIESEL,30045,19.894504,183419
65174,1,2026-01-17,DIESEL,33555,20.100582,183421
65175,1,2026-01-17,REGULAR,33622,18.220186,183422
65188,10,2026-01-17,REGULAR,33568,18.143839,183432
65190,10,2026-01-17,DIESEL,33493,20.000582,183456
65211,5,2026-01-17,REGULAR,31272,17.852255,183503
65254,10,2026-01-17,DIESEL,33490,20.000582,183455
65241,6,2026-01-19,REGULAR,36475,18.143839,183629
65242,3,2026-01-19,DIESEL,33533,20.000582,183626
65249,10,2026-01-19,PREMIUM,30304,19.275955,183638
65251,10,2026-01-19,REGULAR,30236,18.143839,183637
65252,10,2026-01-19,DIESEL,33522,20.000582,183639
65253,8,2026-01-19,REGULAR,33704,17.944109,183640
65266,5,2026-01-19,PREMIUM,31002,18.936189,183666
65268,5,2026-01-19,REGULAR,30983,17.852255,183667
65278,11,2026-01-20,REGULAR,33921,18.093839,183735
65279,11,2026-01-20,PREMIUM,33935,19.225955,183734
65287,9,2026-01-20,DIESEL,30181,20.100581,183739
65288,9,2026-01-20,REGULAR,30334,18.220187,183740
65295,4,2026-01-20,DIESEL,33531,20.000582,183753
65296,2,2026-01-20,DIESEL,36021,20.100582,183755
65309,1,2026-01-20,REGULAR,10030,18.220186,183770
65310,1,2026-01-20,REGULAR,20031,18.220187,183771
65317,6,2026-01-20,REGULAR,36091,18.143839,183783
65318,1,2026-01-20,PREMIUM,9999,19.194171,183794
65319,1,2026-01-20,PREMIUM,19984,19.194171,183795
65328,10,2026-01-20,DIESEL,33472,20.000582,183802
65329,10,2026-01-20,PREMIUM,30006,19.275955,183807
65330,10,2026-01-20,REGULAR,29984,18.143839,183806
65360,4,2026-01-21,REGULAR,33887,18.186942,183901
65365,10,2026-01-21,DIESEL,30066,20.043685,183904
65366,6,2026-01-21,DIESEL,36085,20.043685,183907
65367,8,2026-01-21,DIESEL,33581,19.937608,183909
65368,8,2026-01-21,REGULAR,33728,17.987212,183910
65371,2,2026-01-21,REGULAR,20083,18.263290,183921
65372,2,2026-01-21,REGULAR,10061,18.263290,183920
65400,5,2026-01-21,DIESEL,31082,19.845754,183962
65410,2,2026-01-22,DIESEL,36101,20.022995,184009
65411,9,2026-01-22,REGULAR,33775,18.142600,184012
65412,11,2026-01-22,DIESEL,33474,19.872995,184017
65413,11,2026-01-22,DIESEL,33545,19.872995,184016
65414,1,2026-01-22,DIESEL,19980,20.022996,184024
65415,1,2026-01-22,DIESEL,9989,20.022995,184025
65416,12,2026-01-22,DIESEL,30019,19.862995,184027
65418,12,2026-01-22,REGULAR,30060,17.912600,184028
65432,6,2026-01-22,REGULAR,35985,18.066253,184048
65444,5,2026-01-22,REGULAR,31162,17.774669,184086
65465,10,2026-01-23,DIESEL,33510,19.922996,184117
65466,10,2026-01-23,DIESEL,33564,19.922995,184116
65467,10,2026-01-23,REGULAR,30383,18.066253,184119
65468,9,2026-01-23,DIESEL,30055,20.022996,184118
65469,7,2026-01-23,REGULAR,33785,17.982600,184124
65470,1,2026-01-23,REGULAR,20207,18.142601,184143
65471,1,2026-01-23,REGULAR,10115,18.142600,184142
65481,3,2026-01-23,REGULAR,33818,18.066253,184150
65482,2,2026-01-23,REGULAR,36287,18.142600,184151
65483,6,2026-01-23,REGULAR,36052,18.066253,184166
65487,10,2026-01-23,DIESEL,29966,19.922995,184167
65488,8,2026-01-23,DIESEL,33460,19.816918,184171
65489,8,2026-01-23,REGULAR,33564,17.866523,184172
65545,2,2026-01-24,DIESEL,33503,20.022996,184299
65546,1,2026-01-24,DIESEL,35992,20.022995,184303
65547,5,2026-01-24,REGULAR,31673,17.774669,184305
65549,1,2026-01-24,REGULAR,20054,18.142600,184311
65550,1,2026-01-24,REGULAR,10036,18.142601,184310
65556,10,2026-01-24,DIESEL,35963,19.922996,184334
65557,8,2026-01-24,PREMIUM,33577,18.983611,184330
65585,1,2026-01-26,REGULAR,33877,18.142600,184493
65586,6,2026-01-26,REGULAR,36312,18.066253,184495
65587,5,2026-01-26,DIESEL,31577,19.725064,184501
65589,8,2026-01-26,REGULAR,33683,17.866523,184504
65590,10,2026-01-26,DIESEL,33520,19.922996,184503
65591,9,2026-01-26,REGULAR,30171,18.142601,184506
65592,9,2026-01-26,PREMIUM,30242,19.159689,184505
65596,3,2026-01-26,PREMIUM,33543,19.241472,184515
65601,10,2026-01-26,REGULAR,10012,18.066253,184516
65602,10,2026-01-26,REGULAR,20003,18.066253,184517
65610,6,2026-01-26,DIESEL,35935,19.922995,184534
65636,5,2026-01-27,PREMIUM,31362,18.772395,184580
65641,2,2026-01-27,PREMIUM,30406,19.030378,184605
65644,2,2026-01-27,DIESEL,36144,19.936789,184607
65645,11,2026-01-27,DIESEL,30043,19.786789,184613
65646,11,2026-01-27,DIESEL,30104,19.786788,184612
65647,10,2026-01-27,REGULAR,33666,17.980046,184621
65648,10,2026-01-27,DIESEL,33531,19.836789,184620
65649,12,2026-01-27,REGULAR,30065,17.860876,184619
65653,9,2026-01-27,DIESEL,10009,19.936789,184632
65654,9,2026-01-27,DIESEL,19994,19.936789,184633
65655,10,2026-01-27,PREMIUM,36031,19.155265,184637
65669,5,2026-01-27,REGULAR,31400,17.722945,184649
65690,7,2026-01-28,DIESEL,33555,19.781788,184742
65691,8,2026-01-28,DIESEL,33532,19.730711,184749
65692,8,2026-01-28,REGULAR,33567,17.814799,184750
65693,10,2026-01-28,REGULAR,30114,17.980046,184752
65694,10,2026-01-28,DIESEL,30025,19.836789,184751
65695,2,2026-01-28,REGULAR,36022,18.090876,184756
65698,6,2026-01-28,PREMIUM,20034,19.155266,184761
65699,6,2026-01-28,PREMIUM,10026,19.155265,184760
65704,9,2026-01-28,REGULAR,30998,18.090876,184757
65710,4,2026-01-28,REGULAR,33501,17.980046,184768
65711,6,2026-01-28,REGULAR,36016,17.980046,184767
65738,2,2026-01-29,DIESEL,33548,19.936788,184853
65739,6,2026-01-29,DIESEL,33555,19.836789,184854
65740,10,2026-01-29,DIESEL,33536,19.836789,184855
65741,10,2026-01-29,REGULAR,33778,17.980046,184856
65743,12,2026-01-29,REGULAR,10029,17.860876,184868
65744,12,2026-01-29,PREMIUM,20046,18.900378,184869
65746,3,2026-01-29,REGULAR,33468,17.980046,184878
65747,10,2026-01-29,PREMIUM,29959,19.155265,184887
65749,10,2026-01-29,PREMIUM,30006,19.155265,184886
65789,1,2026-01-29,DIESEL,30039,19.936788,184858
65790,1,2026-01-29,REGULAR,30186,18.090876,184859
65791,2,2026-01-30,DIESEL,33509,19.936789,185008
65792,2,2026-01-30,REGULAR,36206,17.961471,185013
65795,9,2026-01-30,REGULAR,30099,17.961471,185023
65796,9,2026-01-30,DIESEL,29967,19.936788,185022
65801,4,2026-01-30,DIESEL,33463,19.836789,185026
65802,10,2026-01-30,DIESEL,33450,19.836789,185016
65803,10,2026-01-30,DIESEL,33477,19.836789,185015
65804,8,2026-01-30,REGULAR,10031,17.685393,185027
65805,8,2026-01-30,REGULAR,20031,17.685394,185028
65806,6,2026-01-30,REGULAR,36069,17.893839,185037
65837,7,2026-01-31,REGULAR,33716,17.853195,185145
65838,2,2026-01-31,DIESEL,36060,19.936789,185148
65839,1,2026-01-31,PREMIUM,30296,18.995809,185149
65840,1,2026-01-31,REGULAR,30168,18.013195,185150
65841,8,2026-01-31,REGULAR,33693,17.737118,185153
65842,8,2026-01-31,DIESEL,33557,19.730711,185152
65843,5,2026-01-31,REGULAR,31442,17.645264,185100
65854,10,2026-01-31,REGULAR,33911,17.893839,185170
65855,6,2026-01-31,REGULAR,36356,17.893839,185178
65857,10,2026-01-31,DIESEL,19994,19.836789,185172
65858,10,2026-01-31,DIESEL,10001,19.836788,185171
65859,11,2026-01-31,DIESEL,30013,19.786788,185203
65860,11,2026-01-31,REGULAR,30078,17.843839,185202
65875,6,2026-01-31,DIESEL,10042,19.836788,185222
65877,6,2026-01-31,DIESEL,10047,19.836788,185223
65904,1,2026-02-02,DIESEL,33523,19.936789,185373
65905,1,2026-02-02,REGULAR,33658,18.013195,185377
65906,9,2026-02-02,REGULAR,30173,18.013195,185379
65907,9,2026-02-02,DIESEL,30034,19.936789,185378
65910,10,2026-02-02,REGULAR,10072,17.893839,185390
65911,10,2026-02-02,REGULAR,20116,17.893839,185391
65917,8,2026-02-02,REGULAR,33569,17.737118,185400
65918,10,2026-02-02,DIESEL,35997,19.836789,185401
65919,5,2026-02-02,DIESEL,31519,19.638857,185396
65945,5,2026-02-03,REGULAR,31313,17.645264,185488
65950,4,2026-02-03,PREMIUM,34006,19.068964,185499
65951,2,2026-02-03,DIESEL,36095,19.936789,185500
65961,10,2026-02-03,REGULAR,10078,17.893839,185508
65962,10,2026-02-03,REGULAR,20106,17.893839,185509
65963,6,2026-02-03,REGULAR,36085,17.893839,185518
65970,10,2026-02-03,PREMIUM,33513,19.068964,185551
65971,10,2026-02-03,DIESEL,33452,19.836789,185550
65972,11,2026-02-03,DIESEL,29966,19.786789,185553
65973,11,2026-02-03,DIESEL,29957,19.786789,185552
65996,5,2026-02-04,PREMIUM,31724,18.737826,185609
66002,2,2026-02-04,REGULAR,36221,18.013195,185670
66003,7,2026-02-04,PREMIUM,33657,18.830809,185671
66004,8,2026-02-04,REGULAR,33650,17.737118,185675
66005,8,2026-02-04,DIESEL,33564,19.730711,185674
66016,9,2026-02-04,REGULAR,30044,18.013195,185703
66017,9,2026-02-04,PREMIUM,30060,18.995809,185702
66018,6,2026-02-04,REGULAR,36093,17.893839,185701
66019,12,2026-02-04,REGULAR,10033,17.783195,185696
66020,12,2026-02-04,REGULAR,20039,17.783195,185697
66027,4,2026-02-04,REGULAR,33556,17.893839,185709
66070,1,2026-02-05,REGULAR,33726,18.013195,185853
66073,10,2026-02-05,PREMIUM,30205,19.112067,185865
66074,10,2026-02-05,REGULAR,30269,17.893839,185864
66075,10,2026-02-05,DIESEL,33547,19.836789,185871
66076,10,2026-02-05,DIESEL,33560,19.836789,185870
66077,2,2026-02-05,DIESEL,36064,19.936789,185872
66078,3,2026-02-05,REGULAR,33697,17.893839,185887
66079,1,2026-02-05,REGULAR,10042,18.013195,185885
66080,1,2026-02-05,REGULAR,20051,18.013195,185886
66085,6,2026-02-05,DIESEL,36032,19.836789,185904
66095,5,2026-02-05,DIESEL,31019,19.638857,185873
66121,5,2026-02-06,REGULAR,31663,17.645264,186006
66135,8,2026-02-06,REGULAR,33576,17.737118,186080
66136,8,2026-02-06,PREMIUM,33682,18.819732,186079
66137,9,2026-02-06,REGULAR,30082,18.013195,186078
66138,9,2026-02-06,DIESEL,30054,19.936789,186077
66151,10,2026-02-06,DIESEL,33540,19.836789,186102
66152,2,2026-02-06,REGULAR,36061,18.013195,186089
66155,10,2026-02-06,REGULAR,10029,17.893839,186103
66157,10,2026-02-06,REGULAR,20014,17.893839,186104
66158,6,2026-02-06,REGULAR,36050,17.893839,186121
66177,1,2026-02-07,DIESEL,36087,19.936789,186229
66178,2,2026-02-07,DIESEL,33622,19.936789,186227
66179,8,2026-02-07,REGULAR,33743,17.737118,186234
66180,8,2026-02-07,DIESEL,33579,19.730711,186233
66181,11,2026-02-07,DIESEL,30106,19.786789,186246
66182,11,2026-02-07,REGULAR,30355,17.843839,186245
66183,6,2026-02-07,PREMIUM,10150,19.112067,186262
66184,6,2026-02-07,PREMIUM,20304,19.112067,186263
66185,10,2026-02-07,DIESEL,36148,19.836789,186264
66186,6,2026-02-07,REGULAR,33963,17.893839,186287
66241,6,2026-02-09,REGULAR,36155,17.893839,186488
66242,8,2026-02-09,DIESEL,33530,19.730711,186485
66243,8,2026-02-09,REGULAR,33572,17.737118,186486
66244,1,2026-02-09,DIESEL,30004,19.936789,186492
66245,1,2026-02-09,REGULAR,30074,18.013195,186493
66259,5,2026-02-09,REGULAR,31042,17.645264,186497
66270,4,2026-02-09,REGULAR,33525,17.893839,186498
66275,10,2026-02-09,PREMIUM,29902,19.112067,186543
66276,10,2026-02-09,DIESEL,30000,19.836789,186542
66277,2,2026-02-09,DIESEL,9999,19.936789,186499
66278,2,2026-02-09,DIESEL,19993,19.936789,186500
66301,5,2026-02-10,PREMIUM,31812,18.737826,186585
66319,9,2026-02-10,REGULAR,30194,18.013195,186676
66320,10,2026-02-10,DIESEL,30051,19.836789,186675
66321,2,2026-02-10,PREMIUM,10072,18.995809,186673
66322,2,2026-02-10,PREMIUM,20111,18.995809,186674
66323,6,2026-02-10,DIESEL,36062,19.836789,186681
66329,3,2026-02-10,DIESEL,33451,19.836789,186685
66330,10,2026-02-10,REGULAR,33581,17.893839,186688
66331,10,2026-02-10,PREMIUM,33420,19.112067,186689
66338,12,2026-02-10,DIESEL,9992,19.776789,186717
66339,12,2026-02-10,REGULAR,19943,17.783195,186718
66359,5,2026-02-11,DIESEL,31062,19.552650,186811
66361,5,2026-02-11,REGULAR,31243,17.645264,186812
66369,2,2026-02-11,REGULAR,33578,18.013195,186863
66370,2,2026-02-11,DIESEL,36025,19.850582,186872
66373,11,2026-02-11,DIESEL,30001,19.700582,186879
66374,11,2026-02-11,PREMIUM,30045,19.062067,186878
66375,4,2026-02-11,DIESEL,9992,19.750582,186880
66376,4,2026-02-11,DIESEL,19984,19.750582,186881
66383,10,2026-02-11,DIESEL,33432,19.750582,186882
66384,8,2026-02-11,REGULAR,33413,17.737118,186884
66385,6,2026-02-11,REGULAR,35818,17.893839,186892
66460,10,2026-02-11,REGULAR,33441,17.893839,186883
66416,1,2026-02-12,PREMIUM,33663,18.995809,187038
66417,1,2026-02-12,REGULAR,30047,18.013195,187041
66418,8,2026-02-12,REGULAR,33522,17.737118,187046
66419,8,2026-02-12,DIESEL,33535,19.644504,187045
66421,10,2026-02-12,DIESEL,30003,19.750582,187063
66422,11,2026-02-12,DIESEL,30012,19.700582,187064
66426,9,2026-02-12,REGULAR,33425,18.013195,187075
66427,12,2026-02-12,DIESEL,10004,19.690582,187065
66428,12,2026-02-12,REGULAR,19982,17.783195,187066
66429,9,2026-02-12,DIESEL,33477,19.850582,187074
66465,2,2026-02-13,REGULAR,33576,18.013195,187217
66466,10,2026-02-13,DIESEL,30018,19.535064,187232
66467,10,2026-02-13,DIESEL,30036,19.535064,187231
66468,2,2026-02-13,DIESEL,10011,19.635064,187229
66469,2,2026-02-13,DIESEL,20014,19.635064,187230
66470,6,2026-02-13,DIESEL,35952,19.535064,187240
66479,11,2026-02-13,REGULAR,33366,17.843839,187244
66480,10,2026-02-13,REGULAR,33379,17.893839,187247
66481,10,2026-02-13,PREMIUM,33462,19.112067,187248
66523,10,2026-02-14,DIESEL,36059,19.509202,187384
66524,9,2026-02-14,REGULAR,30040,17.987333,187383
66525,9,2026-02-14,PREMIUM,30170,18.969947,187382
66526,1,2026-02-14,DIESEL,33569,19.609202,187385
66527,1,2026-02-14,REGULAR,33545,17.987333,187386
66528,6,2026-02-14,REGULAR,33463,17.867977,187406
66529,11,2026-02-14,PREMIUM,10038,19.036205,187402
66530,11,2026-02-14,DIESEL,20020,19.459202,187403
66534,5,2026-02-14,REGULAR,31420,17.619402,187415
66571,6,2026-02-16,REGULAR,36180,17.867977,187581
66572,7,2026-02-16,DIESEL,30057,19.454202,187583
66573,7,2026-02-16,REGULAR,30050,17.827333,187584
66581,4,2026-02-16,REGULAR,33515,17.867977,187596
66582,10,2026-02-16,REGULAR,10016,17.867977,187597
66583,10,2026-02-16,REGULAR,19975,17.867977,187598
66584,8,2026-02-16,REGULAR,33382,17.711256,187617
66585,8,2026-02-16,PREMIUM,33366,18.793870,187616
66589,5,2026-02-16,PREMIUM,31385,18.711964,187621
66592,9,2026-02-16,DIESEL,29898,19.609202,187631
66593,9,2026-02-16,REGULAR,29884,17.987333,187632
66622,5,2026-02-17,REGULAR,31216,17.515954,187715
66636,10,2026-02-17,DIESEL,33393,19.405754,187773
66637,10,2026-02-17,DIESEL,33400,19.405754,187772
66642,2,2026-02-17,DIESEL,35958,19.505754,187769
66643,12,2026-02-17,PREMIUM,19955,18.839947,187784
66644,12,2026-02-17,REGULAR,9992,17.653885,187783
66645,6,2026-02-17,REGULAR,35884,17.764529,187791
66646,3,2026-02-17,REGULAR,33301,17.764529,187799
66647,10,2026-02-17,PREMIUM,29879,19.086205,187829
66648,10,2026-02-17,REGULAR,29940,17.764529,187828
66674,5,2026-02-18,DIESEL,31684,19.164719,187892
66691,2,2026-02-18,DIESEL,35880,19.462651,187942
66692,2,2026-02-18,REGULAR,33431,17.883885,187946
66693,1,2026-02-18,DIESEL,33450,19.462651,187950
66694,1,2026-02-18,REGULAR,33448,17.883885,187951
66702,11,2026-02-18,DIESEL,29904,19.312651,187981
66703,11,2026-02-18,DIESEL,29895,19.312651,187980
66704,6,2026-02-18,PREMIUM,9956,19.086205,187976
66705,6,2026-02-18,PREMIUM,19925,19.086205,187977
66708,8,2026-02-18,DIESEL,33386,19.256573,187999
66709,8,2026-02-18,REGULAR,33453,17.607807,188000
66710,6,2026-02-18,DIESEL,35910,19.362651,188007
66711,10,2026-02-18,DIESEL,33333,19.362651,188001
66749,10,2026-02-19,PREMIUM,30404,19.086205,188104
66750,10,2026-02-19,REGULAR,30412,17.764529,188103
66751,10,2026-02-19,DIESEL,33551,19.535064,188112
66752,10,2026-02-19,DIESEL,33661,19.535064,188111
66754,1,2026-02-19,REGULAR,30054,17.814919,188129
66757,2,2026-02-19,DIESEL,35907,19.635064,188133
66761,4,2026-02-19,REGULAR,20011,17.764529,188136
66762,4,2026-02-19,REGULAR,10025,17.764529,188135
66765,12,2026-02-19,REGULAR,33407,17.584919,188156
66766,6,2026-02-19,REGULAR,35921,17.764529,188150
66803,5,2026-02-20,REGULAR,31791,17.446988,188258
66808,9,2026-02-20,REGULAR,30182,17.814919,188293
66811,9,2026-02-20,DIESEL,29988,19.805899,188292
66812,8,2026-02-20,DIESEL,33406,19.599821,188294
66813,8,2026-02-20,REGULAR,33685,17.538842,188295
66814,2,2026-02-20,REGULAR,35959,17.814919,188307
66817,10,2026-02-20,DIESEL,9985,19.705899,188316
66818,10,2026-02-20,DIESEL,19960,19.705899,188317
66819,3,2026-02-20,REGULAR,33368,17.764529,188329
66822,6,2026-02-20,REGULAR,35846,17.764529,188346
66865,2,2026-02-21,DIESEL,35983,19.719692,188464
66866,1,2026-02-21,DIESEL,33469,19.719692,188478
66867,1,2026-02-21,REGULAR,33483,17.814919,188479
66868,11,2026-02-21,PREMIUM,30080,19.036205,188472
66869,11,2026-02-21,REGULAR,30052,17.628322,188471
66870,10,2026-02-21,DIESEL,9966,19.619692,188484
66871,10,2026-02-21,DIESEL,19926,19.619692,188485
66872,10,2026-02-21,REGULAR,33379,17.678322,188498
66873,6,2026-02-21,DIESEL,35918,19.619692,188502
66874,10,2026-02-21,DIESEL,33436,19.619692,188522
66875,10,2026-02-21,DIESEL,33439,19.619692,188521
66894,5,2026-02-21,DIESEL,30940,19.421761,188500
66923,5,2026-02-22,REGULAR,31615,17.446988,188607
66945,6,2026-02-23,REGULAR,36518,17.678322,188695
66946,8,2026-02-23,REGULAR,33596,17.538842,188696
66947,9,2026-02-23,PREMIUM,30349,18.900982,188699
66948,9,2026-02-23,REGULAR,30040,17.814919,188700
66959,4,2026-02-23,REGULAR,20287,17.678322,188702
66960,4,2026-02-23,REGULAR,10146,17.678322,188701
66967,5,2026-02-23,PREMIUM,31006,18.642999,188720
67008,1,2026-02-24,REGULAR,36209,17.711471,188870
67009,8,2026-02-24,DIESEL,33574,19.513614,188873
67014,10,2026-02-24,REGULAR,30121,17.678322,188880
67015,10,2026-02-24,PREMIUM,30084,19.086205,188881
67016,4,2026-02-24,DIESEL,20029,19.619692,188878
67017,4,2026-02-24,DIESEL,10019,19.619692,188877
67018,2,2026-02-24,DIESEL,36021,19.719692,188914
67068,11,2026-02-25,DIESEL,30075,19.569692,189076
67069,10,2026-02-25,DIESEL,30141,19.619692,189075
67070,9,2026-02-25,REGULAR,33646,17.642506,189083
67071,9,2026-02-25,DIESEL,33585,19.719692,189082
67078,1,2026-02-25,PREMIUM,20072,18.728568,189085
67079,1,2026-02-25,PREMIUM,10059,18.728568,189084
67080,2,2026-02-25,PREMIUM,33571,18.728568,189093
67083,6,2026-02-25,REGULAR,35959,17.678322,189119
67088,5,2026-02-25,REGULAR,31027,17.274574,189097
67094,12,2026-02-25,DIESEL,19994,19.559692,189121
67096,12,2026-02-25,REGULAR,9992,17.412506,189120
67101,8,2026-02-25,REGULAR,33404,17.366428,189147
67102,10,2026-02-25,PREMIUM,29989,19.086205,189149
67103,10,2026-02-25,DIESEL,30026,19.619692,189148
67117,8,2026-02-25,DIESEL,33527,19.513615,189146
67135,5,2026-02-26,DIESEL,31549,19.516588,189210
67157,1,2026-02-26,REGULAR,33638,17.642506,189270
67158,1,2026-02-26,DIESEL,33546,19.814520,189269
67159,2,2026-02-26,DIESEL,35953,19.814520,189287
67162,7,2026-02-26,REGULAR,33509,17.482506,189286
67163,6,2026-02-26,DIESEL,35950,19.714520,189309
67164,10,2026-02-26,DIESEL,33461,19.714520,189331
67165,10,2026-02-26,DIESEL,33463,19.714520,189330
67167,4,2026-02-26,REGULAR,33328,17.678322,189333
67210,6,2026-02-27,REGULAR,36446,17.764529,189450
67217,12,2026-02-27,REGULAR,30033,17.498712,189476
67225,2,2026-02-27,REGULAR,30004,17.728712,189482
67226,2,2026-02-27,REGULAR,30010,17.728712,189481
67229,6,2026-02-27,PREMIUM,33379,19.172412,189506
67230,8,2026-02-27,REGULAR,33437,17.452635,189527
67231,11,2026-02-27,DIESEL,33431,19.793830,189526
67232,9,2026-02-27,REGULAR,29925,17.728712,189532
67233,9,2026-02-27,DIESEL,29934,19.943830,189531
67236,10,2026-02-27,DIESEL,30041,19.843830,189577
67237,10,2026-02-27,DIESEL,30070,19.843830,189576
67283,6,2026-02-28,REGULAR,36252,17.919701,189675
67284,2,2026-02-28,DIESEL,29974,20.090382,189685
67285,2,2026-02-28,DIESEL,29987,20.090382,189684
67286,1,2026-02-28,REGULAR,33512,17.883885,189687
67292,8,2026-02-28,REGULAR,29863,17.607807,189707
67295,5,2026-02-28,REGULAR,30882,17.515954,189724
67303,6,2026-02-28,DIESEL,33436,19.990382,189743
67304,10,2026-02-28,PREMIUM,33357,19.327584,189721
67315,1,2026-02-28,DIESEL,33472,20.090381,189686
67316,10,2026-02-28,DIESEL,33335,19.990381,189720
67338,5,2026-03-02,PREMIUM,31363,18.711964,189903
67365,3,2026-03-02,REGULAR,33680,17.919701,189948
67366,8,2026-03-02,REGULAR,33453,17.607807,189957
67367,8,2026-03-02,PREMIUM,33513,18.793870,189956
67368,6,2026-03-02,REGULAR,35934,17.919701,189962
67384,5,2026-03-02,DIESEL,30857,19.792450,189996
67406,4,2026-03-03,DIESEL,33738,19.989676,190140
67407,2,2026-03-03,DIESEL,36270,20.089676,190139
67415,2,2026-03-03,REGULAR,33834,17.883885,190156
67430,9,2026-03-03,REGULAR,30021,17.883885,190165
67431,9,2026-03-03,REGULAR,33614,17.883885,190164
67432,1,2026-03-03,REGULAR,35978,17.883885,190177
67435,3,2026-03-03,DIESEL,33444,19.989676,190189
67442,5,2026-03-03,REGULAR,30947,17.515954,190192
67448,10,2026-03-03,DIESEL,33443,19.989676,190220
67517,10,2026-03-03,REGULAR,35856,18.040962,190199
67520,10,2026-03-03,DIESEL,33403,19.989676,190219
67495,4,2026-03-04,REGULAR,33867,18.038618,190313
67496,6,2026-03-04,REGULAR,36319,18.038618,190319
67497,11,2026-03-04,DIESEL,33574,19.939463,190328
67498,11,2026-03-04,DIESEL,33615,19.939463,190327
67503,3,2026-03-04,PREMIUM,33397,19.598857,190361
67506,6,2026-03-04,DIESEL,35814,19.989463,190363
67521,8,2026-03-04,REGULAR,33367,18.284519,190377
67522,8,2026-03-04,DIESEL,33498,19.883385,190376
67573,2,2026-03-05,DIESEL,33537,20.218773,190467
67574,9,2026-03-05,DIESEL,33412,20.218773,190469
67575,1,2026-03-05,DIESEL,33532,20.218773,190470
67576,1,2026-03-05,REGULAR,33503,18.689907,190471
67582,12,2026-03-05,REGULAR,33418,18.459907,190477
67584,10,2026-03-05,PREMIUM,33515,19.728167,190490
67585,10,2026-03-05,REGULAR,23260,18.167929,190499
67634,5,2026-03-05,REGULAR,30998,18.321977,190491
67618,2,2026-03-06,REGULAR,36157,18.689907,190545
67619,4,2026-03-06,REGULAR,33860,18.167929,190553
67633,6,2026-03-06,REGULAR,36446,18.167929,190557
67636,10,2026-03-06,DIESEL,33419,20.118773,190573
67637,10,2026-03-06,DIESEL,33447,20.118773,190572
67646,10,2026-03-06,DIESEL,35864,20.118773,190598
67647,8,2026-03-06,DIESEL,33360,20.012695,190616
67648,8,2026-03-06,REGULAR,33331,18.413830,190617
67649,10,2026-03-06,REGULAR,33428,18.167929,190620
67687,5,2026-03-06,DIESEL,30934,19.920842,190651
67704,5,2026-03-07,REGULAR,31801,18.633846,190678
67716,7,2026-03-07,REGULAR,20201,18.841777,190697
67717,7,2026-03-07,PREMIUM,10142,19.884038,190696
67718,6,2026-03-07,DIESEL,36203,22.505064,190702
67721,9,2026-03-07,PREMIUM,33517,20.049038,190715
67722,9,2026-03-07,REGULAR,33585,19.001777,190716
67725,4,2026-03-07,DIESEL,19951,22.505064,190719
67726,4,2026-03-07,PREMIUM,10054,19.888476,190718
67749,2,2026-03-07,DIESEL,35843,22.605064,190731
67750,6,2026-03-07,REGULAR,35836,18.857567,190737
67759,11,2026-03-07,DIESEL,33400,22.455064,190754
67760,11,2026-03-07,REGULAR,33403,18.807567,190753
67771,5,2026-03-08,PREMIUM,31725,19.791055,190771
67794,2,2026-03-09,DIESEL,36041,22.605064,190865
67795,8,2026-03-09,DIESEL,33449,22.398987,190868
67796,8,2026-03-09,REGULAR,33547,18.725699,190869
67797,1,2026-03-09,REGULAR,35918,19.001777,190881
67800,7,2026-03-09,DIESEL,29853,22.450064,190888
67801,10,2026-03-09,DIESEL,35867,22.505064,190911
67811,10,2026-03-09,REGULAR,33337,18.857567,190920
67812,10,2026-03-09,REGULAR,33304,18.857567,190919
67813,10,2026-03-09,PREMIUM,33400,19.888476,190923
67831,5,2026-03-10,REGULAR,31750,18.633846,190946
67838,1,2026-03-10,PREMIUM,33802,20.255934,190966
67839,1,2026-03-10,DIESEL,36052,22.605064,190978
67840,9,2026-03-10,REGULAR,33483,19.001777,190932
67846,10,2026-03-10,REGULAR,33492,18.857567,190998
67847,10,2026-03-10,REGULAR,33611,18.857567,190997
67854,6,2026-03-10,REGULAR,34559,18.857567,191004
67883,6,2026-03-11,PREMIUM,33584,19.888476,191069
67884,2,2026-03-11,REGULAR,33591,19.001777,191075
67885,2,2026-03-11,DIESEL,33569,22.605064,191074
67886,10,2026-03-11,DIESEL,33437,22.505064,191083
67899,5,2026-03-11,DIESEL,31223,22.307133,191058
67907,8,2026-03-11,REGULAR,33320,18.725699,191099
67908,8,2026-03-11,DIESEL,33372,22.398987,191098
67911,6,2026-03-11,DIESEL,35868,22.505064,191102
67912,3,2026-03-11,REGULAR,33226,18.857567,191107
67934,2,2026-03-12,PREMIUM,30234,20.264555,191168
67935,9,2026-03-12,DIESEL,33647,22.605064,191170
67936,9,2026-03-12,REGULAR,33712,19.001777,191171
67937,1,2026-03-12,REGULAR,33704,19.001777,191177
67938,6,2026-03-12,REGULAR,36265,18.857567,191178
67939,12,2026-03-12,REGULAR,33440,18.771777,191192
67966,10,2026-03-12,DIESEL,35965,22.505064,191199
67967,11,2026-03-12,DIESEL,33462,22.455064,191205
67968,11,2026-03-12,DIESEL,33456,22.455064,191204
67997,1,2026-03-13,DIESEL,33555,22.605064,191266
67998,10,2026-03-13,PREMIUM,33777,19.888476,191272
67999,10,2026-03-13,REGULAR,33836,18.857567,191271
68000,6,2026-03-13,REGULAR,36363,18.857567,191267
68003,5,2026-03-13,REGULAR,31238,18.633846,191265
68025,10,2026-03-13,PREMIUM,35828,19.888476,191290
68026,8,2026-03-13,REGULAR,33437,18.725699,191285
68029,10,2026-03-13,DIESEL,33414,22.505064,191295
68030,10,2026-03-13,DIESEL,33402,22.505064,191294
68047,2,2026-03-14,DIESEL,33624,22.975754,191321
68048,8,2026-03-14,PREMIUM,30441,21.933305,191327
68057,11,2026-03-14,PREMIUM,33752,21.735027,191333
68058,11,2026-03-14,REGULAR,33787,18.807567,191332
68059,6,2026-03-14,REGULAR,36223,18.857567,191341
68068,5,2026-03-14,PREMIUM,31014,21.851400,191342
68085,6,2026-03-14,DIESEL,35958,22.875754,191382
68086,9,2026-03-14,REGULAR,29937,19.001777,191389
68087,9,2026-03-14,DIESEL,33471,22.975754,191388
68131,2,2026-03-14,REGULAR,33495,19.001777,191376
68114,5,2026-03-15,DIESEL,31714,22.677823,191431
68119,10,2026-03-16,DIESEL,35988,22.875754,191501
68120,10,2026-03-16,REGULAR,33675,18.857567,191504
68129,7,2026-03-16,REGULAR,30000,18.841777,191507
68130,7,2026-03-16,PREMIUM,30034,21.944383,191506
68132,5,2026-03-16,REGULAR,31374,18.633846,191524
68134,8,2026-03-16,REGULAR,29934,18.725699,191528
68135,8,2026-03-16,DIESEL,29919,22.769677,191527
68136,10,2026-03-16,REGULAR,36037,18.857567,191532
68137,10,2026-03-16,DIESEL,33492,22.875754,191531
68157,1,2026-03-17,REGULAR,33830,19.001777,191573
68166,1,2026-03-17,DIESEL,33597,22.975754,191585
68167,6,2026-03-17,REGULAR,36261,18.857567,191587
68171,2,2026-03-17,DIESEL,30013,22.975754,191588
68177,2,2026-03-17,REGULAR,30128,19.001777,191589
68178,9,2026-03-17,DIESEL,33437,22.975754,191597
68179,10,2026-03-17,DIESEL,29949,22.875754,191608
68180,10,2026-03-17,PREMIUM,29989,21.785027,191609
68181,9,2026-03-17,REGULAR,35988,19.001777,191612
68192,4,2026-03-18,DIESEL,31584,22.875754,191644
68203,10,2026-03-18,REGULAR,33942,18.857567,191670
68204,8,2026-03-18,DIESEL,30166,22.769676,191671
68205,8,2026-03-18,REGULAR,30200,18.725699,191672
68211,5,2026-03-18,DIESEL,31018,22.677823,191676
68220,10,2026-03-18,DIESEL,33385,22.875754,191694
68227,10,2026-03-18,PREMIUM,29900,21.785027,191702
68228,10,2026-03-18,REGULAR,29839,18.857567,191701
68250,5,2026-03-19,REGULAR,31900,18.633846,191735
68262,12,2026-03-19,PREMIUM,30401,21.979383,191762
68263,12,2026-03-19,REGULAR,30174,18.771777,191763
68266,4,2026-03-19,REGULAR,33818,18.857567,191769
68267,6,2026-03-19,DIESEL,35986,22.875754,191771
68275,3,2026-03-19,REGULAR,33300,18.857567,191793
68281,6,2026-03-19,REGULAR,35800,18.857567,191795
68286,9,2026-03-19,PREMIUM,29882,22.109383,191797
68287,2,2026-03-19,DIESEL,29864,22.975754,191798
68300,1,2026-03-20,REGULAR,36406,19.001777,191823
68307,2,2026-03-20,DIESEL,36137,22.975754,191833
68309,12,2026-03-20,DIESEL,30132,22.815754,191845
68313,2,2026-03-20,REGULAR,36521,19.001777,191849
68314,6,2026-03-20,REGULAR,36355,18.857567,191869
68315,11,2026-03-20,DIESEL,29970,22.825754,191872
68316,11,2026-03-20,DIESEL,29993,22.825754,191871
68339,10,2026-03-20,PREMIUM,33652,21.785027,191880
68358,10,2026-03-20,DIESEL,29911,22.875754,191909
68359,10,2026-03-20,DIESEL,29920,22.875754,191908
68362,5,2026-03-20,PREMIUM,30882,21.851400,191905
68421,2,2026-03-21,DIESEL,33613,23.148168,191974
68422,1,2026-03-21,REGULAR,36121,19.001777,191973
68423,9,2026-03-21,DIESEL,30129,23.148168,191975
68424,9,2026-03-21,REGULAR,30026,19.001777,191976
68430,1,2026-03-21,DIESEL,33439,23.148168,191990
68431,10,2026-03-21,DIESEL,35932,23.048168,191994
68442,6,2026-03-21,PREMIUM,33384,22.457441,192006
68443,8,2026-03-21,REGULAR,29935,18.725699,192011
68444,8,2026-03-21,DIESEL,29929,22.942090,192010
68455,5,2026-03-22,REGULAR,31728,18.633846,192045
68470,6,2026-03-23,REGULAR,36159,18.857567,192111
68471,7,2026-03-23,DIESEL,33479,22.993168,192110
68477,5,2026-03-23,DIESEL,31033,22.850237,192107
68483,1,2026-03-23,PREMIUM,29955,22.799038,192116
68484,1,2026-03-23,REGULAR,29963,19.001777,192115
68494,8,2026-03-23,REGULAR,33401,18.725699,192142
68500,10,2026-03-23,REGULAR,33384,18.857567,192145
68501,10,2026-03-23,REGULAR,33378,18.857567,192144
68503,10,2026-03-23,DIESEL,29964,23.048168,192147
68504,10,2026-03-23,DIESEL,29947,23.048168,192146
68516,3,2026-03-24,DIESEL,33550,23.048168,192181
68529,6,2026-03-24,REGULAR,36203,18.805843,192232
68530,6,2026-03-24,DIESEL,33510,23.048168,192234
68531,9,2026-03-24,REGULAR,30049,18.975915,192240
68532,9,2026-03-24,DIESEL,29985,23.148168,192239
68535,5,2026-03-24,REGULAR,31501,18.607984,192252
68538,2,2026-03-24,DIESEL,29964,23.148168,192256
68541,4,2026-03-24,REGULAR,29924,18.805843,192269
68568,2,2026-03-25,REGULAR,36107,18.975915,192365
68571,12,2026-03-25,REGULAR,33604,18.745915,192364
68572,8,2026-03-25,REGULAR,33549,18.699837,192370
68573,8,2026-03-25,PREMIUM,33745,22.614339,192369
68574,11,2026-03-25,DIESEL,29986,23.308513,192368
68575,11,2026-03-25,DIESEL,30003,23.308513,192367
68580,10,2026-03-25,DIESEL,35925,23.358513,192382
68605,5,2026-03-26,DIESEL,31685,23.160582,192417
68624,2,2026-03-26,DIESEL,33512,23.458513,192456
68625,1,2026-03-26,REGULAR,36047,18.975915,192455
68626,10,2026-03-26,REGULAR,30076,18.814463,192459
68627,10,2026-03-26,REGULAR,30172,18.814463,192458
68628,10,2026-03-26,PREMIUM,33719,22.431579,192461
68629,10,2026-03-26,DIESEL,33499,23.358513,192460
68632,9,2026-03-26,REGULAR,33421,18.975915,192469
68634,6,2026-03-26,DIESEL,35922,23.358513,192476
68674,5,2026-03-27,REGULAR,31471,18.607984,192539
68678,7,2026-03-27,REGULAR,33851,18.815915,192556
68684,6,2026-03-27,REGULAR,36377,18.814463,192568
68685,11,2026-03-27,PREMIUM,30064,22.381579,192574
68686,11,2026-03-27,REGULAR,30272,18.764463,192573
68687,10,2026-03-27,DIESEL,33550,23.358513,192571
68688,10,2026-03-27,DIESEL,33503,23.358513,192572
68689,3,2026-03-27,REGULAR,33854,18.814463,192569
68692,2,2026-03-27,DIESEL,29989,23.458513,192577
68703,4,2026-03-27,DIESEL,29969,23.358513,192586
68705,6,2026-03-27,REGULAR,35847,18.814463,192589
68706,10,2026-03-27,PREMIUM,29972,22.431579,192599
68707,10,2026-03-27,REGULAR,29902,18.814463,192598
68708,8,2026-03-27,REGULAR,33420,18.699837,192597
68709,8,2026-03-27,DIESEL,33427,23.252435,192596
68730,2,2026-03-28,DIESEL,33569,23.277478,192644
68733,5,2026-03-28,PREMIUM,31888,22.868641,192624
68745,10,2026-03-28,DIESEL,33568,23.177478,192654
68746,1,2026-03-28,REGULAR,36202,18.975915,192657
68747,2,2026-03-28,PREMIUM,30156,23.126624,192660
68748,9,2026-03-28,REGULAR,30072,18.975915,192664
68749,9,2026-03-28,DIESEL,30024,23.277478,192663
68750,8,2026-03-28,REGULAR,33526,18.699837,192668
68751,8,2026-03-28,REGULAR,33548,18.699837,192667
68752,1,2026-03-28,DIESEL,35999,23.277478,192675
68753,10,2026-03-28,DIESEL,30002,23.177478,192672
68804,2,2026-03-30,REGULAR,33530,18.975915,192806
68805,6,2026-03-30,REGULAR,36137,18.814463,192807
68806,1,2026-03-30,REGULAR,30024,18.975915,192815
68808,1,2026-03-30,DIESEL,30033,23.277478,192814
68812,5,2026-03-30,REGULAR,31219,18.607984,192793
68816,9,2026-03-30,PREMIUM,30020,23.126624,192825
68817,8,2026-03-30,REGULAR,33488,18.699837,192830
68818,8,2026-03-30,DIESEL,33473,23.071401,192829
68819,4,2026-03-30,REGULAR,33612,18.814463,192842
68834,6,2026-03-30,DIESEL,36070,23.177478,192846
68835,10,2026-03-30,DIESEL,30044,23.177478,192850
68836,10,2026-03-30,REGULAR,30124,18.814463,192849
68852,11,2026-03-31,DIESEL,33717,23.127478,192889
68883,6,2026-03-31,REGULAR,36241,18.814463,192933
68887,9,2026-03-31,REGULAR,30064,18.975915,192935
68888,9,2026-03-31,DIESEL,30024,23.277478,192934
68892,10,2026-03-31,PREMIUM,33533,22.759165,192941
68893,10,2026-03-31,REGULAR,33663,18.814463,192940
68894,2,2026-03-31,DIESEL,30007,23.277478,192937
68897,12,2026-03-31,REGULAR,30006,18.745915,192956
68927,6,2026-04-01,PREMIUM,33760,22.759165,193035
68928,5,2026-04-01,DIESEL,31691,22.979547,192977
68935,10,2026-04-01,REGULAR,30176,18.814463,193044
68936,10,2026-04-01,DIESEL,30013,23.177478,193043
68937,4,2026-04-01,DIESEL,33523,23.177478,193042
68940,3,2026-04-01,REGULAR,30211,18.814463,193041
68990,1,2026-04-02,REGULAR,30096,18.975915,193117
68991,1,2026-04-02,DIESEL,30056,23.277478,193116
68992,11,2026-04-02,DIESEL,30032,23.127478,193119
68993,11,2026-04-02,DIESEL,30042,23.127478,193118
68994,2,2026-04-02,DIESEL,30036,23.277478,193126
68995,6,2026-04-02,REGULAR,36046,18.814463,193136
69008,9,2026-04-02,REGULAR,29963,18.975915,193139
69009,10,2026-04-02,DIESEL,33519,23.177478,193152
69010,10,2026-04-02,DIESEL,33474,23.177478,193151
69029,5,2026-04-02,REGULAR,31234,18.607984,193108
69042,10,2026-04-03,PREMIUM,30052,22.759165,193218
69043,10,2026-04-03,REGULAR,30171,18.814463,193217
69044,8,2026-04-03,REGULAR,33615,18.699837,193220
69045,8,2026-04-03,DIESEL,33513,23.071401,193219
69046,2,2026-04-03,REGULAR,36104,18.975915,193222
69047,6,2026-04-03,DIESEL,33524,23.177478,193223
69048,4,2026-04-03,REGULAR,30114,18.814463,193221
69057,11,2026-04-03,REGULAR,35932,18.764463,193227
69062,2,2026-04-04,DIESEL,33554,23.036099,193286
69063,4,2026-04-04,PREMIUM,30222,22.647096,193287
69064,6,2026-04-04,REGULAR,36191,18.814463,193294
69065,7,2026-04-04,REGULAR,33588,18.815915,193290
69066,1,2026-04-04,REGULAR,33521,18.975915,193291
69067,9,2026-04-04,DIESEL,30006,23.036099,193293
69068,10,2026-04-04,DIESEL,33482,22.936099,193297
69149,5,2026-04-05,REGULAR,31000,18.607984,193357
69132,12,2026-04-06,REGULAR,36185,18.745915,193408
69133,2,2026-04-06,REGULAR,30138,18.975915,193409
69134,2,2026-04-06,DIESEL,33591,23.036099,193411
69135,8,2026-04-06,REGULAR,29954,18.699837,193419
69136,8,2026-04-06,REGULAR,29999,18.699837,193418
69137,10,2026-04-06,PREMIUM,33496,22.647096,193421
69138,10,2026-04-06,REGULAR,33532,18.814463,193420
69140,6,2026-04-06,REGULAR,33470,18.814463,193423
69147,5,2026-04-06,PREMIUM,30977,22.687607,193424
69151,10,2026-04-06,DIESEL,29940,22.936099,193430
69184,7,2026-04-07,PREMIUM,30371,22.780589,193473
69185,5,2026-04-07,DIESEL,31174,22.738168,193464
69194,10,2026-04-07,DIESEL,33557,22.936099,193475
69195,9,2026-04-07,REGULAR,30087,18.975915,193476
69196,10,2026-04-07,REGULAR,36213,18.814463,193477
69197,11,2026-04-07,DIESEL,33506,22.886099,193479
69198,11,2026-04-07,PREMIUM,33717,22.597096,193478
69227,4,2026-04-08,REGULAR,33822,18.814463,193564
69228,7,2026-04-08,DIESEL,30115,22.881099,193565
69235,1,2026-04-08,PREMIUM,30110,22.945589,193576
69236,1,2026-04-08,REGULAR,30042,18.975915,193575
69246,8,2026-04-08,DIESEL,33490,22.830021,193578
69247,6,2026-04-08,DIESEL,35997,22.936099,193580
69250,8,2026-04-08,PREMIUM,30053,22.769512,193579
69257,2,2026-04-08,DIESEL,29959,23.036099,193603
69271,5,2026-04-09,REGULAR,31644,18.607984,193632
69293,6,2026-04-09,REGULAR,36048,18.814463,193701
69294,3,2026-04-09,DIESEL,33460,22.936099,193700
69295,10,2026-04-09,DIESEL,33440,22.936099,193702
69296,10,2026-04-09,DIESEL,33455,22.936099,193703
69297,9,2026-04-09,DIESEL,29970,23.036099,193705
69298,9,2026-04-09,REGULAR,29899,18.975915,193706
69299,2,2026-04-09,REGULAR,29930,18.975915,193704
69300,1,2026-04-09,REGULAR,29829,18.975915,193723
69347,1,2026-04-10,DIESEL,33546,22.991245,193807
69348,1,2026-04-10,DIESEL,33521,22.991245,193806
69349,10,2026-04-10,DIESEL,36054,22.891245,193808
69351,8,2026-04-10,REGULAR,33330,18.699837,193819
69352,11,2026-04-10,REGULAR,29995,18.764463,193822
69353,11,2026-04-10,DIESEL,29957,22.824004,193823
69355,6,2026-04-10,REGULAR,29966,18.814463,193824
69388,2,2026-04-11,DIESEL,36197,22.905039,193908
69389,10,2026-04-11,DIESEL,33685,22.805039,193907
69395,12,2026-04-11,REGULAR,31802,18.745915,193888
69407,10,2026-04-11,DIESEL,30078,22.805039,193926
69413,5,2026-04-11,DIESEL,31087,22.607107,193916
69417,10,2026-04-11,DIESEL,36034,22.805039,193932
69418,9,2026-04-11,DIESEL,29994,22.905039,193944
69419,9,2026-04-11,REGULAR,29896,18.975915,193945
69424,5,2026-04-11,REGULAR,31424,18.607984,193941
69426,8,2026-04-11,DIESEL,33474,22.698961,193951
69427,8,2026-04-11,REGULAR,33384,18.699837,193952
69459,12,2026-04-12,DIESEL,30994,22.745038,194039
69476,6,2026-04-13,DIESEL,30046,22.805039,194118
69489,10,2026-04-13,DIESEL,35987,22.805039,194144
69491,10,2026-04-13,REGULAR,29989,18.814463,194146
69492,10,2026-04-13,PREMIUM,30105,22.297733,194145
69493,6,2026-04-13,REGULAR,33480,18.814463,194147
69496,8,2026-04-13,REGULAR,33451,18.699837,194157
69497,9,2026-04-13,PREMIUM,29955,22.555508,194158
69541,2,2026-04-14,DIESEL,30000,22.747797,194235
69547,2,2026-04-14,REGULAR,33479,18.975915,194251
69548,6,2026-04-14,REGULAR,36098,18.814463,194254
69549,5,2026-04-14,REGULAR,30966,18.607984,194252
69552,1,2026-04-14,REGULAR,30002,18.975915,194258
69554,10,2026-04-14,DIESEL,33452,22.647797,194259
69558,9,2026-04-14,REGULAR,29833,18.975915,194279
69561,10,2026-04-14,REGULAR,33385,18.814463,194270
69563,10,2026-04-14,DIESEL,33436,22.647798,194260
69573,5,2026-04-15,PREMIUM,31671,22.133731,194310
69582,12,2026-04-15,PREMIUM,30057,22.261714,194373
69590,2,2026-04-15,DIESEL,35969,22.316763,194383
69592,10,2026-04-15,PREMIUM,33518,22.133940,194387
69593,4,2026-04-15,DIESEL,33454,22.216763,194382
69595,11,2026-04-15,DIESEL,29974,22.149521,194396
69596,11,2026-04-15,DIESEL,29952,22.149521,194395
69597,6,2026-04-15,REGULAR,35881,18.814463,194398
69634,6,2026-04-16,PREMIUM,30145,22.133940,194507
69640,2,2026-04-16,PREMIUM,30057,22.391714,194508
69647,5,2026-04-16,DIESEL,31062,21.889521,194457
69648,6,2026-04-16,DIESEL,35997,22.087452,194515
69653,1,2026-04-16,REGULAR,33413,18.975915,194519
69654,1,2026-04-16,DIESEL,33480,22.187452,194518
69655,9,2026-04-16,REGULAR,29911,18.975915,194517
69656,9,2026-04-16,DIESEL,29973,22.187452,194516
69657,3,2026-04-16,REGULAR,33483,18.814463,194531
69661,10,2026-04-16,DIESEL,33467,22.087452,194551
69662,10,2026-04-16,DIESEL,33406,22.087452,194550
69699,5,2026-04-17,REGULAR,31604,18.607984,194657
69714,12,2026-04-17,REGULAR,33446,18.745915,194669
69715,6,2026-04-17,REGULAR,36002,18.814463,194671
69718,4,2026-04-17,REGULAR,29981,18.814463,194672
69719,8,2026-04-17,REGULAR,33409,18.699837,194680
69720,10,2026-04-17,REGULAR,29939,18.814463,194682
69721,10,2026-04-17,DIESEL,30000,22.087452,194681
69867,2,2026-04-17,REGULAR,30081,18.975915,194658
69749,1,2026-04-18,DIESEL,30087,22.015039,194767
69750,7,2026-04-18,REGULAR,33520,18.815915,194783
69751,2,2026-04-18,DIESEL,36038,22.015039,194788
69757,2,2026-04-18,REGULAR,29916,18.975915,194808
69758,1,2026-04-18,REGULAR,35872,18.975915,194814
69759,9,2026-04-18,REGULAR,29892,18.975915,194816
69760,9,2026-04-18,DIESEL,30012,22.015039,194815
69761,8,2026-04-18,REGULAR,33384,18.699837,194819
69762,8,2026-04-18,DIESEL,33512,21.808961,194818
69765,10,2026-04-18,PREMIUM,33344,22.047733,194825
69777,5,2026-04-18,DIESEL,30944,21.717107,194849
69794,5,2026-04-19,REGULAR,31556,18.607984,194860
69816,6,2026-04-20,REGULAR,35948,18.814463,194991
69817,6,2026-04-20,DIESEL,33279,21.915039,194996
69828,10,2026-04-20,REGULAR,29879,18.814463,195011
69829,10,2026-04-20,DIESEL,29808,21.915039,195010
69830,8,2026-04-20,REGULAR,33346,18.699837,195014
69831,3,2026-04-20,PREMIUM,27894,22.047733,195020
69861,12,2026-04-21,REGULAR,21093,18.745915,195093
69866,1,2026-04-21,REGULAR,30080,18.975915,195133
69874,2,2026-04-21,DIESEL,35811,22.015039,195148
69887,4,2026-04-21,REGULAR,33491,18.814463,195152
69888,6,2026-04-21,REGULAR,35836,18.814463,195180
69889,11,2026-04-21,DIESEL,29787,21.847797,195185
69890,11,2026-04-21,DIESEL,29799,21.847797,195184
69893,10,2026-04-21,PREMIUM,33234,22.133940,195199
69894,10,2026-04-21,DIESEL,33260,21.915039,195198
69933,10,2026-04-22,REGULAR,29847,18.814463,195322
69934,8,2026-04-22,REGULAR,33308,18.699837,195336
69935,8,2026-04-22,DIESEL,33271,22.498616,195335
69947,6,2026-04-22,DIESEL,33293,22.604694,195339
69977,5,2026-04-22,REGULAR,31085,18.607984,195262
69989,9,2026-04-22,DIESEL,29818,22.704694,195314
69990,9,2026-04-22,REGULAR,29852,18.975915,195315
69991,6,2026-04-22,REGULAR,35850,18.814463,195320
69992,2,2026-04-22,REGULAR,29878,18.975915,195321
69961,5,2026-04-23,DIESEL,31064,22.587797,195393
69964,2,2026-04-23,DIESEL,33369,22.885728,195406
69982,3,2026-04-23,REGULAR,33705,18.814463,195431
70006,2,2026-04-23,DIESEL,35832,22.885728,195439
70007,1,2026-04-23,REGULAR,29925,18.975915,195443
70008,10,2026-04-23,DIESEL,33319,22.785728,195452
70009,10,2026-04-23,DIESEL,33320,22.785728,195451
70010,10,2026-04-23,REGULAR,35878,18.814463,195465
70011,10,2026-04-23,DIESEL,29848,22.785728,195475
70032,9,2026-04-24,REGULAR,33411,19.062122,195539
70033,6,2026-04-24,REGULAR,35915,18.900670,195561
70034,9,2026-04-24,DIESEL,29826,22.885728,195567
70054,10,2026-04-24,DIESEL,35787,22.785728,195648
70055,4,2026-04-24,REGULAR,33260,18.900670,195647
70060,5,2026-04-24,PREMIUM,29834,22.349249,195615
70100,10,2026-04-24,REGULAR,29853,18.900670,195649
70101,8,2026-04-24,PREMIUM,29849,22.431154,195586
70102,8,2026-04-24,REGULAR,29870,18.786044,195587
70092,5,2026-04-25,REGULAR,31210,18.694191,195677
70094,2,2026-04-25,REGULAR,30064,19.062122,195670
70095,6,2026-04-25,PREMIUM,30148,22.539113,195673
70096,2,2026-04-25,DIESEL,33477,22.885728,195662
70097,6,2026-04-25,DIESEL,33491,22.785728,195676
70098,1,2026-04-25,PREMIUM,30246,22.788266,195686
70099,1,2026-04-25,DIESEL,29964,22.885728,195685
70103,10,2026-04-25,PREMIUM,35826,22.539113,195722
70105,11,2026-04-25,DIESEL,33286,22.718487,195724
70160,11,2026-04-25,REGULAR,33458,18.850670,195723
70141,12,2026-04-26,REGULAR,10031,18.832122,195775
70143,12,2026-04-26,REGULAR,10031,18.832122,195776
70164,6,2026-04-27,REGULAR,33371,18.900670,195897
70169,6,2026-04-27,REGULAR,35816,18.900670,195901
70170,10,2026-04-27,REGULAR,29832,18.900670,195902
70171,9,2026-04-27,PREMIUM,29783,22.788266,195908
70172,9,2026-04-27,REGULAR,33281,19.062122,195907
70173,8,2026-04-27,DIESEL,29800,22.679651,195905
70181,5,2026-04-27,DIESEL,31257,22.587798,195929
70215,8,2026-04-27,REGULAR,29789,18.786044,195906
70220,2,2026-04-28,DIESEL,33515,22.971935,195981
70221,10,2026-04-28,REGULAR,36042,18.986877,196001
70233,7,2026-04-28,REGULAR,33332,18.988329,196014
70242,11,2026-04-28,REGULAR,29881,18.936877,196021
70243,11,2026-04-28,PREMIUM,29815,22.661527,196022
70245,9,2026-04-28,DIESEL,29792,22.971935,196026
70248,3,2026-04-28,DIESEL,33243,22.871935,196035
70252,10,2026-04-28,PREMIUM,35723,22.711527,196042
70253,5,2026-04-28,REGULAR,30731,18.780398,196047
70257,10,2026-04-28,DIESEL,33336,22.871935,196067
70258,10,2026-04-28,DIESEL,33306,22.871935,196066
70297,4,2026-04-28,DIESEL,29877,22.871935,196080
70283,2,2026-04-29,REGULAR,30105,19.234536,196105
70288,9,2026-04-29,REGULAR,30180,19.234536,196110
70289,8,2026-04-29,REGULAR,33693,18.958458,196111
70300,1,2026-04-29,DIESEL,35863,23.058142,196149
70305,1,2026-04-29,REGULAR,33322,19.234536,196161
70306,4,2026-04-29,REGULAR,33517,19.073084,196160
70312,10,2026-04-29,REGULAR,29846,19.073084,196163
70328,6,2026-04-29,REGULAR,35638,19.073084,196184
70334,12,2026-04-29,DIESEL,9931,22.898142,196206
70336,12,2026-04-29,DIESEL,9928,22.898142,196207
70367,10,2026-04-29,DIESEL,29827,22.958142,196162
70358,7,2026-04-30,DIESEL,35899,22.989349,196271
70361,1,2026-04-30,REGULAR,29822,19.320743,196290
70365,11,2026-04-30,DIESEL,29823,22.977108,196291
70376,10,2026-04-30,DIESEL,33279,23.044349,196298
70377,10,2026-04-30,DIESEL,33274,23.044349,196297
70380,6,2026-04-30,DIESEL,35753,23.044349,196299
70385,2,2026-04-30,DIESEL,29787,23.144349,196306
70386,10,2026-04-30,REGULAR,29657,19.159291,196310
70387,5,2026-04-30,REGULAR,31117,18.952812,196302
70394,12,2026-04-30,REGULAR,29610,19.090743,196322
70415,10,2026-05-01,PREMIUM,29885,23.401182,196390
70431,6,2026-05-01,REGULAR,35813,19.245498,196401
70432,2,2026-05-01,REGULAR,33300,19.406949,196400
70433,8,2026-05-01,REGULAR,29738,19.130872,196407
70434,8,2026-05-01,DIESEL,29825,23.024478,196406
70435,9,2026-05-01,REGULAR,33203,19.406949,196409
70436,9,2026-05-01,DIESEL,33291,23.230556,196408
70437,10,2026-05-01,DIESEL,33270,23.130556,196413
70475,6,2026-05-02,REGULAR,29968,18.995498,196439
70476,10,2026-05-02,DIESEL,33476,22.104694,196463
70477,2,2026-05-02,DIESEL,35762,22.204694,196487
70478,1,2026-05-02,REGULAR,33333,19.156949,196492
70479,1,2026-05-02,DIESEL,33270,22.204694,196491
70488,10,2026-05-02,REGULAR,29890,18.995498,196490
70489,10,2026-05-02,REGULAR,29960,18.995498,196489
70504,5,2026-05-02,PREMIUM,30676,23.004421,196513
70509,11,2026-05-02,DIESEL,35734,22.037452,196502
70524,5,2026-05-03,REGULAR,31377,18.789019,196586
70532,6,2026-05-04,REGULAR,35931,18.995498,196669
70533,3,2026-05-04,REGULAR,33387,18.995498,196670
70543,10,2026-05-04,DIESEL,29808,22.104694,196676
70544,10,2026-05-04,PREMIUM,29855,23.487389,196675
70545,8,2026-05-04,REGULAR,33287,18.880872,196679
70546,8,2026-05-04,DIESEL,33323,21.998616,196678
70547,6,2026-05-04,DIESEL,29802,22.104694,196677
70552,5,2026-05-04,DIESEL,30805,21.906763,196683
70595,7,2026-05-05,PREMIUM,30147,23.356025,196758
70601,10,2026-05-05,DIESEL,29881,22.234004,196772
70605,2,2026-05-05,REGULAR,35806,19.286260,196774
70610,1,2026-05-05,REGULAR,33320,19.286260,196773
70611,9,2026-05-05,REGULAR,29787,19.286260,196776
70612,9,2026-05-05,DIESEL,29850,22.334004,196775
70613,11,2026-05-05,REGULAR,33433,19.074808,196782
70614,11,2026-05-05,DIESEL,33309,22.166763,196783
70621,10,2026-05-05,REGULAR,35731,19.124808,196796
70623,10,2026-05-05,DIESEL,33234,22.234004,196800
70629,2,2026-05-06,PREMIUM,30186,23.521025,196848
70642,5,2026-05-06,REGULAR,31490,18.961433,196822
70662,4,2026-05-06,REGULAR,30047,19.124808,196862
70665,10,2026-05-06,REGULAR,29884,19.124808,196870
70666,10,2026-05-06,PREMIUM,29844,24.004630,196869
70667,8,2026-05-06,REGULAR,29744,19.053286,196872
70668,8,2026-05-06,REGULAR,33255,19.053286,196871
70669,6,2026-05-06,REGULAR,35761,19.124808,196876
70670,10,2026-05-06,DIESEL,33255,22.363314,196877
70721,12,2026-05-07,REGULAR,33317,18.797639,196969
70722,6,2026-05-07,DIESEL,35812,21.975383,196971
70723,1,2026-05-07,DIESEL,29844,22.075383,196968
70724,2,2026-05-07,DIESEL,33326,22.075383,196975
70725,2,2026-05-07,REGULAR,33277,19.027639,196976
70726,9,2026-05-07,PREMIUM,29813,23.133094,196981
70727,9,2026-05-07,DIESEL,29824,22.075383,196980
70771,5,2026-05-08,DIESEL,31522,21.777453,197021
70782,6,2026-05-08,REGULAR,35831,18.866187,197080
70783,3,2026-05-08,REGULAR,33438,18.866187,197075
70784,11,2026-05-08,DIESEL,29829,21.908142,197085
70785,11,2026-05-08,PREMIUM,29855,22.799458,197084
70793,7,2026-05-08,REGULAR,29793,18.867639,197086
70794,10,2026-05-08,DIESEL,33296,21.975383,197089
70795,10,2026-05-08,DIESEL,33292,21.975383,197090
70804,10,2026-05-08,REGULAR,29740,18.866187,197109
70842,5,2026-05-09,REGULAR,31105,18.659708,197163
70844,1,2026-05-09,REGULAR,30041,19.027639,197175
70845,1,2026-05-09,DIESEL,29901,21.902970,197174
70847,6,2026-05-09,PREMIUM,30104,22.840837,197187
70850,9,2026-05-09,REGULAR,33342,19.027639,197207
70851,10,2026-05-09,PREMIUM,35836,22.840837,197214
70856,8,2026-05-09,REGULAR,33308,18.751562,197218
70857,8,2026-05-09,DIESEL,33276,21.696892,197217
70858,2,2026-05-09,REGULAR,29801,19.027639,197233
70859,2,2026-05-09,DIESEL,29784,21.902970,197232
70871,6,2026-05-09,REGULAR,33305,18.866188,197249
70892,5,2026-05-10,PREMIUM,31228,22.849249,197280
70896,5,2026-05-11,REGULAR,31700,18.659708,197327
70906,6,2026-05-11,DIESEL,33447,21.802970,197351
70909,8,2026-05-11,REGULAR,29940,18.751562,197370
70910,8,2026-05-11,PREMIUM,29977,22.931154,197369
70912,10,2026-05-11,DIESEL,33359,21.802970,197374
70913,10,2026-05-11,REGULAR,33466,18.866187,197375
70916,6,2026-05-11,REGULAR,35901,18.866187,197382
70926,9,2026-05-11,DIESEL,29845,21.902970,197389
70934,11,2026-05-11,DIESEL,29850,21.735728,197410
70935,11,2026-05-11,PREMIUM,29891,22.790837,197409
70940,10,2026-05-11,DIESEL,29897,21.802970,197419
70976,12,2026-05-12,REGULAR,30045,18.883846,197455
70994,1,2026-05-12,REGULAR,33381,19.113846,197488
70995,2,2026-05-12,DIESEL,33338,21.902970,197487
70996,2,2026-05-12,DIESEL,33367,21.902970,197486
70998,10,2026-05-12,REGULAR,29984,18.952394,197490
70999,4,2026-05-12,REGULAR,35915,18.952394,197499
71003,9,2026-05-12,REGULAR,29981,19.113846,197509
71015,4,2026-05-13,DIESEL,29952,22.061590,197554
71019,5,2026-05-13,DIESEL,31034,21.863660,197534
71027,8,2026-05-13,REGULAR,33474,18.923975,197571
71028,8,2026-05-13,DIESEL,33386,21.955513,197570
71033,6,2026-05-13,REGULAR,35936,19.038601,197591
71035,10,2026-05-13,REGULAR,33461,19.038601,197592
71043,11,2026-05-13,REGULAR,33327,18.988601,197612
71044,11,2026-05-13,DIESEL,33314,21.994349,197613
71081,10,2026-05-13,DIESEL,29879,22.061591,197590
71070,12,2026-05-14,DIESEL,30115,21.829177,197649
71071,10,2026-05-14,PREMIUM,33848,22.927044,197656
71072,5,2026-05-14,REGULAR,31288,18.832122,197658
71085,2,2026-05-14,REGULAR,35860,19.200053,197703
71091,9,2026-05-14,REGULAR,29831,19.200053,197723
71092,9,2026-05-14,DIESEL,29855,21.989176,197722
71095,10,2026-05-14,DIESEL,33345,21.889176,197724
71096,6,2026-05-14,DIESEL,35804,21.889176,197729
71102,10,2026-05-14,PREMIUM,33385,22.927044,197725
71144,2,2026-05-15,DIESEL,33561,21.687452,197788
71155,3,2026-05-15,DIESEL,33366,21.587452,197818
71164,1,2026-05-15,REGULAR,30339,19.200053,197766
71165,6,2026-05-15,REGULAR,35834,19.038601,197823
71166,10,2026-05-15,REGULAR,33329,19.038601,197825
71167,10,2026-05-15,DIESEL,33349,21.587452,197824
71174,8,2026-05-15,REGULAR,29797,18.923975,197837
71176,8,2026-05-15,DIESEL,29841,21.481375,197836
71183,1,2026-05-15,DIESEL,29991,21.687453,197760
71192,5,2026-05-16,REGULAR,31554,18.832122,197883
71200,4,2026-05-16,REGULAR,30196,19.038601,197923
71218,2,2026-05-16,DIESEL,35950,21.902970,197938
71219,1,2026-05-16,DIESEL,29963,21.902970,197939
71220,1,2026-05-16,REGULAR,29947,19.200053,197940
71221,1,2026-05-16,PREMIUM,29987,22.934818,197944
71222,10,2026-05-16,DIESEL,33360,21.802970,197945
71224,10,2026-05-16,DIESEL,33344,21.802970,197946
71227,6,2026-05-16,REGULAR,35800,19.038601,197951
71235,9,2026-05-16,REGULAR,29636,19.200053,197966
71265,12,2026-05-17,REGULAR,31179,18.970053,198000
71271,5,2026-05-17,PREMIUM,30664,22.676835,198048
71293,9,2026-05-18,PREMIUM,29984,22.934818,198102
71294,9,2026-05-18,DIESEL,29907,21.902970,198101
71295,6,2026-05-18,DIESEL,35879,21.802970,198103
71296,3,2026-05-18,REGULAR,33396,19.038601,198107
71297,7,2026-05-18,DIESEL,33348,21.747970,198112
71298,7,2026-05-18,REGULAR,33295,19.040053,198113
71299,10,2026-05-18,PREMIUM,29829,22.686050,198118
71324,8,2026-05-18,REGULAR,29750,18.923975,198136
71325,8,2026-05-18,REGULAR,29802,18.923975,198137
71326,10,2026-05-18,DIESEL,33367,21.802970,198140
71327,10,2026-05-18,REGULAR,33283,19.038601,198141
71363,6,2026-05-19,REGULAR,36301,19.038601,198183
71364,9,2026-05-19,REGULAR,30045,19.200053,198184
71368,12,2026-05-19,PREMIUM,30103,22.804818,198193
71373,2,2026-05-19,REGULAR,33367,19.200053,198212
71374,2,2026-05-19,DIESEL,33459,22.032280,198211
71382,11,2026-05-19,DIESEL,29847,21.865039,198228
71383,11,2026-05-19,DIESEL,29849,21.865039,198227
71425,1,2026-05-19,REGULAR,33276,19.200053,198237
71412,5,2026-05-20,REGULAR,31260,18.832122,198264
71429,8,2026-05-20,DIESEL,29956,21.826202,198302
71433,6,2026-05-20,REGULAR,35973,19.038601,198330
71434,10,2026-05-20,REGULAR,33437,19.038601,198331
71439,10,2026-05-20,DIESEL,33348,21.932280,198345
71440,10,2026-05-20,DIESEL,33360,21.932280,198344
71441,8,2026-05-20,REGULAR,29851,18.923975,198342
71442,8,2026-05-20,REGULAR,29880,18.923975,198341
71451,5,2026-05-20,DIESEL,30843,21.734349,198353
71478,1,2026-05-21,REGULAR,30104,19.200053,198411
71492,1,2026-05-21,DIESEL,33405,21.773659,198432
71493,2,2026-05-21,REGULAR,29848,19.200053,198446
71494,9,2026-05-21,DIESEL,29882,21.773659,198455
71495,9,2026-05-21,REGULAR,29821,19.200053,198456
71496,2,2026-05-21,DIESEL,35867,21.773659,198457
71497,10,2026-05-21,REGULAR,33333,19.038601,198460
71498,10,2026-05-21,REGULAR,33360,19.038601,198459
71504,10,2026-05-21,PREMIUM,33289,22.496395,198469
71505,6,2026-05-21,DIESEL,35827,21.673659,198474
71506,5,2026-05-21,REGULAR,31272,18.832122,198468
71555,3,2026-05-22,REGULAR,33613,18.952394,198555
71556,2,2026-05-22,REGULAR,35953,19.113846,198557
71557,11,2026-05-22,DIESEL,29908,21.390901,198559
71558,11,2026-05-22,REGULAR,30052,18.902394,198558
71559,4,2026-05-22,REGULAR,29937,18.952394,198560
71560,10,2026-05-22,REGULAR,33431,18.952394,198562
71561,10,2026-05-22,DIESEL,33414,21.458142,198561
71574,6,2026-05-22,REGULAR,35851,18.952394,198572
71629,1,2026-05-23,DIESEL,30090,21.471935,198616
71630,6,2026-05-23,PREMIUM,30296,22.237774,198618
71631,2,2026-05-23,DIESEL,33489,21.471935,198647
71633,6,2026-05-23,REGULAR,36052,18.952394,198659
71634,9,2026-05-23,REGULAR,29929,19.113846,198662
71642,8,2026-05-23,REGULAR,29855,18.837768,198674
71643,8,2026-05-23,DIESEL,29914,21.265858,198673
71644,10,2026-05-23,REGULAR,33372,18.952394,198679
71645,10,2026-05-23,DIESEL,33388,21.371935,198678
71646,5,2026-05-23,DIESEL,30913,21.174004,198668
71686,5,2026-05-24,REGULAR,31610,18.745915,198746
71688,12,2026-05-24,REGULAR,31182,18.883846,198741
71710,4,2026-05-25,PREMIUM,29984,22.237774,198852
71723,8,2026-05-25,REGULAR,29817,18.837768,198857
71724,8,2026-05-25,PREMIUM,29946,22.241499,198856
71725,10,2026-05-25,REGULAR,33434,18.952394,198863
71726,10,2026-05-25,PREMIUM,33392,22.237774,198862
71727,6,2026-05-25,DIESEL,35875,21.371935,198867
71728,10,2026-05-25,DIESEL,19835,21.371935,198869
71729,10,2026-05-25,DIESEL,9970,21.371935,198868
71731,5,2026-05-25,PREMIUM,30814,22.159593,198872
71772,6,2026-05-26,REGULAR,36164,18.952394,198910
71773,2,2026-05-26,DIESEL,33567,21.127108,198911
71774,2,2026-05-26,REGULAR,33676,19.113846,198915
71782,1,2026-05-26,REGULAR,30147,19.113846,198932
71790,9,2026-05-26,DIESEL,29914,21.127108,198965
71791,9,2026-05-26,REGULAR,29825,19.113846,198966
71798,10,2026-05-26,DIESEL,33400,21.027108,198973
71799,10,2026-05-26,DIESEL,33394,21.027108,198972
71802,2,2026-05-27,PREMIUM,10021,22.417577,199046
71803,2,2026-05-27,PREMIUM,19880,22.417577,199047
71827,11,2026-05-27,DIESEL,29934,20.701245,199049
71828,11,2026-05-27,DIESEL,29940,20.701245,199048
71834,10,2026-05-27,REGULAR,33503,18.866187,199065
71835,6,2026-05-27,REGULAR,36036,18.866187,199064
71836,10,2026-05-27,PREMIUM,19886,22.237774,199067
71837,10,2026-05-27,DIESEL,9971,20.768487,199066
71841,5,2026-05-27,REGULAR,30804,18.659708,199068
71852,8,2026-05-27,REGULAR,29841,18.751562,199095
71853,8,2026-05-27,DIESEL,29913,20.662409,199094
71876,12,2026-05-28,REGULAR,29953,18.711432,199162
71883,10,2026-05-28,PREMIUM,33452,22.237774,199184
71884,2,2026-05-28,REGULAR,33384,18.941432,199180
71885,2,2026-05-28,DIESEL,33445,20.652970,199179
71886,1,2026-05-28,DIESEL,29952,20.652970,199181
71887,1,2026-05-28,REGULAR,29906,18.941432,199182
71888,6,2026-05-28,DIESEL,35924,20.552970,199185
71892,10,2026-05-28,DIESEL,33383,20.552970,199204
71893,10,2026-05-28,DIESEL,33397,20.552970,199203
71921,4,2026-05-29,REGULAR,30241,18.779981,199243
71943,5,2026-05-29,DIESEL,31475,20.311935,199278
71952,4,2026-05-29,DIESEL,29935,20.509866,199302
71953,9,2026-05-29,REGULAR,29881,18.941432,199307
71954,9,2026-05-29,DIESEL,29938,20.609866,199306
71955,7,2026-05-29,REGULAR,33410,18.781432,199305
71956,6,2026-05-29,REGULAR,35801,18.779981,199318
71957,10,2026-05-29,REGULAR,33306,18.779981,199324
71958,10,2026-05-29,DIESEL,33420,20.509866,199323
71968,3,2026-05-29,REGULAR,33254,18.779981,199340
71997,5,2026-05-30,REGULAR,31268,18.745915,199389
72006,10,2026-05-30,REGULAR,30046,19.038601,199440
72007,8,2026-05-30,REGULAR,33300,18.837768,199442
72008,8,2026-05-30,DIESEL,33444,20.921030,199441
72009,1,2026-05-30,REGULAR,29834,19.113846,199445
72016,2,2026-05-30,DIESEL,33441,21.127108,199420
72017,9,2026-05-30,DIESEL,33431,21.127108,199451
72024,6,2026-05-30,REGULAR,35718,19.038601,199464
72033,10,2026-05-30,DIESEL,29854,21.027108,199475
72063,1,2026-05-30,DIESEL,35940,21.127108,199434
72055,12,2026-05-31,DIESEL,10029,20.967108,199517
72057,12,2026-05-31,DIESEL,10002,20.967108,199518
72076,5,2026-06-01,REGULAR,31545,18.745915,199579
72084,11,2026-06-01,DIESEL,33365,20.959866,199603
72085,11,2026-06-01,REGULAR,33378,18.988601,199602
72086,9,2026-06-01,REGULAR,29834,19.113846,199611
72087,9,2026-06-01,PREMIUM,29839,22.417577,199610
72089,6,2026-06-01,REGULAR,29824,19.038601,199613
72090,10,2026-06-01,PREMIUM,33259,22.410188,199614
72092,10,2026-06-01,REGULAR,19766,19.038601,199631
72093,10,2026-06-01,REGULAR,10039,19.038601,199630
72113,8,2026-06-01,REGULAR,29900,18.837768,199657
72114,10,2026-06-01,DIESEL,33456,21.027108,199662
72115,10,2026-06-01,DIESEL,33462,21.027108,199661
72138,6,2026-06-02,DIESEL,33547,21.458142,199703
72150,9,2026-06-02,DIESEL,10100,21.558142,199715
72151,9,2026-06-02,DIESEL,19882,21.558142,199716
72160,7,2026-06-02,PREMIUM,29995,22.252577,199733
72164,5,2026-06-02,DIESEL,30895,21.260211,199745
72167,1,2026-06-02,PREMIUM,29756,22.417577,199756
72168,2,2026-06-02,REGULAR,33205,19.200053,199761
72169,2,2026-06-02,DIESEL,33365,21.558142,199760
72170,10,2026-06-02,DIESEL,29898,21.458142,199759
72203,5,2026-06-03,PREMIUM,31763,22.159593,199815
72210,6,2026-06-03,DIESEL,29942,21.665039,199833
72211,6,2026-06-03,REGULAR,33450,19.038601,199836
72212,8,2026-06-03,REGULAR,29883,18.923975,199834
72217,10,2026-06-03,REGULAR,33275,19.038601,199847
72218,10,2026-06-03,DIESEL,33330,21.665039,199846
72219,3,2026-06-03,PREMIUM,10045,22.410188,199841
72220,3,2026-06-03,PREMIUM,19757,22.410188,199842
72235,7,2026-06-04,DIESEL,33504,21.885901,199927
72236,6,2026-06-04,REGULAR,33405,19.038601,199953
72239,3,2026-06-04,DIESEL,19853,21.940901,199960
72240,3,2026-06-04,DIESEL,10076,21.940901,199959
72241,12,2026-06-04,REGULAR,29865,18.970053,199963
72242,2,2026-06-04,REGULAR,33376,19.200053,199956
72243,2,2026-06-04,DIESEL,33402,22.040901,199955
72271,10,2026-06-04,PREMIUM,33411,22.410188,199991
72272,10,2026-06-04,DIESEL,33371,21.940901,199990
72273,9,2026-06-04,REGULAR,29884,19.200053,199993
72314,5,2026-06-04,REGULAR,31057,18.832122,199926
72318,9,2026-06-04,REGULAR,29884,19.200053,199993
72368,9,2026-06-04,REGULAR,29829,19.200053,199992
72319,6,2026-06-05,REGULAR,30094,18.779981,200081
72320,4,2026-06-05,REGULAR,33612,18.779981,200082
72321,10,2026-06-05,REGULAR,33524,18.779981,200092
72322,10,2026-06-05,DIESEL,33455,21.665039,200091
72330,10,2026-06-05,REGULAR,19874,18.779981,200102
72343,10,2026-06-05,REGULAR,10096,18.779981,200101
72347,1,2026-06-05,REGULAR,29946,18.941432,200112
72348,1,2026-06-05,DIESEL,29946,21.765039,200111
72369,11,2026-06-05,DIESEL,29958,21.597797,200145
72370,11,2026-06-05,DIESEL,29952,21.597797,200144
72380,2,2026-06-06,DIESEL,33479,21.765039,200199
72381,1,2026-06-06,DIESEL,19875,21.765039,200202
72382,1,2026-06-06,DIESEL,10091,21.765039,200201
72383,1,2026-06-06,REGULAR,29952,19.113846,200216
72392,9,2026-06-06,DIESEL,29928,21.765039,200245
72393,8,2026-06-06,DIESEL,33420,21.558961,200253
72394,8,2026-06-06,REGULAR,33370,18.837768,200254
72395,6,2026-06-06,REGULAR,29946,18.952394,200263
72454,5,2026-06-07,REGULAR,31520,18.745915,200345
72475,6,2026-06-08,PREMIUM,29945,22.617084,200445
72476,10,2026-06-08,DIESEL,33433,21.665039,200452
72477,10,2026-06-08,PREMIUM,33468,22.617084,200454
72478,10,2026-06-08,REGULAR,33431,18.952394,200453
72479,8,2026-06-08,PREMIUM,29967,22.241499,200455
72480,8,2026-06-08,REGULAR,29960,18.837768,200456
72485,10,2026-06-08,DIESEL,19864,21.665039,200460
72486,10,2026-06-08,DIESEL,10083,21.665039,200459
72513,5,2026-06-08,DIESEL,31525,21.467107,200496
72524,4,2026-06-09,REGULAR,10125,19.124808,200582
72525,4,2026-06-09,REGULAR,19921,19.124808,200583
72526,2,2026-06-09,REGULAR,33511,19.286260,200587
72527,2,2026-06-09,DIESEL,33484,21.765039,200586
72534,1,2026-06-09,DIESEL,29982,21.765039,200590
72535,1,2026-06-09,DIESEL,29982,21.765039,200590
72536,1,2026-06-09,REGULAR,30003,19.286260,200591
72555,10,2026-06-09,DIESEL,33511,21.665039,200610
72560,9,2026-06-09,REGULAR,29987,19.286260,200623
72561,9,2026-06-09,DIESEL,29979,21.765039,200622
72575,5,2026-06-09,REGULAR,30986,18.918329,200629
72592,6,2026-06-10,REGULAR,36247,19.124808,200654
72593,6,2026-06-10,DIESEL,33577,21.665039,200655
72601,7,2026-06-10,REGULAR,10142,19.126260,200665
72602,7,2026-06-10,REGULAR,10142,19.126260,200665
72603,7,2026-06-10,REGULAR,19958,19.126260,200666
72604,7,2026-06-10,REGULAR,19958,19.126260,200666
72607,12,2026-06-10,REGULAR,29928,19.056260,200699
72608,12,2026-06-10,DIESEL,29963,21.605039,200698
72609,11,2026-06-10,DIESEL,10091,21.597797,200703
72610,11,2026-06-10,DIESEL,19882,21.597797,200704
72611,11,2026-06-10,DIESEL,19882,21.597797,200704
72612,10,2026-06-10,REGULAR,33425,19.124808,200708
72649,8,2026-06-10,REGULAR,33408,19.010182,200716
72650,8,2026-06-10,DIESEL,33470,21.558961,200715
72651,6,2026-06-10,REGULAR,36247,19.124808,200654
72652,6,2026-06-10,REGULAR,35942,19.124808,200705
72708,6,2026-06-10,REGULAR,35942,19.124808,200705
72683,10,2026-06-11,DIESEL,10067,21.665039,200801
72684,10,2026-06-11,DIESEL,19828,21.665039,200802
72685,3,2026-06-11,REGULAR,33408,19.124808,200813
72686,2,2026-06-11,DIESEL,33361,21.765039,200817
72687,10,2026-06-11,PREMIUM,35882,22.832602,200814
72688,11,2026-06-11,REGULAR,29865,19.074808,200819
72689,11,2026-06-11,DIESEL,29860,21.597797,200820
72709,10,2026-06-11,DIESEL,33360,21.665039,200834
72710,10,2026-06-11,DIESEL,33333,21.665039,200833
72712,5,2026-06-11,PREMIUM,30823,22.263042,200837
72726,2,2026-06-11,REGULAR,16006,19.286260,48870
72728,2,2026-06-11,REGULAR,15997,19.286260,48871
72750,6,2026-06-12,DIESEL,10067,21.665039,200912
72751,6,2026-06-12,DIESEL,19823,21.665039,200913
72752,1,2026-06-12,DIESEL,33373,21.765039,200925
72753,6,2026-06-12,REGULAR,35945,19.124808,200922
72767,9,2026-06-12,DIESEL,29863,21.765039,200940
72768,10,2026-06-12,DIESEL,33347,21.665039,200943
72769,10,2026-06-12,REGULAR,33271,19.124808,200944
72803,5,2026-06-13,REGULAR,30954,18.918329,48978
72805,2,2026-06-13,DIESEL,19841,21.678832,201006
72806,2,2026-06-13,DIESEL,10074,21.678832,201005
72807,6,2026-06-13,REGULAR,36214,19.124808,201013
72808,4,2026-06-13,REGULAR,33646,19.124808,201018
72809,8,2026-06-13,DIESEL,29896,21.472754,201033
72810,10,2026-06-13,REGULAR,33429,19.124808,201035
72811,10,2026-06-13,DIESEL,33384,21.578832,201034
72813,5,2026-06-13,DIESEL,31379,21.380900,201046
72846,8,2026-06-13,REGULAR,31016,19.010183,49026
72848,9,2026-06-13,REGULAR,30943,19.286260,49027
72940,9,2026-06-13,REGULAR,10130,19.286260,201072
72851,5,2026-06-14,REGULAR,15702,18.918329,49058
72867,6,2026-06-15,REGULAR,35820,19.124808,201156
72870,10,2026-06-15,REGULAR,33237,19.124808,201164
72871,10,2026-06-15,DIESEL,33367,21.578832,201163
72872,10,2026-06-15,REGULAR,29778,19.124808,201170
72873,10,2026-06-15,REGULAR,29772,19.124808,201169
72874,10,2026-06-15,PREMIUM,19738,22.703291,201174
72875,10,2026-06-15,PREMIUM,10037,22.703291,201173
72882,1,2026-06-15,REGULAR,29834,19.286260,201157
72923,8,2026-06-15,REGULAR,30926,19.010183,49135
72925,12,2026-06-15,REGULAR,30918,19.056260,49136
72936,6,2026-06-16,DIESEL,10112,21.320211,201228
72937,6,2026-06-16,DIESEL,19907,21.320211,201229
72963,2,2026-06-16,DIESEL,35874,21.420211,201259
72964,3,2026-06-16,DIESEL,33400,21.320211,201260
72965,9,2026-06-16,DIESEL,29895,21.420211,201265
72966,11,2026-06-16,DIESEL,33366,21.252970,201267
72967,11,2026-06-16,DIESEL,33375,21.252970,201266
72982,6,2026-06-16,REGULAR,35835,19.124808,201271
72989,9,2026-06-16,PREMIUM,30982,22.391714,49213
72991,9,2026-06-16,REGULAR,30936,19.286260,49214
72993,2,2026-06-16,REGULAR,31421,19.286260,49219
72999,5,2026-06-17,REGULAR,31065,18.832122,49221
73027,2,2026-06-17,DIESEL,33406,21.420211,201362
73030,8,2026-06-17,DIESEL,10073,21.214133,201360
73033,8,2026-06-17,DIESEL,19843,21.214133,201361
73034,1,2026-06-17,DIESEL,35910,21.420211,201367
73035,10,2026-06-17,REGULAR,29952,19.038601,201371
73036,10,2026-06-17,PREMIUM,29920,22.703291,201372
73039,4,2026-06-17,DIESEL,33400,21.320211,201381
73040,10,2026-06-17,DIESEL,33392,21.320211,201383
73041,10,2026-06-17,DIESEL,33393,21.320211,201382
73043,5,2026-06-17,REGULAR,30930,18.832122,201377
73060,1,2026-06-17,REGULAR,15931,19.200053,49287
73062,1,2026-06-17,REGULAR,15919,19.200053,49288
73089,4,2026-06-18,REGULAR,10166,19.167912,201445
73090,4,2026-06-18,REGULAR,20021,19.167912,201446
73099,2,2026-06-18,REGULAR,33413,19.200053,201470
73100,2,2026-06-18,DIESEL,33382,21.290901,201469
73101,1,2026-06-18,REGULAR,35921,19.200053,201472
73102,11,2026-06-18,DIESEL,29895,21.123659,201477
73103,11,2026-06-18,REGULAR,29988,19.117912,201476
73104,7,2026-06-18,REGULAR,33400,19.040053,201471
73105,6,2026-06-18,DIESEL,33357,21.190901,201496
73106,6,2026-06-18,PREMIUM,29864,22.703291,201497
73126,2,2026-06-18,PREMIUM,30792,22.391715,49322
73137,6,2026-06-18,REGULAR,35831,19.167912,201498
73136,8,2026-06-19,REGULAR,36282,19.010182,201557
73138,1,2026-06-19,REGULAR,33724,19.286260,201558
73153,3,2026-06-19,REGULAR,33444,19.167912,201592
73154,9,2026-06-19,REGULAR,29907,19.286260,201604
73155,9,2026-06-19,DIESEL,29895,21.290901,201603
73156,10,2026-06-19,DIESEL,33373,21.190901,201606
73157,10,2026-06-19,DIESEL,33383,21.190901,201605
73164,5,2026-06-19,REGULAR,30952,18.918329,201584
73166,1,2026-06-19,PREMIUM,31492,22.391715,49358
73174,6,2026-06-19,REGULAR,29833,19.167912,201616
73298,5,2026-06-19,DIESEL,30972,20.992970,201550
73203,2,2026-06-20,DIESEL,33467,21.377108,201643
73204,1,2026-06-20,DIESEL,33467,21.377108,201644
73205,9,2026-06-20,REGULAR,29918,19.458674,201667
73206,10,2026-06-20,REGULAR,30014,19.340325,201666
73207,8,2026-06-20,REGULAR,33409,19.182596,201673
73208,8,2026-06-20,DIESEL,33410,21.171030,201672
73209,6,2026-06-20,DIESEL,19840,21.277108,201679
73210,6,2026-06-20,REGULAR,10083,19.340325,201678
73211,12,2026-06-20,REGULAR,35881,19.228674,201677
73238,5,2026-06-20,PREMIUM,31099,22.099249,201729
73264,5,2026-06-21,REGULAR,31328,19.090743,201791
73292,6,2026-06-22,REGULAR,36079,19.340325,201841
73293,7,2026-06-22,DIESEL,33417,21.222108,201852
73294,10,2026-06-22,DIESEL,33426,21.277108,201854
73295,10,2026-06-22,DIESEL,33431,21.277108,201853
73296,8,2026-06-22,REGULAR,29950,19.182596,201855
73297,8,2026-06-22,PREMIUM,29860,22.181154,201856
73300,10,2026-06-22,REGULAR,29950,19.340325,201855
73311,9,2026-06-22,DIESEL,33367,21.377108,201866
73321,9,2026-06-22,REGULAR,35929,19.458674,201879
73322,12,2026-06-22,PREMIUM,19833,22.227232,201878
73323,12,2026-06-22,PREMIUM,10063,22.227232,201877
73359,10,2026-06-23,DIESEL,35964,21.277108,201939
73360,10,2026-06-23,PREMIUM,33386,22.315360,201969
73361,10,2026-06-23,REGULAR,33374,19.340325,201968
73381,2,2026-06-23,DIESEL,29931,21.377108,201966
73382,2,2026-06-23,REGULAR,29885,19.458674,201967
73380,6,2026-06-24,REGULAR,36305,19.340325,201991
73416,11,2026-06-24,DIESEL,29901,21.209866,202021
73417,11,2026-06-24,DIESEL,29961,21.209866,202020
73418,1,2026-06-24,REGULAR,33599,19.458674,202023
73419,1,2026-06-24,DIESEL,33464,21.377108,202022
73420,10,2026-06-24,DIESEL,33367,21.277108,202037
73425,12,2026-06-24,REGULAR,10074,19.228674,202050
73426,12,2026-06-24,REGULAR,19830,19.228674,202051
73427,8,2026-06-24,REGULAR,33379,19.182596,202055
73428,8,2026-06-24,DIESEL,33386,21.171030,202054
73447,5,2026-06-24,REGULAR,30915,19.090743,202068
73480,2,2026-06-25,REGULAR,33388,19.458674,202122
73481,2,2026-06-25,DIESEL,35954,21.377108,202121
73483,4,2026-06-25,REGULAR,19858,19.340325,202138
73484,4,2026-06-25,REGULAR,10110,19.340325,202137
73485,6,2026-06-25,DIESEL,33383,21.277108,202139
73488,9,2026-06-25,DIESEL,29894,21.377108,202140
73489,9,2026-06-25,REGULAR,29836,19.458674,202141
73508,8,2026-06-25,REGULAR,35733,19.182596,202151
73509,3,2026-06-25,REGULAR,33341,19.340325,202146
73516,5,2026-06-25,DIESEL,31391,21.079177,202159
73535,10,2026-06-26,PREMIUM,10192,22.420533,202184
73536,10,2026-06-26,PREMIUM,20054,22.420533,202185
73538,6,2026-06-26,REGULAR,35960,19.340325,202216
73539,10,2026-06-26,REGULAR,33397,19.340325,202217
73540,11,2026-06-26,PREMIUM,29890,22.370533,202221
73541,11,2026-06-26,REGULAR,29878,19.290325,202220
73548,10,2026-06-26,DIESEL,33366,21.462452,202223
73549,10,2026-06-26,DIESEL,33400,21.462452,202224
73552,7,2026-06-27,REGULAR,33520,19.255570,202280
73553,9,2026-06-27,PREMIUM,19967,22.165852,202283
73554,8,2026-06-27,PREMIUM,10154,21.989775,202282
73555,1,2026-06-27,REGULAR,33402,19.415570,202301
73556,1,2026-06-27,DIESEL,33444,21.562452,202300
73557,8,2026-06-27,DIESEL,29935,21.356375,202303
73558,8,2026-06-27,REGULAR,29892,19.139493,202304
73559,2,2026-06-27,DIESEL,35903,21.562452,202305
73609,2,2026-06-27,REGULAR,33339,19.415570,202324
73610,6,2026-06-27,REGULAR,35905,19.297222,202323
73611,9,2026-06-27,REGULAR,33294,19.415570,202330
73612,9,2026-06-27,DIESEL,33383,21.562452,202329
73629,5,2026-06-27,REGULAR,31205,19.047639,202257
73650,5,2026-06-28,PREMIUM,31766,21.907869,202369
73661,6,2026-06-29,REGULAR,36066,19.297222,202474
73662,12,2026-06-29,DIESEL,29944,21.402452,202476
73663,12,2026-06-29,REGULAR,30014,19.185570,202477
73664,3,2026-06-29,REGULAR,33443,19.297222,202483
73672,10,2026-06-29,DIESEL,33414,21.462452,202486
73673,10,2026-06-29,DIESEL,33424,21.462452,202485
73674,8,2026-06-29,REGULAR,19833,19.139493,202490
73675,8,2026-06-29,REGULAR,10077,19.139493,202489
73693,6,2026-06-29,DIESEL,35954,21.462452,202506
73729,5,2026-06-30,REGULAR,31743,19.047639,202550
73739,1,2026-06-30,PREMIUM,10162,22.165852,202565
73740,1,2026-06-30,DIESEL,19880,21.734866,202566
73757,1,2026-06-30,REGULAR,35914,19.415570,202597
73758,9,2026-06-30,DIESEL,33440,21.734866,202601
73760,2,2026-06-30,REGULAR,29844,19.415570,202616
73761,2,2026-06-30,DIESEL,29946,21.734866,202615
73762,10,2026-06-30,REGULAR,33402,19.297222,202622
73763,10,2026-06-30,REGULAR,33440,19.297222,202621
73764,4,2026-06-30,REGULAR,19853,19.297222,202618
73765,4,2026-06-30,REGULAR,10091,19.297222,202617
73775,10,2026-06-30,PREMIUM,35817,22.463636,202641
73778,11,2026-06-30,DIESEL,29913,21.567625,202645
73804,10,2026-07-01,REGULAR,33488,19.297222,202731
73807,8,2026-07-01,REGULAR,29969,19.139493,202737
73808,8,2026-07-01,DIESEL,29976,21.614995,202736
73829,10,2026-07-01,DIESEL,33455,21.721073,202743
73831,10,2026-07-01,DIESEL,33466,21.721073,202742
73834,9,2026-07-01,REGULAR,10083,19.415570,202740
73835,9,2026-07-01,REGULAR,19844,19.415570,202741
73838,5,2026-07-01,DIESEL,30895,21.523142,202753
73861,6,2026-07-01,REGULAR,35980,19.297222,202730
73864,4,2026-07-02,DIESEL,33424,21.721073,202820
73865,6,2026-07-02,REGULAR,36206,18.995498,202821
73870,10,2026-07-02,PREMIUM,10202,22.463636,202789
73871,10,2026-07-02,PREMIUM,20099,22.463636,202790
73893,2,2026-07-02,REGULAR,33417,19.113846,202833
73894,2,2026-07-02,DIESEL,33413,21.821073,202832
73896,11,2026-07-02,DIESEL,29894,21.653832,202839
73897,11,2026-07-02,DIESEL,29914,21.653832,202838
73901,11,2026-07-02,REGULAR,33344,18.945498,202852
73902,11,2026-07-02,PREMIUM,33320,22.413636,202851
73903,10,2026-07-03,REGULAR,20035,18.866187,202899
73904,10,2026-07-03,REGULAR,10178,18.866187,202898
73932,3,2026-07-03,DIESEL,33423,21.669349,202918
73933,9,2026-07-03,REGULAR,29853,19.027639,202922
73934,9,2026-07-03,DIESEL,29922,21.769349,202921
73935,10,2026-07-03,DIESEL,33406,21.669349,202932
73936,10,2026-07-03,DIESEL,33417,21.669349,202931
73946,5,2026-07-03,REGULAR,31413,18.659708,202908
73961,6,2026-07-03,DIESEL,35914,21.669349,202951
73980,2,2026-07-04,DIESEL,9991,21.640038,202989
73981,2,2026-07-04,DIESEL,19885,21.640038,202990
73982,2,2026-07-04,DIESEL,33524,21.640039,202995
73994,6,2026-07-04,PREMIUM,10144,22.420533,203017
73995,6,2026-07-04,PREMIUM,19931,22.420533,203018
73998,12,2026-07-04,REGULAR,33395,18.668329,203029
73999,6,2026-07-04,REGULAR,35981,18.736877,203034
74000,8,2026-07-04,DIESEL,33439,21.433961,203036
74001,8,2026-07-04,REGULAR,33404,18.622251,203037
74038,1,2026-07-04,DIESEL,29943,21.640038,203030
74002,1,2026-07-05,REGULAR,33713,18.898329,203095
74003,1,2026-07-05,REGULAR,33420,18.898329,203109
74039,5,2026-07-05,PREMIUM,31718,21.950973,203082
74058,8,2026-07-06,REGULAR,33455,18.622251,203184
74059,9,2026-07-06,DIESEL,33470,21.640039,203185
74062,9,2026-07-06,REGULAR,33442,18.898329,203186
74065,6,2026-07-06,REGULAR,36023,18.736877,203192
74070,8,2026-07-06,REGULAR,19809,18.622251,203206
74071,8,2026-07-06,REGULAR,10064,18.622251,203205
74079,10,2026-07-06,DIESEL,29943,21.540039,203217
74080,10,2026-07-06,REGULAR,33440,18.736877,203225
74081,10,2026-07-06,PREMIUM,33437,22.420533,203226
74098,7,2026-07-07,REGULAR,20079,18.738329,203260
74099,7,2026-07-07,REGULAR,10204,18.738329,203259
74116,7,2026-07-07,DIESEL,19868,21.485039,203303
74117,7,2026-07-07,DIESEL,10086,21.485039,203302
74118,5,2026-07-07,DIESEL,30960,21.342107,203297
74125,1,2026-07-07,REGULAR,35839,18.898329,203318
74126,4,2026-07-07,REGULAR,33480,18.736877,203319
74131,11,2026-07-07,DIESEL,29940,21.472797,203324
74132,11,2026-07-07,DIESEL,29952,21.472797,203323
74137,2,2026-07-07,REGULAR,33331,18.898329,203321
74138,2,2026-07-07,DIESEL,33433,21.640039,203320
74144,6,2026-07-07,DIESEL,35960,21.540039,203345
74150,5,2026-07-07,REGULAR,15982,18.530398,203353
74152,5,2026-07-07,REGULAR,15984,18.530398,203354
74193,8,2026-07-08,REGULAR,29888,18.622251,203452
74195,8,2026-07-08,DIESEL,29890,21.433961,203451
74196,10,2026-07-08,DIESEL,33340,21.540039,203456
74197,10,2026-07-08,DIESEL,33349,21.540039,203455
74198,9,2026-07-08,REGULAR,10057,18.898329,203453
74199,9,2026-07-08,REGULAR,19832,18.898329,203454
74200,10,2026-07-08,REGULAR,33479,18.736877,203457
74201,6,2026-07-08,REGULAR,35935,18.736877,203458
74236,1,2026-07-09,REGULAR,10098,19.027639,203581
74237,1,2026-07-09,PREMIUM,19933,22.562404,203582
74238,9,2026-07-09,DIESEL,33395,21.907280,203588
74239,5,2026-07-09,REGULAR,31086,18.659708,203572
74256,10,2026-07-09,DIESEL,33378,21.807280,203591
74257,10,2026-07-09,DIESEL,33380,21.807280,203592
74258,10,2026-07-09,PREMIUM,36009,22.420533,203594
74265,10,2026-07-09,REGULAR,29910,18.866187,203618
74266,10,2026-07-09,REGULAR,29928,18.866187,203619
74315,2,2026-07-10,PREMIUM,30034,22.562404,203698
74316,2,2026-07-10,REGULAR,35858,19.113846,203699
74317,1,2026-07-10,DIESEL,33400,21.993487,203703
74318,11,2026-07-10,REGULAR,30002,18.902394,203706
74319,11,2026-07-10,DIESEL,29907,21.826245,203707
74320,2,2026-07-10,DIESEL,10067,21.993487,203708
74321,2,2026-07-10,DIESEL,19830,21.993487,203709
74327,1,2026-07-10,REGULAR,33316,19.113846,203715
74328,6,2026-07-10,REGULAR,35810,18.952394,203719
74330,10,2026-07-10,DIESEL,33390,21.893487,203725
74335,4,2026-07-10,REGULAR,19823,18.952394,203733
74336,4,2026-07-10,PREMIUM,10048,22.420533,203732
74337,6,2026-07-11,REGULAR,36317,18.952394,203774
74338,3,2026-07-11,REGULAR,20012,18.952394,203791
74339,2,2026-07-11,DIESEL,33456,21.993487,203797
74340,3,2026-07-11,REGULAR,10165,18.952394,203790
74341,1,2026-07-11,DIESEL,33350,21.993487,203808
74342,9,2026-07-11,REGULAR,29914,19.113846,203811
74343,12,2026-07-11,REGULAR,33387,18.883846,203813
74344,6,2026-07-11,DIESEL,35807,21.893487,203815
74345,8,2026-07-11,REGULAR,33366,18.837768,203825
74359,5,2026-07-11,DIESEL,31548,21.695556,203760
74417,5,2026-07-12,REGULAR,31700,18.745915,203853
74436,10,2026-07-13,REGULAR,10113,18.952394,203937
74437,10,2026-07-13,REGULAR,19897,18.952394,203938
74438,9,2026-07-13,DIESEL,33335,21.993487,203940
74439,6,2026-07-13,REGULAR,35922,18.952394,203941
74440,8,2026-07-13,REGULAR,29890,18.837768,203943
74441,8,2026-07-13,PREMIUM,29959,22.282878,203942
74442,10,2026-07-13,DIESEL,33319,21.893487,203945
74443,10,2026-07-13,DIESEL,33328,21.893487,203944
74490,1,2026-07-14,REGULAR,10100,19.113846,204053
74491,1,2026-07-14,REGULAR,19865,19.113846,204054
74500,7,2026-07-14,PREMIUM,35834,22.552577,204064
74510,10,2026-07-14,PREMIUM,33358,22.558464,204076
74511,10,2026-07-14,DIESEL,19779,21.979694,204078
74512,10,2026-07-14,DIESEL,10048,21.979694,204077
74513,2,2026-07-14,DIESEL,33386,22.079694,204065
74514,2,2026-07-14,REGULAR,33364,19.113846,204066
74515,9,2026-07-14,REGULAR,29794,19.113846,204082
74516,9,2026-07-14,PREMIUM,29830,22.717577,204081
74544,5,2026-07-15,REGULAR,31656,18.789019,204109
74549,4,2026-07-15,REGULAR,10165,18.995498,204131
74550,4,2026-07-15,REGULAR,20027,18.995498,204132
74551,8,2026-07-15,REGULAR,33435,18.880872,204146
74552,8,2026-07-15,DIESEL,33557,21.873616,204145
74565,4,2026-07-15,DIESEL,33363,21.979694,204166
74566,6,2026-07-15,REGULAR,35946,18.995498,204165
74576,10,2026-07-15,DIESEL,33338,21.979694,204190
74577,10,2026-07-15,DIESEL,33316,21.979694,204189
74602,1,2026-07-16,REGULAR,33572,19.200053,204232
74604,1,2026-07-16,PREMIUM,10162,22.976197,204240
74605,1,2026-07-16,DIESEL,19916,22.079694,204241
74606,3,2026-07-16,REGULAR,33538,19.038601,204253
74607,2,2026-07-16,DIESEL,33386,22.079694,204254
74608,2,2026-07-16,REGULAR,33475,19.200053,204255
74609,5,2026-07-16,PREMIUM,31087,22.718214,204248
74623,9,2026-07-16,REGULAR,29916,19.200053,204256
74624,3,2026-07-16,DIESEL,10064,21.979694,204260
74625,3,2026-07-16,PREMIUM,19838,22.946395,204261
74630,6,2026-07-16,REGULAR,35809,19.038601,204271
74631,11,2026-07-16,DIESEL,33348,21.912452,204273
74632,11,2026-07-16,DIESEL,33355,21.912452,204272
74656,6,2026-07-16,DIESEL,36123,21.979694,204233
74660,10,2026-07-17,REGULAR,36022,19.038601,204354
74667,10,2026-07-17,PREMIUM,33433,22.911912,204356
74668,10,2026-07-17,DIESEL,33395,22.065901,204355
74669,12,2026-07-17,REGULAR,33320,18.970053,204359
74670,1,2026-07-17,REGULAR,29852,19.200053,204363
74671,1,2026-07-17,DIESEL,29899,22.165901,204362
74673,5,2026-07-17,DIESEL,31442,21.867970,204345
74694,11,2026-07-17,PREMIUM,10099,22.861912,204382
74695,11,2026-07-17,REGULAR,19882,18.988601,204383
74696,10,2026-07-17,REGULAR,30021,19.038601,204391
74697,10,2026-07-17,REGULAR,30016,19.038601,204390
74698,9,2026-07-18,DIESEL,33680,22.165901,204420
74699,7,2026-07-18,REGULAR,33746,19.040053,204402
74700,6,2026-07-18,REGULAR,36327,19.038601,204410
74701,8,2026-07-18,REGULAR,30051,18.923975,204422
74702,8,2026-07-18,DIESEL,30174,21.959823,204421
74719,5,2026-07-18,REGULAR,31021,18.832122,204413
74766,6,2026-07-19,DIESEL,31049,22.065901,204480
74777,2,2026-07-19,DIESEL,31010,22.165901,204481
74804,7,2026-07-20,DIESEL,33327,22.010901,204566
74808,10,2026-07-20,REGULAR,29908,19.038601,204567
74809,6,2026-07-20,REGULAR,35863,19.038601,204568
74811,8,2026-07-20,REGULAR,10044,18.923975,204580
74812,8,2026-07-20,REGULAR,19767,18.923975,204581
74813,10,2026-07-20,DIESEL,33319,22.065901,204572
74821,10,2026-07-20,PREMIUM,33365,22.911912,204573
74849,5,2026-07-21,REGULAR,31802,18.832122,204636
74865,2,2026-07-21,REGULAR,33404,19.200053,204673
74881,6,2026-07-21,PREMIUM,10124,22.911912,204679
74882,6,2026-07-21,PREMIUM,19899,22.911912,204680
74883,1,2026-07-21,REGULAR,35872,19.200053,204681
74884,1,2026-07-21,DIESEL,33339,22.165901,204691
74885,9,2026-07-21,REGULAR,29878,19.200053,204688
74886,9,2026-07-21,REGULAR,29850,19.200053,204689
74887,2,2026-07-21,DIESEL,33383,22.165901,204685
74888,2,2026-07-21,DIESEL,33353,22.165901,204686
74920,6,2026-07-22,DIESEL,36127,22.152108,204733
74923,10,2026-07-22,REGULAR,10200,19.038601,204737
74924,10,2026-07-22,REGULAR,20091,19.038601,204738
74932,4,2026-07-22,REGULAR,33812,19.038601,204749
74941,8,2026-07-22,REGULAR,29850,18.923975,204770
74942,8,2026-07-22,DIESEL,29857,22.046030,204769
74943,10,2026-07-22,DIESEL,33335,22.152108,204777
74944,10,2026-07-22,DIESEL,33338,22.152108,204776
74945,6,2026-07-22,REGULAR,35848,19.038601,204789
74963,5,2026-07-22,DIESEL,30836,21.954177,204778
74966,12,2026-07-23,DIESEL,30066,22.092108,204822
74967,12,2026-07-23,REGULAR,30009,18.970053,204823
74968,2,2026-07-23,DIESEL,33577,22.252108,204824
74969,2,2026-07-23,REGULAR,33482,19.200053,204825
74980,9,2026-07-23,REGULAR,19904,19.200053,204838
74981,9,2026-07-23,REGULAR,10118,19.200053,204837
74996,11,2026-07-23,DIESEL,33376,22.084866,204862
74997,10,2026-07-23,REGULAR,33668,19.038601,204861
74998,3,2026-07-23,REGULAR,33480,19.038601,204870
74999,1,2026-07-23,REGULAR,35829,19.200053,204871
75005,5,2026-07-23,REGULAR,30891,18.832122,204864
75017,10,2026-07-23,REGULAR,35786,19.038601,204881
75039,5,2026-07-24,DIESEL,31113,21.954177,204907
75044,9,2026-07-24,DIESEL,10099,22.252108,204942
75045,9,2026-07-24,DIESEL,19866,22.252108,204943
75053,10,2026-07-24,PREMIUM,29958,22.705015,204957
75054,10,2026-07-24,REGULAR,30086,19.038601,204956
75063,10,2026-07-24,DIESEL,33270,22.152108,204960
75064,10,2026-07-24,DIESEL,33292,22.152108,204961
75065,6,2026-07-24,REGULAR,35953,19.038601,204963
75066,10,2026-07-25,DIESEL,33466,21.725383,204984
75067,6,2026-07-25,DIESEL,35935,21.725383,204985
75068,1,2026-07-25,REGULAR,10136,19.200053,205003
75069,1,2026-07-25,REGULAR,19950,19.200053,205004
75070,2,2026-07-25,DIESEL,29894,21.825383,205023
75071,10,2026-07-25,DIESEL,29964,21.725383,205022
75072,8,2026-07-25,REGULAR,33472,18.923975,205025
75073,8,2026-07-25,DIESEL,33414,21.619306,205024
75074,9,2026-07-25,DIESEL,29865,21.825383,205048
75075,10,2026-07-25,REGULAR,10119,19.038601,205043
75076,10,2026-07-25,REGULAR,19886,19.038601,205044
75103,5,2026-07-25,REGULAR,31669,18.832122,204996
75132,6,2026-07-25,REGULAR,35890,19.038601,205050
75144,5,2026-07-26,PREMIUM,31808,21.804421,205137
75152,8,2026-07-27,REGULAR,10127,18.923975,205221
75153,8,2026-07-27,PREMIUM,20050,21.886327,205222
75166,1,2026-07-27,DIESEL,33383,21.825383,205245
75167,7,2026-07-27,REGULAR,35881,19.040053,205244
75168,10,2026-07-27,PREMIUM,29922,22.636050,205253
75169,10,2026-07-27,REGULAR,29947,19.038601,205252
75170,8,2026-07-27,REGULAR,29851,18.923975,205264
75171,11,2026-07-27,DIESEL,33372,21.658142,205263
75180,3,2026-07-27,DIESEL,33405,21.725383,205270
75190,6,2026-07-27,REGULAR,36060,19.038601,205273
75191,9,2026-07-28,REGULAR,33655,19.200053,205315
75192,2,2026-07-28,REGULAR,33643,19.200053,205312
75202,1,2026-07-28,PREMIUM,10207,22.058361,205328
75205,1,2026-07-28,REGULAR,19986,19.200053,205329
75227,5,2026-07-28,REGULAR,31192,18.832122,205320
75230,4,2026-07-28,DIESEL,10107,21.721340,205355
75231,4,2026-07-28,DIESEL,19867,21.721340,205356
75232,12,2026-07-28,PREMIUM,30043,21.928361,205370
75233,12,2026-07-28,REGULAR,29910,18.970053,205371
75234,10,2026-07-28,DIESEL,33403,21.721340,205376
75235,10,2026-07-28,DIESEL,33412,21.721340,205375
75279,9,2026-07-29,REGULAR,29907,19.200053,205489
75280,9,2026-07-29,PREMIUM,30000,22.062404,205488
75281,8,2026-07-29,REGULAR,29861,18.923975,205496
75282,8,2026-07-29,DIESEL,29778,21.619306,205495
75283,4,2026-07-29,REGULAR,33462,19.038601,205499
75284,6,2026-07-29,DIESEL,35736,21.725383,205500
75307,2,2026-07-29,DIESEL,10023,21.825383,205523
75308,2,2026-07-29,DIESEL,19741,21.825383,205524
75313,1,2026-07-30,REGULAR,33628,19.200053,205578
75350,6,2026-07-30,REGULAR,36310,19.038601,205575
75351,3,2026-07-30,REGULAR,33590,19.038601,205598
75352,10,2026-07-30,PREMIUM,29903,22.629985,205613
75353,10,2026-07-30,REGULAR,29986,19.038601,205612
75354,10,2026-07-30,DIESEL,33270,21.915039,205622
75355,10,2026-07-30,DIESEL,33261,21.915039,205621
75356,11,2026-07-30,DIESEL,10025,21.847797,205614
75357,11,2026-07-30,DIESEL,19751,21.847797,205615
75375,9,2026-07-30,DIESEL,35749,22.015039,205634
75384,5,2026-07-30,DIESEL,30794,21.717107,205654
75408,2,2026-07-31,DIESEL,10137,22.015039,205699
75409,2,2026-07-31,DIESEL,19944,22.015039,205700
75410,9,2026-07-31,DIESEL,29824,22.015039,205722
75417,10,2026-07-31,DIESEL,29805,21.915039,205727
75418,10,2026-07-31,REGULAR,30069,19.038601,205726
75419,2,2026-07-31,REGULAR,33341,19.200053,205732
75420,2,2026-07-31,DIESEL,33285,22.015039,205731
75455,5,2026-07-31,REGULAR,16073,18.832122,205752
75457,5,2026-07-31,REGULAR,16066,18.832122,205753
75473,1,2026-08-01,DIESEL,29982,21.834004,205797
75474,1,2026-08-01,REGULAR,30199,19.200053,205798
75475,2,2026-08-01,PREMIUM,19949,22.191714,205803
75476,2,2026-08-01,PREMIUM,10161,22.191714,205802
75477,12,2026-08-01,REGULAR,30106,18.970053,205809
75488,8,2026-08-01,REGULAR,33506,18.923975,205812
75490,8,2026-08-01,DIESEL,33447,21.627926,205811
75491,6,2026-08-01,REGULAR,36301,19.038601,205808
75492,9,2026-08-01,REGULAR,10080,19.200053,205832
75493,9,2026-08-01,REGULAR,19797,19.200053,205833
75494,10,2026-08-01,PREMIUM,29924,22.629985,205842
75495,10,2026-08-01,REGULAR,29954,19.038601,205841
75496,6,2026-08-01,DIESEL,35778,21.734004,205859
75570,8,2026-08-03,REGULAR,29835,18.923975,206002
75571,6,2026-08-03,REGULAR,36045,19.038601,206006
75572,10,2026-08-03,DIESEL,29841,21.734004,206010
75573,10,2026-08-03,DIESEL,29852,21.734004,206009
75576,5,2026-08-03,REGULAR,30889,18.832122,205999
75599,1,2026-08-03,DIESEL,10051,21.834004,206037
75600,1,2026-08-03,DIESEL,19789,21.834004,206038
75601,7,2026-08-04,REGULAR,10159,18.867639,206057
75602,7,2026-08-04,DIESEL,19962,21.381146,206058
75603,4,2026-08-04,REGULAR,19997,18.866187,206095
75604,4,2026-08-04,PREMIUM,10139,22.457571,206094
75654,2,2026-08-04,REGULAR,33315,19.027639,206111
75655,2,2026-08-04,DIESEL,33369,21.536146,206110
75656,9,2026-08-04,REGULAR,29821,19.027639,206118
75657,11,2026-08-04,REGULAR,29936,18.816187,206117
75658,6,2026-08-04,REGULAR,35894,18.866187,206125
75659,10,2026-08-04,DIESEL,33370,21.436146,206152
75660,10,2026-08-04,REGULAR,33419,18.866187,206153
75668,5,2026-08-04,PREMIUM,30876,21.933731,206151
75698,5,2026-08-05,DIESEL,31506,21.108915,206204
75700,6,2026-08-05,REGULAR,36205,18.736887,206229
75710,2,2026-08-05,REGULAR,33352,18.833385,206254
75711,2,2026-08-05,DIESEL,33339,21.406845,206253
75712,8,2026-08-05,REGULAR,29860,18.557307,206258
75713,8,2026-08-05,DIESEL,29862,21.200768,206257
75723,6,2026-08-05,DIESEL,35835,21.306845,206282
75724,1,2026-08-05,REGULAR,19740,18.833385,206280
75725,1,2026-08-05,REGULAR,10025,18.833385,206279
75726,9,2026-08-05,DIESEL,33359,21.406845,206286
75727,10,2026-08-05,PREMIUM,33343,22.095512,206285
75742,10,2026-08-05,REGULAR,19984,18.736887,206303
75743,10,2026-08-05,REGULAR,10131,18.736887,206302
75762,6,2026-08-06,PREMIUM,35986,22.095512,206390
75763,12,2026-08-06,REGULAR,29936,18.478385,206389
75773,10,2026-08-06,REGULAR,29962,18.594645,206399
75775,10,2026-08-06,DIESEL,29883,21.306845,206398
75784,10,2026-08-06,DIESEL,33361,21.306845,206401
75785,10,2026-08-06,DIESEL,33363,21.306845,206400
75790,11,2026-08-06,REGULAR,19856,18.544645,206422
75791,11,2026-08-06,DIESEL,10063,21.239604,206421
75823,5,2026-08-06,REGULAR,30882,18.340454,206406
75825,2,2026-08-07,DIESEL,33485,21.406845,206472
75826,12,2026-08-07,DIESEL,10099,21.246845,206475
75827,12,2026-08-07,DIESEL,19867,21.246845,206476
75828,3,2026-08-07,REGULAR,33613,18.594645,206511
75845,6,2026-08-07,REGULAR,35932,18.594645,206530
75848,10,2026-08-07,DIESEL,33356,21.306845,206543
75849,9,2026-08-07,REGULAR,29839,18.708385,206540
75862,10,2026-08-08,PREMIUM,33815,22.437439,206620
75863,10,2026-08-08,REGULAR,33833,18.943902,206619
75864,8,2026-08-08,REGULAR,30210,18.642212,206617
75865,8,2026-08-08,REGULAR,30042,18.642212,206618
75866,1,2026-08-08,DIESEL,36004,21.665466,206621
75867,1,2026-08-08,REGULAR,10136,18.918289,206622
75868,1,2026-08-08,REGULAR,19911,18.918289,206623
75869,2,2026-08-08,DIESEL,33464,21.665466,206629
75870,4,2026-08-08,REGULAR,30008,18.943902,206662
75889,8,2026-08-08,DIESEL,29896,21.459389,206671
75890,9,2026-08-08,DIESEL,10072,21.665466,206676
75891,9,2026-08-08,DIESEL,19824,21.665466,206677
75966,5,2026-08-08,DIESEL,31428,21.367535,206655
75959,5,2026-08-09,REGULAR,31560,18.550358,206765
75984,2,2026-08-10,REGULAR,33352,18.918289,206832
75985,2,2026-08-10,DIESEL,33366,21.665466,206831
75986,3,2026-08-10,DIESEL,33383,21.565466,206835
75987,6,2026-08-10,DIESEL,35875,21.565466,206841
75988,8,2026-08-10,REGULAR,29868,18.642212,206839
75989,1,2026-08-10,DIESEL,29893,21.665466,206840
75990,1,2026-08-10,REGULAR,10056,18.918289,206844
75991,1,2026-08-10,PREMIUM,19811,22.406872,206845
75994,10,2026-08-10,DIESEL,33427,21.565466,206872
75999,10,2026-08-10,DIESEL,33477,21.565466,206871
76002,11,2026-08-10,DIESEL,19848,21.498225,206874
76005,11,2026-08-10,PREMIUM,10119,22.387439,206873
76018,6,2026-08-10,REGULAR,36143,18.943902,206885
76026,4,2026-08-11,DIESEL,33556,22.039604,206896
76027,6,2026-08-11,REGULAR,36277,19.030109,206897
76028,7,2026-08-11,DIESEL,10131,21.984604,206921
76029,7,2026-08-11,REGULAR,19957,19.016910,206922
76045,5,2026-08-11,REGULAR,30970,18.808979,206947
76061,9,2026-08-11,REGULAR,29907,19.176910,206959
76062,9,2026-08-11,DIESEL,29937,22.139604,206958
76066,10,2026-08-11,REGULAR,33341,19.030109,206965
76067,10,2026-08-11,DIESEL,33336,22.039604,206964
76073,2,2026-08-11,DIESEL,33473,22.139604,206956
76074,2,2026-08-11,REGULAR,33412,19.176910,206957
76104,5,2026-08-12,DIESEL,31537,21.927880,207014
76106,1,2026-08-12,REGULAR,10104,19.176910,207034
76107,1,2026-08-12,REGULAR,19883,19.176910,207035
76108,10,2026-08-12,PREMIUM,33466,22.437439,207042
76109,10,2026-08-12,DIESEL,33409,22.125811,207041
76110,8,2026-08-12,REGULAR,29985,18.900832,207038
76111,8,2026-08-12,DIESEL,29953,22.019733,207037
76112,12,2026-08-12,REGULAR,33442,18.946910,207044
76113,6,2026-08-12,REGULAR,36007,19.030109,207046
76135,9,2026-08-13,DIESEL,30130,22.225811,207101
76137,9,2026-08-13,REGULAR,30152,19.176910,207102
76149,3,2026-08-13,PREMIUM,10198,22.437439,207103
76150,3,2026-08-13,REGULAR,20064,19.030109,207104
76151,2,2026-08-13,REGULAR,33661,19.176910,207106
76152,2,2026-08-13,DIESEL,33561,22.225811,207105
76158,5,2026-08-13,PREMIUM,31326,22.235096,207092
76163,6,2026-08-13,DIESEL,35921,22.125811,207126
76171,10,2026-08-13,REGULAR,33385,19.030109,207132
76172,10,2026-08-13,DIESEL,33393,22.125811,207131
76175,11,2026-08-13,REGULAR,29822,18.980109,207138
76176,11,2026-08-13,DIESEL,29864,22.058570,207139
76197,5,2026-08-14,REGULAR,31576,18.808979,207168
76201,8,2026-08-14,PREMIUM,10181,22.179071,207182
76202,8,2026-08-14,PREMIUM,19977,22.179071,207183
76203,6,2026-08-14,REGULAR,35995,19.030109,207203
76223,10,2026-08-14,REGULAR,33450,19.030109,207212
76224,10,2026-08-14,DIESEL,33437,22.125811,207211
76225,9,2026-08-14,PREMIUM,29929,22.355148,207209
76226,1,2026-08-14,DIESEL,29934,22.225811,207210
76227,1,2026-08-15,REGULAR,10132,19.176910,207259
76228,1,2026-08-15,REGULAR,19875,19.176910,207260
76229,2,2026-08-15,DIESEL,33574,22.120964,207273
76230,10,2026-08-15,REGULAR,19985,19.030242,207290
76271,6,2026-08-15,REGULAR,36177,19.030242,207293
76272,10,2026-08-15,REGULAR,7816,19.030241,207289
76273,9,2026-08-15,REGULAR,29864,19.176910,207304
76274,10,2026-08-15,PREMIUM,33541,22.273646,207303
76279,8,2026-08-15,REGULAR,29860,18.900832,207307
76280,8,2026-08-15,DIESEL,29894,21.914887,207306
76309,5,2026-08-16,REGULAR,30878,18.808979,207371
76320,9,2026-08-17,REGULAR,30154,19.176910,207396
76321,9,2026-08-17,DIESEL,30139,22.120964,207395
76322,10,2026-08-17,REGULAR,33837,19.030242,207399
76323,10,2026-08-17,DIESEL,33564,22.020964,207398
76341,11,2026-08-17,PREMIUM,10125,22.223646,207420
76342,11,2026-08-17,DIESEL,19843,21.953723,207421
76343,6,2026-08-17,DIESEL,35870,22.020964,207422
76344,7,2026-08-17,DIESEL,29880,21.965964,207425
76347,8,2026-08-17,REGULAR,29771,18.900832,207443
76348,8,2026-08-17,REGULAR,29768,18.900832,207442
76349,4,2026-08-17,REGULAR,33388,19.030242,207441
76391,5,2026-08-17,DIESEL,30868,21.823033,207428
76389,1,2026-08-18,PREMIUM,20083,22.656748,207480
76390,1,2026-08-18,DIESEL,10117,22.224011,207479
76403,6,2026-08-18,REGULAR,36179,19.030242,207501
76404,12,2026-08-18,REGULAR,33404,18.946910,207502
76410,2,2026-08-18,REGULAR,29885,19.176910,207509
76411,2,2026-08-18,DIESEL,29910,22.224011,207508
76416,7,2026-08-18,REGULAR,29801,19.016910,207520
76417,10,2026-08-18,DIESEL,33338,22.124011,207522
76418,10,2026-08-18,DIESEL,33345,22.124011,207523
76419,1,2026-08-19,REGULAR,10096,19.176910,207589
76420,1,2026-08-19,REGULAR,19856,19.176910,207590
76429,10,2026-08-19,PREMIUM,33463,22.575370,207599
76430,10,2026-08-19,DIESEL,33364,22.124413,207598
76433,10,2026-08-19,REGULAR,33412,19.030242,207600
76449,5,2026-08-19,REGULAR,31702,18.808979,207541
76470,6,2026-08-19,REGULAR,35938,19.030241,207588
76502,8,2026-08-19,REGULAR,30019,18.900832,207620
76503,8,2026-08-19,DIESEL,29966,22.018335,207619
76528,9,2026-08-20,DIESEL,30058,22.224413,207655
76529,9,2026-08-20,REGULAR,29997,19.176910,207656
76530,11,2026-08-20,REGULAR,33735,18.980242,207658
76531,11,2026-08-20,DIESEL,33480,22.057171,207659
76532,2,2026-08-20,DIESEL,35971,22.224413,207660
76541,2,2026-08-20,DIESEL,35861,22.224413,207676
76542,3,2026-08-20,DIESEL,33384,22.124413,207673
76551,1,2026-08-20,DIESEL,10064,22.224413,207684
76552,1,2026-08-20,DIESEL,19823,22.224413,207685
76559,10,2026-08-20,REGULAR,30012,19.030242,207697
76560,10,2026-08-20,DIESEL,29957,22.124413,207696
76601,2,2026-08-21,REGULAR,33436,19.176910,207764
76602,4,2026-08-21,REGULAR,30013,19.030242,207771
76603,6,2026-08-21,DIESEL,35888,22.124413,207772
76604,1,2026-08-21,REGULAR,10082,19.176910,207773
76605,1,2026-08-21,REGULAR,19829,19.176910,207774
76606,10,2026-08-21,DIESEL,33391,22.124413,207777
76607,10,2026-08-21,REGULAR,33426,19.030242,207778
76615,5,2026-08-21,PREMIUM,30903,22.347999,207770
76661,6,2026-08-22,REGULAR,36160,19.030241,207831
76662,2,2026-08-22,DIESEL,33420,22.138206,207846
76663,1,2026-08-22,DIESEL,29937,22.138206,207847
76664,1,2026-08-22,REGULAR,29919,19.176910,207848
76665,8,2026-08-22,REGULAR,29888,18.900832,207853
76666,8,2026-08-22,DIESEL,29915,21.932128,207852
76667,9,2026-08-22,DIESEL,10085,22.138206,207850
76668,9,2026-08-22,DIESEL,19848,22.138206,207851
76669,9,2026-08-22,REGULAR,33332,19.176910,207860
76677,5,2026-08-22,REGULAR,31375,18.808979,207854
76682,10,2026-08-22,PREMIUM,33335,22.662656,207864
76683,10,2026-08-22,DIESEL,33363,22.038206,207863
76685,6,2026-08-22,REGULAR,35801,19.030241,207867
76708,5,2026-08-23,DIESEL,31453,21.840275,207916
76721,4,2026-08-24,DIESEL,33482,22.038206,207971
76722,11,2026-08-24,REGULAR,10117,18.980242,207969
76723,11,2026-08-24,DIESEL,19894,21.970964,207970
76726,8,2026-08-24,REGULAR,29985,18.900832,207983
76727,8,2026-08-24,REGULAR,29979,18.900832,207982
76755,10,2026-08-24,REGULAR,33644,19.030242,207988
76756,10,2026-08-24,DIESEL,33538,22.038206,207987
76783,6,2026-08-25,REGULAR,20206,19.030242,208015
76784,6,2026-08-25,REGULAR,10252,19.030242,208014
76797,6,2026-08-25,PREMIUM,36063,22.662656,208057
76798,2,2026-08-25,REGULAR,29978,19.176910,208066
76799,2,2026-08-25,DIESEL,29958,21.788734,208065
76802,7,2026-08-25,DIESEL,29943,21.633734,208067
76814,5,2026-08-25,REGULAR,31067,18.808979,208056
76822,12,2026-08-25,REGULAR,10075,18.946910,208082
76823,12,2026-08-25,REGULAR,19835,18.946910,208083
76824,9,2026-08-25,REGULAR,29922,19.176910,208092
76825,9,2026-08-25,DIESEL,29927,21.788734,208091
76826,10,2026-08-25,REGULAR,33473,19.030242,208094
76827,10,2026-08-25,DIESEL,33431,21.688734,208093
76837,6,2026-08-25,DIESEL,35957,21.688734,208097
76860,1,2026-08-25,REGULAR,20080,19.176910,208007
76861,1,2026-08-25,DIESEL,10123,21.788734,208006
76845,4,2026-08-26,REGULAR,33797,19.030242,208123
76866,1,2026-08-26,DIESEL,29936,21.788734,208170
76867,1,2026-08-26,REGULAR,29911,19.176910,208171
76868,2,2026-08-26,PREMIUM,33425,22.735292,208172
76869,7,2026-08-26,PREMIUM,10087,22.570292,208166
76870,7,2026-08-26,REGULAR,19855,19.016910,208167
76871,6,2026-08-26,REGULAR,35898,19.030242,208178
76873,5,2026-08-26,DIESEL,31503,21.490803,208141
76878,10,2026-08-26,REGULAR,33303,19.030242,208186
76879,10,2026-08-26,DIESEL,33364,21.688734,208185
76880,8,2026-08-26,REGULAR,29794,18.900832,208195
76881,8,2026-08-26,DIESEL,29912,21.582657,208194
76886,12,2026-08-26,DIESEL,10070,21.628734,208200
76887,12,2026-08-26,DIESEL,19842,21.628734,208201
76916,3,2026-08-27,REGULAR,33534,19.030242,208278
76943,9,2026-08-27,REGULAR,29925,19.176910,208291
76944,9,2026-08-27,DIESEL,29973,21.788734,208290
76947,2,2026-08-27,DIESEL,10095,21.788734,208288
76948,2,2026-08-27,DIESEL,19863,21.788734,208289
76949,11,2026-08-27,DIESEL,33420,21.621493,208295
76950,10,2026-08-27,PREMIUM,33466,22.662656,208294
76951,11,2026-08-27,PREMIUM,10070,22.612656,208306
76952,11,2026-08-27,REGULAR,19817,18.980242,208307
76969,6,2026-08-27,REGULAR,35858,19.030242,208321
77008,12,2026-08-28,PREMIUM,19874,22.605292,208393
77009,12,2026-08-28,PREMIUM,10099,22.605292,208392
77010,6,2026-08-28,DIESEL,35877,21.688734,208395
77011,10,2026-08-28,DIESEL,29928,21.688734,208399
77012,10,2026-08-28,DIESEL,29911,21.688734,208398
77013,2,2026-08-28,REGULAR,33326,19.176910,208397
77014,2,2026-08-28,DIESEL,33394,21.788734,208396
77018,5,2026-08-28,REGULAR,30951,18.808979,208390
77064,10,2026-08-28,DIESEL,33432,21.688734,208426
77065,10,2026-08-28,REGULAR,33365,19.030242,208427
77066,1,2026-08-29,DIESEL,30099,21.788734,208487
77067,1,2026-08-29,REGULAR,30070,19.176910,208488
77068,8,2026-08-29,DIESEL,30094,21.582657,208494
77069,8,2026-08-29,REGULAR,30011,18.900832,208495
77070,2,2026-08-29,DIESEL,35946,21.788734,208510
77071,10,2026-08-29,DIESEL,29934,21.688734,208519
77072,10,2026-08-29,REGULAR,29967,19.030242,208518
77073,6,2026-08-29,REGULAR,35920,19.030242,208524
77103,5,2026-08-29,PREMIUM,31084,22.563516,208546
77109,12,2026-08-30,REGULAR,36139,18.946910,208589
77110,9,2026-08-30,REGULAR,29910,19.176910,208602
77113,5,2026-08-30,REGULAR,31051,18.808979,208594
77144,6,2026-08-31,REGULAR,33465,19.030242,208670
77145,10,2026-08-31,PREMIUM,35945,22.748863,208671
77146,9,2026-08-31,PREMIUM,29905,22.821499,208677
77147,9,2026-08-31,DIESEL,29943,21.788734,208676
77149,8,2026-08-31,REGULAR,29889,18.900832,208692
77150,8,2026-08-31,PREMIUM,29943,22.645421,208691
77202,7,2026-09-01,REGULAR,29883,19.016910,208792
77203,6,2026-09-01,DIESEL,35968,21.861148,208790
77216,2,2026-09-01,REGULAR,33333,19.176910,208797
77217,2,2026-09-01,DIESEL,33477,21.961148,208796
77229,1,2026-09-01,REGULAR,29883,19.176910,208804
77230,1,2026-09-01,DIESEL,29966,21.961148,208803
77236,5,2026-09-01,DIESEL,30972,21.663217,208791
77243,10,2026-09-01,REGULAR,33452,19.030242,208812
77244,10,2026-09-01,DIESEL,33490,21.861148,208811
77248,3,2026-09-01,REGULAR,33459,19.030242,208813
77249,11,2026-09-01,DIESEL,30035,21.793907,208821
77250,9,2026-09-01,REGULAR,30024,19.176910,208822
77307,4,2026-09-02,REGULAR,33467,19.030242,208887
77308,6,2026-09-02,REGULAR,35955,19.030242,208888
77309,10,2026-09-02,DIESEL,33472,22.128389,208891
77310,10,2026-09-02,REGULAR,33381,19.030242,208892
77311,8,2026-09-02,DIESEL,29943,22.022312,208895
77312,8,2026-09-02,REGULAR,29851,18.900832,208896
77315,5,2026-09-02,REGULAR,30883,18.808979,208890
77361,9,2026-09-03,DIESEL,30037,22.228389,208956
77362,9,2026-09-03,REGULAR,30067,19.176910,208957
77363,1,2026-09-03,REGULAR,33490,19.176910,208960
77373,10,2026-09-03,DIESEL,33490,22.128389,208962
77374,10,2026-09-03,DIESEL,33504,22.128389,208961
77376,7,2026-09-03,DIESEL,35964,22.073389,208987
77377,12,2026-09-03,REGULAR,33353,18.946910,208985
77391,6,2026-09-03,REGULAR,35768,19.030242,208999
77392,2,2026-09-03,DIESEL,29910,22.228389,209001
77393,2,2026-09-03,REGULAR,29879,19.176910,209002
77394,10,2026-09-03,PREMIUM,33523,23.183206,209005
77410,2,2026-09-04,DIESEL,36013,22.228389,209047
77411,3,2026-09-04,REGULAR,33522,19.030242,209048
77412,10,2026-09-04,REGULAR,33451,19.030242,209052
77413,10,2026-09-04,REGULAR,33427,19.030242,209053
77414,11,2026-09-04,PREMIUM,30006,23.258206,209054
77415,11,2026-09-04,DIESEL,29972,22.061148,209055
77427,6,2026-09-04,REGULAR,33342,19.030242,209067
77428,1,2026-09-05,REGULAR,30065,19.176910,209124
77429,1,2026-09-05,DIESEL,30078,21.886303,209123
77430,8,2026-09-05,REGULAR,30080,18.900832,209126
77431,8,2026-09-05,DIESEL,30072,21.680226,209125
77432,6,2026-09-05,DIESEL,29932,21.786303,209134
77433,10,2026-09-05,PREMIUM,35787,22.997489,209135
77460,9,2026-09-05,REGULAR,29810,19.176910,209143
77461,9,2026-09-05,DIESEL,29916,21.886303,209142
77462,10,2026-09-05,DIESEL,33344,21.786303,209153
77463,10,2026-09-05,DIESEL,33345,21.786303,209152
77504,5,2026-09-05,REGULAR,31113,18.808979,209178
77532,5,2026-09-06,DIESEL,31436,21.588372,209236
77544,6,2026-09-07,REGULAR,36029,19.030242,209285
77545,3,2026-09-07,PREMIUM,29948,22.997489,209291
77546,1,2026-09-07,PREMIUM,29976,22.844649,209298
77547,1,2026-09-07,DIESEL,29936,21.886303,209297
77551,10,2026-09-07,DIESEL,33411,21.786303,209301
77552,10,2026-09-07,DIESEL,33427,21.786303,209300
77561,10,2026-09-07,REGULAR,36044,19.030242,209313
77562,8,2026-09-07,REGULAR,29991,18.900832,209319
77563,8,2026-09-07,REGULAR,30027,18.900832,209318
77566,5,2026-09-07,PREMIUM,31015,22.586666,209324
77577,5,2026-09-08,REGULAR,31697,18.808979,209328
77583,4,2026-09-08,REGULAR,33480,19.030242,209375
77584,7,2026-09-08,PREMIUM,29902,22.679649,209392
77585,7,2026-09-08,REGULAR,29898,19.016910,209391
77586,10,2026-09-08,REGULAR,33427,19.030242,209384
77587,2,2026-09-08,DIESEL,33400,21.886303,209383
77595,2,2026-09-08,REGULAR,33427,19.176910,209384
77597,12,2026-09-08,REGULAR,33359,18.946910,209395
77600,10,2026-09-08,REGULAR,33339,19.030242,209423
77602,10,2026-09-08,DIESEL,33392,21.786303,209422
77607,9,2026-09-08,REGULAR,29802,19.176910,209428
77608,9,2026-09-08,DIESEL,29891,21.886303,209427
77611,6,2026-09-08,REGULAR,35802,19.030242,209426
77635,8,2026-09-09,REGULAR,29880,18.900832,209525
77636,8,2026-09-09,DIESEL,29946,21.680226,209524
77637,11,2026-09-09,DIESEL,33349,21.719062,209523
77638,11,2026-09-09,REGULAR,33493,18.980242,209522
77639,1,2026-09-09,REGULAR,29877,19.176910,209521
77640,6,2026-09-09,DIESEL,35904,21.786303,209520
77654,3,2026-09-09,DIESEL,33422,21.786303,209544
77692,9,2026-09-10,REGULAR,29979,19.176910,209627
77693,9,2026-09-10,DIESEL,30018,22.185286,209626
77694,2,2026-09-10,REGULAR,33490,19.176910,209625
77695,2,2026-09-10,DIESEL,33539,22.185286,209624
77699,4,2026-09-10,DIESEL,33451,22.085286,209633
77708,10,2026-09-10,DIESEL,33321,22.085286,209643
77709,10,2026-09-10,DIESEL,33330,22.085286,209644
77710,6,2026-09-10,REGULAR,35832,19.030242,209660
77711,10,2026-09-10,PREMIUM,29868,23.014730,209662
77712,10,2026-09-10,REGULAR,29861,19.030242,209661
77739,5,2026-09-10,REGULAR,31158,18.808979,209612
77741,8,2026-09-11,REGULAR,30043,18.903772,209702
77742,8,2026-09-11,DIESEL,30054,21.979208,209701
77757,5,2026-09-12,DIESEL,31508,21.737255,209716
77761,10,2026-09-12,REGULAR,33657,19.034211,209752
77762,10,2026-09-12,DIESEL,33289,21.935186,209751
77763,2,2026-09-12,DIESEL,33363,22.035186,209753
77764,6,2026-09-12,PREMIUM,36017,22.896227,209756
77765,9,2026-09-12,REGULAR,29956,19.179849,209758
77766,6,2026-09-12,DIESEL,33297,21.935186,209789
77767,6,2026-09-12,REGULAR,35813,19.034211,209797
77789,12,2026-09-12,REGULAR,30848,18.949850,209790
77820,9,2026-09-12,PREMIUM,30079,22.834335,209808
77823,9,2026-09-12,DIESEL,29976,22.035186,209807
77853,10,2026-09-12,DIESEL,33297,21.935186,209789
77829,5,2026-09-13,REGULAR,31532,18.811919,209863
77832,1,2026-09-14,DIESEL,29885,22.035186,209924
77833,1,2026-09-14,REGULAR,29934,19.179849,209925
77834,2,2026-09-14,DIESEL,33273,22.035186,209932
77835,2,2026-09-14,DIESEL,33289,22.035186,209931
77836,10,2026-09-14,PREMIUM,33410,22.896227,209930
77837,6,2026-09-14,REGULAR,35935,19.034211,209927
77869,10,2026-09-14,DIESEL,33372,21.935186,209965
77870,10,2026-09-14,DIESEL,33378,21.935186,209964
77871,8,2026-09-14,REGULAR,29958,18.903772,209973
77872,8,2026-09-14,DIESEL,29881,21.829108,209972
78145,8,2026-09-14,DIESEL,29891,21.829108,209972
77907,9,2026-09-15,REGULAR,29778,19.179849,210044
77908,2,2026-09-15,REGULAR,29774,19.179849,210045
77909,8,2026-09-15,REGULAR,29789,18.903772,210047
77910,9,2026-09-15,DIESEL,29886,22.035186,210050
77911,6,2026-09-15,REGULAR,35856,19.034211,210051
77925,5,2026-09-16,PREMIUM,31209,22.622622,210073
77927,2,2026-09-16,DIESEL,29880,22.035186,210089
77928,8,2026-09-16,DIESEL,29912,21.829108,210088
77929,10,2026-09-16,REGULAR,33528,19.120418,210092
77930,10,2026-09-16,DIESEL,33358,21.935186,210091
77931,12,2026-09-16,REGULAR,29997,19.036056,210090
77932,11,2026-09-16,REGULAR,33385,19.070418,210099
77933,6,2026-09-16,DIESEL,31689,21.935186,210064
77962,5,2026-09-17,REGULAR,31442,18.898125,210156
77967,10,2026-09-17,PREMIUM,33511,22.967832,210170
77968,10,2026-09-17,REGULAR,33537,19.120418,210169
77969,3,2026-09-17,REGULAR,33454,19.120418,210172
77973,6,2026-09-17,REGULAR,35950,19.120418,210171
77974,9,2026-09-17,REGULAR,29937,19.266056,210176
77975,9,2026-09-17,DIESEL,29921,22.035186,210175
77984,10,2026-09-17,DIESEL,33402,21.935186,210205
77985,2,2026-09-17,REGULAR,29934,19.266056,210206
77986,1,2026-09-17,REGULAR,29934,19.266056,210206
77988,12,2026-09-17,DIESEL,30895,21.875186,210196
78025,1,2026-09-17,REGULAR,29934,19.266056,210206
78146,1,2026-09-17,REGULAR,29934,19.266056,210206
78026,6,2026-09-18,DIESEL,35929,21.935186,210256
78027,11,2026-09-18,DIESEL,33394,21.867945,210259
78028,10,2026-09-18,REGULAR,33464,19.120418,210258
78041,1,2026-09-18,REGULAR,29795,19.266056,210285
78042,10,2026-09-18,PREMIUM,29834,22.967832,210284
78043,6,2026-09-18,REGULAR,35817,19.120418,210286
78060,1,2026-09-19,DIESEL,29880,20.821957,210329
78061,8,2026-09-19,REGULAR,33393,18.989979,210331
78062,8,2026-09-19,PREMIUM,33515,22.704527,210330
78063,6,2026-09-19,REGULAR,36108,19.120418,210332
78064,4,2026-09-19,REGULAR,33348,19.120418,210363
78074,9,2026-09-19,DIESEL,29888,20.821957,210364
78100,10,2026-09-19,DIESEL,29903,20.721957,210368
78105,12,2026-09-19,REGULAR,30964,19.036056,210369
78113,2,2026-09-20,REGULAR,29789,19.266056,210414
78114,2,2026-09-20,DIESEL,29929,20.821957,210413
78115,9,2026-09-20,REGULAR,29857,19.266056,210411
78116,1,2026-09-20,REGULAR,29791,19.266056,210412
78127,10,2026-09-20,REGULAR,33249,19.120418,210420
78128,5,2026-09-20,REGULAR,30763,18.898125,210417
78154,2,2026-09-21,PREMIUM,29933,22.880604,210471
78162,10,2026-09-21,REGULAR,33360,19.120418,210475
78170,10,2026-09-21,PREMIUM,33286,22.822202,210478
78171,4,2026-09-21,PREMIUM,29856,22.822202,210472
78219,1,2026-09-21,DIESEL,29829,21.448613,210473
78220,6,2026-09-21,DIESEL,35788,20.377129,210476
78221,10,2026-09-21,DIESEL,33380,20.377129,210474
78287,6,2026-09-21,DIESEL,35788,21.348613,210476
78288,10,2026-09-21,DIESEL,33380,21.348613,210474
78192,8,2026-09-22,DIESEL,30132,21.673665,210525
78193,8,2026-09-22,REGULAR,29894,18.989979,210526
78194,11,2026-09-22,DIESEL,29942,21.712501,210532
78195,11,2026-09-22,PREMIUM,30066,22.772202,210531
78206,12,2026-09-22,REGULAR,30910,19.036056,210524
78208,2,2026-09-22,DIESEL,33415,21.879743,210540
78212,6,2026-09-22,REGULAR,35818,19.120418,210555
78213,10,2026-09-22,REGULAR,33321,19.120418,210559
78214,10,2026-09-22,DIESEL,33367,21.779743,210558
78224,9,2026-09-22,DIESEL,29894,21.879743,210564
78262,2,2026-09-22,REGULAR,33297,19.266056,210549
78263,2,2026-09-23,DIESEL,33490,21.879743,210622
78264,4,2026-09-23,REGULAR,33428,19.120418,210639
78274,10,2026-09-23,DIESEL,33404,21.779743,210650
78275,11,2026-09-23,DIESEL,29924,21.712501,210651
78293,5,2026-09-23,REGULAR,31363,18.898125,210662
78295,5,2026-09-23,DIESEL,30861,21.581812,210663
